signature,timestamp,from,to,amount_sol,type,status
3NqNdDkRGJMmrBXXzgVCQoKjCseUCexakoERDWqU939Utvzv7ciDRgKUVZBfwuhHeY11K5Mk7K6MHbHkrpTwp6a,2026-01-22T22:44:11.000Z,AF4jW3tHUQTgcPVPhpkgKbDr8fWeD87CG3J4dLXC1Qfn,55ZNPyNU8rPoin41G5mkYugi1nAvWC1YSaGh7zMW92Gi,0.00203928,SOL,success
3NqNdDkRGJMmrBXXzgVCQoKjCseUCexakoERDWqU939Utvzv7ciDRgKUVZBfwuhHeY11K5Mk7K6MHbHkrpTwp6a,2026-01-22T22:44:11.000Z,AF4jW3tHUQTgcPVPhpkgKbDr8fWeD87CG3J4dLXC1Qfn,6HRgJMRmjaj2svP9GpRbUU5TPzLAHnBW3sHgYVbirWYE,0.000006,SOL,success
3NqNdDkRGJMmrBXXzgVCQoKjCseUCexakoERDWqU939Utvzv7ciDRgKUVZBfwuhHeY11K5Mk7K6MHbHkrpTwp6a,2026-01-22T22:44:11.000Z,55ZNPyNU8rPoin41G5mkYugi1nAvWC1YSaGh7zMW92Gi,AF4jW3tHUQTgcPVPhpkgKbDr8fWeD87CG3J4dLXC1Qfn,0.013327245,SOL,success
3NqNdDkRGJMmrBXXzgVCQoKjCseUCexakoERDWqU939Utvzv7ciDRgKUVZBfwuhHeY11K5Mk7K6MHbHkrpTwp6a,2026-01-22T22:44:11.000Z,AF4jW3tHUQTgcPVPhpkgKbDr8fWeD87CG3J4dLXC1Qfn,ARu4n5mFdZogZAravu7CcizaojWnS6oqka37gdLT5SZn,517481.078951,TOKEN,success
3NqNdDkRGJMmrBXXzgVCQoKjCseUCexakoERDWqU939Utvzv7ciDRgKUVZBfwuhHeY11K5Mk7K6MHbHkrpTwp6a,2026-01-22T22:44:11.000Z,ARu4n5mFdZogZAravu7CcizaojWnS6oqka37gdLT5SZn,8psNvWTrdNTiVRNzAgsou9kETXNJm2SXZyaKuJraVRtf,4398.589171,TOKEN,success
3NqNdDkRGJMmrBXXzgVCQoKjCseUCexakoERDWqU939Utvzv7ciDRgKUVZBfwuhHeY11K5Mk7K6MHbHkrpTwp6a,2026-01-22T22:44:11.000Z,ARu4n5mFdZogZAravu7CcizaojWnS6oqka37gdLT5SZn,3UDRUc4RHo7o9nYcuNWZvkckPT48TiGZd4tEm6tqx33m,513082.48978,TOKEN,success
3NqNdDkRGJMmrBXXzgVCQoKjCseUCexakoERDWqU939Utvzv7ciDRgKUVZBfwuhHeY11K5Mk7K6MHbHkrpTwp6a,2026-01-22T22:44:11.000Z,3UDRUc4RHo7o9nYcuNWZvkckPT48TiGZd4tEm6tqx33m,ARu4n5mFdZogZAravu7CcizaojWnS6oqka37gdLT5SZn,0.011287965,TOKEN,success
3NqNdDkRGJMmrBXXzgVCQoKjCseUCexakoERDWqU939Utvzv7ciDRgKUVZBfwuhHeY11K5Mk7K6MHbHkrpTwp6a,2026-01-22T22:44:11.000Z,3UDRUc4RHo7o9nYcuNWZvkckPT48TiGZd4tEm6tqx33m,62qc2CNXwrYqQScmEdiZFFAnJR262PxWEuNQtxfafNgV,0.000106307,TOKEN,success
3NqNdDkRGJMmrBXXzgVCQoKjCseUCexakoERDWqU939Utvzv7ciDRgKUVZBfwuhHeY11K5Mk7K6MHbHkrpTwp6a,2026-01-22T22:44:11.000Z,3UDRUc4RHo7o9nYcuNWZvkckPT48TiGZd4tEm6tqx33m,6P3xzFnXzk2VM6GS6bGQdwzrqv2rjiZggQQT7ACnWfYo,0.000034293,TOKEN,success
3NqNdDkRGJMmrBXXzgVCQoKjCseUCexakoERDWqU939Utvzv7ciDRgKUVZBfwuhHeY11K5Mk7K6MHbHkrpTwp6a,2026-01-22T22:44:11.000Z,ARu4n5mFdZogZAravu7CcizaojWnS6oqka37gdLT5SZn,AF4jW3tHUQTgcPVPhpkgKbDr8fWeD87CG3J4dLXC1Qfn,0.011287965,TOKEN,success
5quC5S4hxbZykrFAhg1ykk4Nejt6RNXg4CWEkrnC3kDKigDoStd5XJSs8wykX2DMgtEtnSC4jFNZpeq3WoEMDMTG,2026-01-22T19:20:37.000Z,AF4jW3tHUQTgcPVPhpkgKbDr8fWeD87CG3J4dLXC1Qfn,55ZNPyNU8rPoin41G5mkYugi1nAvWC1YSaGh7zMW92Gi,0.00203928,SOL,success
5quC5S4hxbZykrFAhg1ykk4Nejt6RNXg4CWEkrnC3kDKigDoStd5XJSs8wykX2DMgtEtnSC4jFNZpeq3WoEMDMTG,2026-01-22T19:20:37.000Z,AF4jW3tHUQTgcPVPhpkgKbDr8fWeD87CG3J4dLXC1Qfn,6HRgJMRmjaj2svP9GpRbUU5TPzLAHnBW3sHgYVbirWYE,0.000006,SOL,success
5quC5S4hxbZykrFAhg1ykk4Nejt6RNXg4CWEkrnC3kDKigDoStd5XJSs8wykX2DMgtEtnSC4jFNZpeq3WoEMDMTG,2026-01-22T19:20:37.000Z,ARu4n5mFdZogZAravu7CcizaojWnS6oqka37gdLT5SZn,9yj3zvLS3fDMqi1F8zhkaWfq8TZpZWHe6cz1Sgt7djXf,0.000155628,SOL,success
5quC5S4hxbZykrFAhg1ykk4Nejt6RNXg4CWEkrnC3kDKigDoStd5XJSs8wykX2DMgtEtnSC4jFNZpeq3WoEMDMTG,2026-01-22T19:20:37.000Z,ARu4n5mFdZogZAravu7CcizaojWnS6oqka37gdLT5SZn,AF4jW3tHUQTgcPVPhpkgKbDr8fWeD87CG3J4dLXC1Qfn,0.020192877,SOL,success
5quC5S4hxbZykrFAhg1ykk4Nejt6RNXg4CWEkrnC3kDKigDoStd5XJSs8wykX2DMgtEtnSC4jFNZpeq3WoEMDMTG,2026-01-22T19:20:37.000Z,55ZNPyNU8rPoin41G5mkYugi1nAvWC1YSaGh7zMW92Gi,ARu4n5mFdZogZAravu7CcizaojWnS6oqka37gdLT5SZn,0.020348505,SOL,success
5quC5S4hxbZykrFAhg1ykk4Nejt6RNXg4CWEkrnC3kDKigDoStd5XJSs8wykX2DMgtEtnSC4jFNZpeq3WoEMDMTG,2026-01-22T19:20:37.000Z,5Gfh6dRhdbuzjGBPyDVgxUNwb2FNGaAQHLkig5Y3EPvi,ARu4n5mFdZogZAravu7CcizaojWnS6oqka37gdLT5SZn,0.018309225,TOKEN,success
5quC5S4hxbZykrFAhg1ykk4Nejt6RNXg4CWEkrnC3kDKigDoStd5XJSs8wykX2DMgtEtnSC4jFNZpeq3WoEMDMTG,2026-01-22T19:20:37.000Z,5Gfh6dRhdbuzjGBPyDVgxUNwb2FNGaAQHLkig5Y3EPvi,62qc2CNXwrYqQScmEdiZFFAnJR262PxWEuNQtxfafNgV,0.000172432,TOKEN,success
5quC5S4hxbZykrFAhg1ykk4Nejt6RNXg4CWEkrnC3kDKigDoStd5XJSs8wykX2DMgtEtnSC4jFNZpeq3WoEMDMTG,2026-01-22T19:20:37.000Z,5Gfh6dRhdbuzjGBPyDVgxUNwb2FNGaAQHLkig5Y3EPvi,EJrEtQk8VonW7UFobbuY7741tEBii61Hg5wXAM933CkW,0.000055623,TOKEN,success
5quC5S4hxbZykrFAhg1ykk4Nejt6RNXg4CWEkrnC3kDKigDoStd5XJSs8wykX2DMgtEtnSC4jFNZpeq3WoEMDMTG,2026-01-22T19:20:37.000Z,ARu4n5mFdZogZAravu7CcizaojWnS6oqka37gdLT5SZn,AF4jW3tHUQTgcPVPhpkgKbDr8fWeD87CG3J4dLXC1Qfn,0.018309225,TOKEN,success
5quC5S4hxbZykrFAhg1ykk4Nejt6RNXg4CWEkrnC3kDKigDoStd5XJSs8wykX2DMgtEtnSC4jFNZpeq3WoEMDMTG,2026-01-22T19:20:37.000Z,AF4jW3tHUQTgcPVPhpkgKbDr8fWeD87CG3J4dLXC1Qfn,ARu4n5mFdZogZAravu7CcizaojWnS6oqka37gdLT5SZn,116084.946865,TOKEN,success
5quC5S4hxbZykrFAhg1ykk4Nejt6RNXg4CWEkrnC3kDKigDoStd5XJSs8wykX2DMgtEtnSC4jFNZpeq3WoEMDMTG,2026-01-22T19:20:37.000Z,ARu4n5mFdZogZAravu7CcizaojWnS6oqka37gdLT5SZn,5Gfh6dRhdbuzjGBPyDVgxUNwb2FNGaAQHLkig5Y3EPvi,116084.946865,TOKEN,success
24PAWJqWMc9mCg9K4ytnqkVzVrXkmGDTEjtcbAMZZRAYSF9KpLhNmUxmSRY1GX7W7ro8vtuyZesgzQ5rFatzfmAu,2026-01-22T19:07:29.000Z,AF4jW3tHUQTgcPVPhpkgKbDr8fWeD87CG3J4dLXC1Qfn,55ZNPyNU8rPoin41G5mkYugi1nAvWC1YSaGh7zMW92Gi,0.00203928,SOL,success
24PAWJqWMc9mCg9K4ytnqkVzVrXkmGDTEjtcbAMZZRAYSF9KpLhNmUxmSRY1GX7W7ro8vtuyZesgzQ5rFatzfmAu,2026-01-22T19:07:29.000Z,ARu4n5mFdZogZAravu7CcizaojWnS6oqka37gdLT5SZn,9yj3zvLS3fDMqi1F8zhkaWfq8TZpZWHe6cz1Sgt7djXf,0.000294222,SOL,success
24PAWJqWMc9mCg9K4ytnqkVzVrXkmGDTEjtcbAMZZRAYSF9KpLhNmUxmSRY1GX7W7ro8vtuyZesgzQ5rFatzfmAu,2026-01-22T19:07:29.000Z,ARu4n5mFdZogZAravu7CcizaojWnS6oqka37gdLT5SZn,AF4jW3tHUQTgcPVPhpkgKbDr8fWeD87CG3J4dLXC1Qfn,0.036359467,SOL,success
24PAWJqWMc9mCg9K4ytnqkVzVrXkmGDTEjtcbAMZZRAYSF9KpLhNmUxmSRY1GX7W7ro8vtuyZesgzQ5rFatzfmAu,2026-01-22T19:07:29.000Z,55ZNPyNU8rPoin41G5mkYugi1nAvWC1YSaGh7zMW92Gi,ARu4n5mFdZogZAravu7CcizaojWnS6oqka37gdLT5SZn,0.036653689,SOL,success
24PAWJqWMc9mCg9K4ytnqkVzVrXkmGDTEjtcbAMZZRAYSF9KpLhNmUxmSRY1GX7W7ro8vtuyZesgzQ5rFatzfmAu,2026-01-22T19:07:29.000Z,H8dd81QymYuXB1oCpJuAC7hwTaF9tNYFmthZhD72aihf,ARu4n5mFdZogZAravu7CcizaojWnS6oqka37gdLT5SZn,0.034614409,TOKEN,success
24PAWJqWMc9mCg9K4ytnqkVzVrXkmGDTEjtcbAMZZRAYSF9KpLhNmUxmSRY1GX7W7ro8vtuyZesgzQ5rFatzfmAu,2026-01-22T19:07:29.000Z,H8dd81QymYuXB1oCpJuAC7hwTaF9tNYFmthZhD72aihf,62qc2CNXwrYqQScmEdiZFFAnJR262PxWEuNQtxfafNgV,0.000325989,TOKEN,success
24PAWJqWMc9mCg9K4ytnqkVzVrXkmGDTEjtcbAMZZRAYSF9KpLhNmUxmSRY1GX7W7ro8vtuyZesgzQ5rFatzfmAu,2026-01-22T19:07:29.000Z,H8dd81QymYuXB1oCpJuAC7hwTaF9tNYFmthZhD72aihf,8fWwRsQKtMz24cfDZkDsA9XYbBUT4E5Mh4xei6BJ43xo,0.000105158,TOKEN,success
24PAWJqWMc9mCg9K4ytnqkVzVrXkmGDTEjtcbAMZZRAYSF9KpLhNmUxmSRY1GX7W7ro8vtuyZesgzQ5rFatzfmAu,2026-01-22T19:07:29.000Z,ARu4n5mFdZogZAravu7CcizaojWnS6oqka37gdLT5SZn,AF4jW3tHUQTgcPVPhpkgKbDr8fWeD87CG3J4dLXC1Qfn,0.034614409,TOKEN,success
24PAWJqWMc9mCg9K4ytnqkVzVrXkmGDTEjtcbAMZZRAYSF9KpLhNmUxmSRY1GX7W7ro8vtuyZesgzQ5rFatzfmAu,2026-01-22T19:07:29.000Z,AF4jW3tHUQTgcPVPhpkgKbDr8fWeD87CG3J4dLXC1Qfn,ARu4n5mFdZogZAravu7CcizaojWnS6oqka37gdLT5SZn,631279.175024,TOKEN,success
24PAWJqWMc9mCg9K4ytnqkVzVrXkmGDTEjtcbAMZZRAYSF9KpLhNmUxmSRY1GX7W7ro8vtuyZesgzQ5rFatzfmAu,2026-01-22T19:07:29.000Z,ARu4n5mFdZogZAravu7CcizaojWnS6oqka37gdLT5SZn,H8dd81QymYuXB1oCpJuAC7hwTaF9tNYFmthZhD72aihf,631279.175024,TOKEN,success
5DbAQepNHmeYQ3eRoZdCjP1zLg7NJkxvxAdXqRPdVjD1Qo664e847zFqVdsmfExya8ox3dzhmcr6hsSGvaUAE6zs,2026-01-22T19:07:03.000Z,AF4jW3tHUQTgcPVPhpkgKbDr8fWeD87CG3J4dLXC1Qfn,55ZNPyNU8rPoin41G5mkYugi1nAvWC1YSaGh7zMW92Gi,0.00203928,SOL,success
5DbAQepNHmeYQ3eRoZdCjP1zLg7NJkxvxAdXqRPdVjD1Qo664e847zFqVdsmfExya8ox3dzhmcr6hsSGvaUAE6zs,2026-01-22T19:07:03.000Z,AF4jW3tHUQTgcPVPhpkgKbDr8fWeD87CG3J4dLXC1Qfn,6HRgJMRmjaj2svP9GpRbUU5TPzLAHnBW3sHgYVbirWYE,0.000006,SOL,success
5DbAQepNHmeYQ3eRoZdCjP1zLg7NJkxvxAdXqRPdVjD1Qo664e847zFqVdsmfExya8ox3dzhmcr6hsSGvaUAE6zs,2026-01-22T19:07:03.000Z,ARu4n5mFdZogZAravu7CcizaojWnS6oqka37gdLT5SZn,9yj3zvLS3fDMqi1F8zhkaWfq8TZpZWHe6cz1Sgt7djXf,0.000373698,SOL,success
5DbAQepNHmeYQ3eRoZdCjP1zLg7NJkxvxAdXqRPdVjD1Qo664e847zFqVdsmfExya8ox3dzhmcr6hsSGvaUAE6zs,2026-01-22T19:07:03.000Z,ARu4n5mFdZogZAravu7CcizaojWnS6oqka37gdLT5SZn,AF4jW3tHUQTgcPVPhpkgKbDr8fWeD87CG3J4dLXC1Qfn,0.045630161,SOL,success
5DbAQepNHmeYQ3eRoZdCjP1zLg7NJkxvxAdXqRPdVjD1Qo664e847zFqVdsmfExya8ox3dzhmcr6hsSGvaUAE6zs,2026-01-22T19:07:03.000Z,55ZNPyNU8rPoin41G5mkYugi1nAvWC1YSaGh7zMW92Gi,ARu4n5mFdZogZAravu7CcizaojWnS6oqka37gdLT5SZn,0.046003859,SOL,success
5DbAQepNHmeYQ3eRoZdCjP1zLg7NJkxvxAdXqRPdVjD1Qo664e847zFqVdsmfExya8ox3dzhmcr6hsSGvaUAE6zs,2026-01-22T19:07:03.000Z,AF4jW3tHUQTgcPVPhpkgKbDr8fWeD87CG3J4dLXC1Qfn,ARu4n5mFdZogZAravu7CcizaojWnS6oqka37gdLT5SZn,155887.499691,TOKEN,success
5DbAQepNHmeYQ3eRoZdCjP1zLg7NJkxvxAdXqRPdVjD1Qo664e847zFqVdsmfExya8ox3dzhmcr6hsSGvaUAE6zs,2026-01-22T19:07:03.000Z,ARu4n5mFdZogZAravu7CcizaojWnS6oqka37gdLT5SZn,GpMZbSM2GgvTKHJirzeGfMFoaZ8UR2X7F4v8vHTvxFbL,155887.499691,TOKEN,success
5DbAQepNHmeYQ3eRoZdCjP1zLg7NJkxvxAdXqRPdVjD1Qo664e847zFqVdsmfExya8ox3dzhmcr6hsSGvaUAE6zs,2026-01-22T19:07:03.000Z,GpMZbSM2GgvTKHJirzeGfMFoaZ8UR2X7F4v8vHTvxFbL,ARu4n5mFdZogZAravu7CcizaojWnS6oqka37gdLT5SZn,5.634593,TOKEN,success
5DbAQepNHmeYQ3eRoZdCjP1zLg7NJkxvxAdXqRPdVjD1Qo664e847zFqVdsmfExya8ox3dzhmcr6hsSGvaUAE6zs,2026-01-22T19:07:03.000Z,ARu4n5mFdZogZAravu7CcizaojWnS6oqka37gdLT5SZn,AF4jW3tHUQTgcPVPhpkgKbDr8fWeD87CG3J4dLXC1Qfn,0.043964579,TOKEN,success
5DbAQepNHmeYQ3eRoZdCjP1zLg7NJkxvxAdXqRPdVjD1Qo664e847zFqVdsmfExya8ox3dzhmcr6hsSGvaUAE6zs,2026-01-22T19:07:03.000Z,5dhYayH9qvzNyCPoh2hKN8TJqumoGsWdyZ9UfPLXBfD9,ARu4n5mFdZogZAravu7CcizaojWnS6oqka37gdLT5SZn,0.043964579,TOKEN,success
5DbAQepNHmeYQ3eRoZdCjP1zLg7NJkxvxAdXqRPdVjD1Qo664e847zFqVdsmfExya8ox3dzhmcr6hsSGvaUAE6zs,2026-01-22T19:07:03.000Z,ARu4n5mFdZogZAravu7CcizaojWnS6oqka37gdLT5SZn,5dhYayH9qvzNyCPoh2hKN8TJqumoGsWdyZ9UfPLXBfD9,5.634593,TOKEN,success
4jXu8E8ujF78Frwim3dFyMt9kTbDUJhLpswgGW9iDog267kesMDqay24EvUEL5MfYWLLiw3BQmaRGdu8gS5WLWXY,2026-01-19T14:13:12.000Z,AF4jW3tHUQTgcPVPhpkgKbDr8fWeD87CG3J4dLXC1Qfn,55ZNPyNU8rPoin41G5mkYugi1nAvWC1YSaGh7zMW92Gi,0.00203928,SOL,success
4jXu8E8ujF78Frwim3dFyMt9kTbDUJhLpswgGW9iDog267kesMDqay24EvUEL5MfYWLLiw3BQmaRGdu8gS5WLWXY,2026-01-19T14:13:12.000Z,AF4jW3tHUQTgcPVPhpkgKbDr8fWeD87CG3J4dLXC1Qfn,6HRgJMRmjaj2svP9GpRbUU5TPzLAHnBW3sHgYVbirWYE,0.000006,SOL,success
4jXu8E8ujF78Frwim3dFyMt9kTbDUJhLpswgGW9iDog267kesMDqay24EvUEL5MfYWLLiw3BQmaRGdu8gS5WLWXY,2026-01-19T14:13:12.000Z,ARu4n5mFdZogZAravu7CcizaojWnS6oqka37gdLT5SZn,9yj3zvLS3fDMqi1F8zhkaWfq8TZpZWHe6cz1Sgt7djXf,0.000101726,SOL,success
4jXu8E8ujF78Frwim3dFyMt9kTbDUJhLpswgGW9iDog267kesMDqay24EvUEL5MfYWLLiw3BQmaRGdu8gS5WLWXY,2026-01-19T14:13:12.000Z,ARu4n5mFdZogZAravu7CcizaojWnS6oqka37gdLT5SZn,AF4jW3tHUQTgcPVPhpkgKbDr8fWeD87CG3J4dLXC1Qfn,0.013905337,SOL,success
4jXu8E8ujF78Frwim3dFyMt9kTbDUJhLpswgGW9iDog267kesMDqay24EvUEL5MfYWLLiw3BQmaRGdu8gS5WLWXY,2026-01-19T14:13:12.000Z,55ZNPyNU8rPoin41G5mkYugi1nAvWC1YSaGh7zMW92Gi,ARu4n5mFdZogZAravu7CcizaojWnS6oqka37gdLT5SZn,0.014007063,SOL,success
4jXu8E8ujF78Frwim3dFyMt9kTbDUJhLpswgGW9iDog267kesMDqay24EvUEL5MfYWLLiw3BQmaRGdu8gS5WLWXY,2026-01-19T14:13:12.000Z,97JVhRKYWkoZVyvCjd9eVLFVLNaRNP9PUhyjopHoLEHh,ARu4n5mFdZogZAravu7CcizaojWnS6oqka37gdLT5SZn,0.011967783,TOKEN,success
4jXu8E8ujF78Frwim3dFyMt9kTbDUJhLpswgGW9iDog267kesMDqay24EvUEL5MfYWLLiw3BQmaRGdu8gS5WLWXY,2026-01-19T14:13:12.000Z,97JVhRKYWkoZVyvCjd9eVLFVLNaRNP9PUhyjopHoLEHh,62qc2CNXwrYqQScmEdiZFFAnJR262PxWEuNQtxfafNgV,0.00011271,TOKEN,success
4jXu8E8ujF78Frwim3dFyMt9kTbDUJhLpswgGW9iDog267kesMDqay24EvUEL5MfYWLLiw3BQmaRGdu8gS5WLWXY,2026-01-19T14:13:12.000Z,97JVhRKYWkoZVyvCjd9eVLFVLNaRNP9PUhyjopHoLEHh,9ENufbLT3mAXJd5k9DT58zQXvcQ6QuaFcUKGFpBSSTRh,0.000036358,TOKEN,success
4jXu8E8ujF78Frwim3dFyMt9kTbDUJhLpswgGW9iDog267kesMDqay24EvUEL5MfYWLLiw3BQmaRGdu8gS5WLWXY,2026-01-19T14:13:12.000Z,ARu4n5mFdZogZAravu7CcizaojWnS6oqka37gdLT5SZn,AF4jW3tHUQTgcPVPhpkgKbDr8fWeD87CG3J4dLXC1Qfn,0.011967783,TOKEN,success
4jXu8E8ujF78Frwim3dFyMt9kTbDUJhLpswgGW9iDog267kesMDqay24EvUEL5MfYWLLiw3BQmaRGdu8gS5WLWXY,2026-01-19T14:13:12.000Z,AF4jW3tHUQTgcPVPhpkgKbDr8fWeD87CG3J4dLXC1Qfn,ARu4n5mFdZogZAravu7CcizaojWnS6oqka37gdLT5SZn,230420.190672,TOKEN,success
4jXu8E8ujF78Frwim3dFyMt9kTbDUJhLpswgGW9iDog267kesMDqay24EvUEL5MfYWLLiw3BQmaRGdu8gS5WLWXY,2026-01-19T14:13:12.000Z,ARu4n5mFdZogZAravu7CcizaojWnS6oqka37gdLT5SZn,97JVhRKYWkoZVyvCjd9eVLFVLNaRNP9PUhyjopHoLEHh,230420.190672,TOKEN,success
4MJbBLBdtzywPXujyLinxdU8SNY3CUkCL1y9DTXjibibcRmpCMPTjPyjmjhQ8nwKoDj7vZUzfwDSVMvMRVUAshUJ,2025-12-10T20:41:23.000Z,AF4jW3tHUQTgcPVPhpkgKbDr8fWeD87CG3J4dLXC1Qfn,55ZNPyNU8rPoin41G5mkYugi1nAvWC1YSaGh7zMW92Gi,0.01203928,SOL,success
4MJbBLBdtzywPXujyLinxdU8SNY3CUkCL1y9DTXjibibcRmpCMPTjPyjmjhQ8nwKoDj7vZUzfwDSVMvMRVUAshUJ,2025-12-10T20:41:23.000Z,AF4jW3tHUQTgcPVPhpkgKbDr8fWeD87CG3J4dLXC1Qfn,CcTNKBhQKYu7nB4eRrRFQoXEvpd6H5QnGKh93pwniBtp,0.000006,SOL,success
4MJbBLBdtzywPXujyLinxdU8SNY3CUkCL1y9DTXjibibcRmpCMPTjPyjmjhQ8nwKoDj7vZUzfwDSVMvMRVUAshUJ,2025-12-10T20:41:23.000Z,55ZNPyNU8rPoin41G5mkYugi1nAvWC1YSaGh7zMW92Gi,AF4jW3tHUQTgcPVPhpkgKbDr8fWeD87CG3J4dLXC1Qfn,0.00203928,SOL,success
4MJbBLBdtzywPXujyLinxdU8SNY3CUkCL1y9DTXjibibcRmpCMPTjPyjmjhQ8nwKoDj7vZUzfwDSVMvMRVUAshUJ,2025-12-10T20:41:23.000Z,AF4jW3tHUQTgcPVPhpkgKbDr8fWeD87CG3J4dLXC1Qfn,ARu4n5mFdZogZAravu7CcizaojWnS6oqka37gdLT5SZn,0.01,TOKEN,success
4MJbBLBdtzywPXujyLinxdU8SNY3CUkCL1y9DTXjibibcRmpCMPTjPyjmjhQ8nwKoDj7vZUzfwDSVMvMRVUAshUJ,2025-12-10T20:41:23.000Z,ARu4n5mFdZogZAravu7CcizaojWnS6oqka37gdLT5SZn,7A6b47F2xV3KforFGPKBAXgRtzek4CtJ8oAsfw15WPLG,0.009878518,TOKEN,success
4MJbBLBdtzywPXujyLinxdU8SNY3CUkCL1y9DTXjibibcRmpCMPTjPyjmjhQ8nwKoDj7vZUzfwDSVMvMRVUAshUJ,2025-12-10T20:41:23.000Z,ARu4n5mFdZogZAravu7CcizaojWnS6oqka37gdLT5SZn,62qc2CNXwrYqQScmEdiZFFAnJR262PxWEuNQtxfafNgV,0.000091852,TOKEN,success
4MJbBLBdtzywPXujyLinxdU8SNY3CUkCL1y9DTXjibibcRmpCMPTjPyjmjhQ8nwKoDj7vZUzfwDSVMvMRVUAshUJ,2025-12-10T20:41:23.000Z,ARu4n5mFdZogZAravu7CcizaojWnS6oqka37gdLT5SZn,AFSZzo4G5gpg5qNkJGZbnXA14DJRkD1Q3ktRsoDg3oYt,0.00002963,TOKEN,success
4MJbBLBdtzywPXujyLinxdU8SNY3CUkCL1y9DTXjibibcRmpCMPTjPyjmjhQ8nwKoDj7vZUzfwDSVMvMRVUAshUJ,2025-12-10T20:41:23.000Z,7A6b47F2xV3KforFGPKBAXgRtzek4CtJ8oAsfw15WPLG,ARu4n5mFdZogZAravu7CcizaojWnS6oqka37gdLT5SZn,185236.035995,TOKEN,success
4MJbBLBdtzywPXujyLinxdU8SNY3CUkCL1y9DTXjibibcRmpCMPTjPyjmjhQ8nwKoDj7vZUzfwDSVMvMRVUAshUJ,2025-12-10T20:41:23.000Z,ARu4n5mFdZogZAravu7CcizaojWnS6oqka37gdLT5SZn,8psNvWTrdNTiVRNzAgsou9kETXNJm2SXZyaKuJraVRtf,1574.506305,TOKEN,success
4MJbBLBdtzywPXujyLinxdU8SNY3CUkCL1y9DTXjibibcRmpCMPTjPyjmjhQ8nwKoDj7vZUzfwDSVMvMRVUAshUJ,2025-12-10T20:41:23.000Z,ARu4n5mFdZogZAravu7CcizaojWnS6oqka37gdLT5SZn,8psNvWTrdNTiVRNzAgsou9kETXNJm2SXZyaKuJraVRtf,0.000001,TOKEN,success
4MJbBLBdtzywPXujyLinxdU8SNY3CUkCL1y9DTXjibibcRmpCMPTjPyjmjhQ8nwKoDj7vZUzfwDSVMvMRVUAshUJ,2025-12-10T20:41:23.000Z,ARu4n5mFdZogZAravu7CcizaojWnS6oqka37gdLT5SZn,AF4jW3tHUQTgcPVPhpkgKbDr8fWeD87CG3J4dLXC1Qfn,183661.529689,TOKEN,success
5pLtFf3yXaCkxaoMF9xtKNJy5NkUaCGSmhr3mjgdwhkZZEVRKgfPPcqhR6TwnerVuihSMhf5dPXGE44rKbYQNzeC,2025-12-08T09:49:57.000Z,AF4jW3tHUQTgcPVPhpkgKbDr8fWeD87CG3J4dLXC1Qfn,55ZNPyNU8rPoin41G5mkYugi1nAvWC1YSaGh7zMW92Gi,0.00203928,SOL,success
5pLtFf3yXaCkxaoMF9xtKNJy5NkUaCGSmhr3mjgdwhkZZEVRKgfPPcqhR6TwnerVuihSMhf5dPXGE44rKbYQNzeC,2025-12-08T09:49:57.000Z,AF4jW3tHUQTgcPVPhpkgKbDr8fWeD87CG3J4dLXC1Qfn,4gQT88rvHr6ay8XvmUUriL5FTjsSuvkvH8ybz3etVLBb,0.000006,SOL,success
5pLtFf3yXaCkxaoMF9xtKNJy5NkUaCGSmhr3mjgdwhkZZEVRKgfPPcqhR6TwnerVuihSMhf5dPXGE44rKbYQNzeC,2025-12-08T09:49:57.000Z,ARu4n5mFdZogZAravu7CcizaojWnS6oqka37gdLT5SZn,9yj3zvLS3fDMqi1F8zhkaWfq8TZpZWHe6cz1Sgt7djXf,0.003718408,SOL,success
5pLtFf3yXaCkxaoMF9xtKNJy5NkUaCGSmhr3mjgdwhkZZEVRKgfPPcqhR6TwnerVuihSMhf5dPXGE44rKbYQNzeC,2025-12-08T09:49:57.000Z,ARu4n5mFdZogZAravu7CcizaojWnS6oqka37gdLT5SZn,AF4jW3tHUQTgcPVPhpkgKbDr8fWeD87CG3J4dLXC1Qfn,0.435780696,SOL,success
5pLtFf3yXaCkxaoMF9xtKNJy5NkUaCGSmhr3mjgdwhkZZEVRKgfPPcqhR6TwnerVuihSMhf5dPXGE44rKbYQNzeC,2025-12-08T09:49:57.000Z,55ZNPyNU8rPoin41G5mkYugi1nAvWC1YSaGh7zMW92Gi,ARu4n5mFdZogZAravu7CcizaojWnS6oqka37gdLT5SZn,0.439499104,SOL,success
5pLtFf3yXaCkxaoMF9xtKNJy5NkUaCGSmhr3mjgdwhkZZEVRKgfPPcqhR6TwnerVuihSMhf5dPXGE44rKbYQNzeC,2025-12-08T09:49:57.000Z,2KFvejGmcwK2UVYggdTQbgQE4tMaoSw4Tyen2SHon4VF,ARu4n5mFdZogZAravu7CcizaojWnS6oqka37gdLT5SZn,0.437459824,TOKEN,success
5pLtFf3yXaCkxaoMF9xtKNJy5NkUaCGSmhr3mjgdwhkZZEVRKgfPPcqhR6TwnerVuihSMhf5dPXGE44rKbYQNzeC,2025-12-08T09:49:57.000Z,2KFvejGmcwK2UVYggdTQbgQE4tMaoSw4Tyen2SHon4VF,62qc2CNXwrYqQScmEdiZFFAnJR262PxWEuNQtxfafNgV,0.000221051,TOKEN,success
5pLtFf3yXaCkxaoMF9xtKNJy5NkUaCGSmhr3mjgdwhkZZEVRKgfPPcqhR6TwnerVuihSMhf5dPXGE44rKbYQNzeC,2025-12-08T09:49:57.000Z,2KFvejGmcwK2UVYggdTQbgQE4tMaoSw4Tyen2SHon4VF,BtT6nGMcaJTu2ZjVrsM3C3TjxTATXD6avGnNsXAevDUK,0.003536816,TOKEN,success
5pLtFf3yXaCkxaoMF9xtKNJy5NkUaCGSmhr3mjgdwhkZZEVRKgfPPcqhR6TwnerVuihSMhf5dPXGE44rKbYQNzeC,2025-12-08T09:49:57.000Z,ARu4n5mFdZogZAravu7CcizaojWnS6oqka37gdLT5SZn,AF4jW3tHUQTgcPVPhpkgKbDr8fWeD87CG3J4dLXC1Qfn,0.437459824,TOKEN,success
5pLtFf3yXaCkxaoMF9xtKNJy5NkUaCGSmhr3mjgdwhkZZEVRKgfPPcqhR6TwnerVuihSMhf5dPXGE44rKbYQNzeC,2025-12-08T09:49:57.000Z,AF4jW3tHUQTgcPVPhpkgKbDr8fWeD87CG3J4dLXC1Qfn,ARu4n5mFdZogZAravu7CcizaojWnS6oqka37gdLT5SZn,107013.116857,TOKEN,success
5pLtFf3yXaCkxaoMF9xtKNJy5NkUaCGSmhr3mjgdwhkZZEVRKgfPPcqhR6TwnerVuihSMhf5dPXGE44rKbYQNzeC,2025-12-08T09:49:57.000Z,ARu4n5mFdZogZAravu7CcizaojWnS6oqka37gdLT5SZn,2KFvejGmcwK2UVYggdTQbgQE4tMaoSw4Tyen2SHon4VF,107013.116857,TOKEN,success
4VVwbP88dDNZ9XQkas9NTKkoctgQKK2YgFUWqzdMH5r35dNryNpM5MjDnHSihMAmDDb541Wo5FoWNBD9osCmHy3H,2025-12-01T21:18:00.000Z,AF4jW3tHUQTgcPVPhpkgKbDr8fWeD87CG3J4dLXC1Qfn,55ZNPyNU8rPoin41G5mkYugi1nAvWC1YSaGh7zMW92Gi,0.14084928,SOL,success
4VVwbP88dDNZ9XQkas9NTKkoctgQKK2YgFUWqzdMH5r35dNryNpM5MjDnHSihMAmDDb541Wo5FoWNBD9osCmHy3H,2025-12-01T21:18:00.000Z,AF4jW3tHUQTgcPVPhpkgKbDr8fWeD87CG3J4dLXC1Qfn,6HRgJMRmjaj2svP9GpRbUU5TPzLAHnBW3sHgYVbirWYE,0.000006,SOL,success
4VVwbP88dDNZ9XQkas9NTKkoctgQKK2YgFUWqzdMH5r35dNryNpM5MjDnHSihMAmDDb541Wo5FoWNBD9osCmHy3H,2025-12-01T21:18:00.000Z,AF4jW3tHUQTgcPVPhpkgKbDr8fWeD87CG3J4dLXC1Qfn,ARu4n5mFdZogZAravu7CcizaojWnS6oqka37gdLT5SZn,0.00119,SOL,success
4VVwbP88dDNZ9XQkas9NTKkoctgQKK2YgFUWqzdMH5r35dNryNpM5MjDnHSihMAmDDb541Wo5FoWNBD9osCmHy3H,2025-12-01T21:18:00.000Z,ARu4n5mFdZogZAravu7CcizaojWnS6oqka37gdLT5SZn,9yj3zvLS3fDMqi1F8zhkaWfq8TZpZWHe6cz1Sgt7djXf,0.00119,SOL,success
4VVwbP88dDNZ9XQkas9NTKkoctgQKK2YgFUWqzdMH5r35dNryNpM5MjDnHSihMAmDDb541Wo5FoWNBD9osCmHy3H,2025-12-01T21:18:00.000Z,55ZNPyNU8rPoin41G5mkYugi1nAvWC1YSaGh7zMW92Gi,AF4jW3tHUQTgcPVPhpkgKbDr8fWeD87CG3J4dLXC1Qfn,0.00203928,SOL,success
4VVwbP88dDNZ9XQkas9NTKkoctgQKK2YgFUWqzdMH5r35dNryNpM5MjDnHSihMAmDDb541Wo5FoWNBD9osCmHy3H,2025-12-01T21:18:00.000Z,AF4jW3tHUQTgcPVPhpkgKbDr8fWeD87CG3J4dLXC1Qfn,ARu4n5mFdZogZAravu7CcizaojWnS6oqka37gdLT5SZn,0.13881,TOKEN,success
4VVwbP88dDNZ9XQkas9NTKkoctgQKK2YgFUWqzdMH5r35dNryNpM5MjDnHSihMAmDDb541Wo5FoWNBD9osCmHy3H,2025-12-01T21:18:00.000Z,ARu4n5mFdZogZAravu7CcizaojWnS6oqka37gdLT5SZn,2KFvejGmcwK2UVYggdTQbgQE4tMaoSw4Tyen2SHon4VF,0.137438358,TOKEN,success
4VVwbP88dDNZ9XQkas9NTKkoctgQKK2YgFUWqzdMH5r35dNryNpM5MjDnHSihMAmDDb541Wo5FoWNBD9osCmHy3H,2025-12-01T21:18:00.000Z,ARu4n5mFdZogZAravu7CcizaojWnS6oqka37gdLT5SZn,62qc2CNXwrYqQScmEdiZFFAnJR262PxWEuNQtxfafNgV,0.000068583,TOKEN,success
4VVwbP88dDNZ9XQkas9NTKkoctgQKK2YgFUWqzdMH5r35dNryNpM5MjDnHSihMAmDDb541Wo5FoWNBD9osCmHy3H,2025-12-01T21:18:00.000Z,ARu4n5mFdZogZAravu7CcizaojWnS6oqka37gdLT5SZn,BtT6nGMcaJTu2ZjVrsM3C3TjxTATXD6avGnNsXAevDUK,0.001303059,TOKEN,success
4VVwbP88dDNZ9XQkas9NTKkoctgQKK2YgFUWqzdMH5r35dNryNpM5MjDnHSihMAmDDb541Wo5FoWNBD9osCmHy3H,2025-12-01T21:18:00.000Z,2KFvejGmcwK2UVYggdTQbgQE4tMaoSw4Tyen2SHon4VF,ARu4n5mFdZogZAravu7CcizaojWnS6oqka37gdLT5SZn,101557.030702,TOKEN,success
4VVwbP88dDNZ9XQkas9NTKkoctgQKK2YgFUWqzdMH5r35dNryNpM5MjDnHSihMAmDDb541Wo5FoWNBD9osCmHy3H,2025-12-01T21:18:00.000Z,ARu4n5mFdZogZAravu7CcizaojWnS6oqka37gdLT5SZn,8psNvWTrdNTiVRNzAgsou9kETXNJm2SXZyaKuJraVRtf,3551.668818,TOKEN,success
4VVwbP88dDNZ9XQkas9NTKkoctgQKK2YgFUWqzdMH5r35dNryNpM5MjDnHSihMAmDDb541Wo5FoWNBD9osCmHy3H,2025-12-01T21:18:00.000Z,ARu4n5mFdZogZAravu7CcizaojWnS6oqka37gdLT5SZn,AF4jW3tHUQTgcPVPhpkgKbDr8fWeD87CG3J4dLXC1Qfn,98005.361884,TOKEN,success
1QtRnBUMA5jMbGhCwm3WV67grhMmHoLxzk5DD4yMHGax9LwcuAfeBaDck3GvKbyssUiQFWaZoPCEfzi6GgXs8SM,2025-11-30T19:34:26.000Z,AF4jW3tHUQTgcPVPhpkgKbDr8fWeD87CG3J4dLXC1Qfn,55ZNPyNU8rPoin41G5mkYugi1nAvWC1YSaGh7zMW92Gi,0.05203928,SOL,success
1QtRnBUMA5jMbGhCwm3WV67grhMmHoLxzk5DD4yMHGax9LwcuAfeBaDck3GvKbyssUiQFWaZoPCEfzi6GgXs8SM,2025-11-30T19:34:26.000Z,AF4jW3tHUQTgcPVPhpkgKbDr8fWeD87CG3J4dLXC1Qfn,6HRgJMRmjaj2svP9GpRbUU5TPzLAHnBW3sHgYVbirWYE,0.000006,SOL,success
1QtRnBUMA5jMbGhCwm3WV67grhMmHoLxzk5DD4yMHGax9LwcuAfeBaDck3GvKbyssUiQFWaZoPCEfzi6GgXs8SM,2025-11-30T19:34:26.000Z,55ZNPyNU8rPoin41G5mkYugi1nAvWC1YSaGh7zMW92Gi,AF4jW3tHUQTgcPVPhpkgKbDr8fWeD87CG3J4dLXC1Qfn,0.00203928,SOL,success
1QtRnBUMA5jMbGhCwm3WV67grhMmHoLxzk5DD4yMHGax9LwcuAfeBaDck3GvKbyssUiQFWaZoPCEfzi6GgXs8SM,2025-11-30T19:34:26.000Z,AF4jW3tHUQTgcPVPhpkgKbDr8fWeD87CG3J4dLXC1Qfn,ARu4n5mFdZogZAravu7CcizaojWnS6oqka37gdLT5SZn,0.05,TOKEN,success
1QtRnBUMA5jMbGhCwm3WV67grhMmHoLxzk5DD4yMHGax9LwcuAfeBaDck3GvKbyssUiQFWaZoPCEfzi6GgXs8SM,2025-11-30T19:34:26.000Z,ARu4n5mFdZogZAravu7CcizaojWnS6oqka37gdLT5SZn,H8dd81QymYuXB1oCpJuAC7hwTaF9tNYFmthZhD72aihf,0.049505928,TOKEN,success
1QtRnBUMA5jMbGhCwm3WV67grhMmHoLxzk5DD4yMHGax9LwcuAfeBaDck3GvKbyssUiQFWaZoPCEfzi6GgXs8SM,2025-11-30T19:34:26.000Z,ARu4n5mFdZogZAravu7CcizaojWnS6oqka37gdLT5SZn,62qc2CNXwrYqQScmEdiZFFAnJR262PxWEuNQtxfafNgV,0.000024704,TOKEN,success
1QtRnBUMA5jMbGhCwm3WV67grhMmHoLxzk5DD4yMHGax9LwcuAfeBaDck3GvKbyssUiQFWaZoPCEfzi6GgXs8SM,2025-11-30T19:34:26.000Z,ARu4n5mFdZogZAravu7CcizaojWnS6oqka37gdLT5SZn,8fWwRsQKtMz24cfDZkDsA9XYbBUT4E5Mh4xei6BJ43xo,0.000469368,TOKEN,success
1QtRnBUMA5jMbGhCwm3WV67grhMmHoLxzk5DD4yMHGax9LwcuAfeBaDck3GvKbyssUiQFWaZoPCEfzi6GgXs8SM,2025-11-30T19:34:26.000Z,H8dd81QymYuXB1oCpJuAC7hwTaF9tNYFmthZhD72aihf,ARu4n5mFdZogZAravu7CcizaojWnS6oqka37gdLT5SZn,104735.783549,TOKEN,success
1QtRnBUMA5jMbGhCwm3WV67grhMmHoLxzk5DD4yMHGax9LwcuAfeBaDck3GvKbyssUiQFWaZoPCEfzi6GgXs8SM,2025-11-30T19:34:26.000Z,ARu4n5mFdZogZAravu7CcizaojWnS6oqka37gdLT5SZn,8psNvWTrdNTiVRNzAgsou9kETXNJm2SXZyaKuJraVRtf,890.25416,TOKEN,success
1QtRnBUMA5jMbGhCwm3WV67grhMmHoLxzk5DD4yMHGax9LwcuAfeBaDck3GvKbyssUiQFWaZoPCEfzi6GgXs8SM,2025-11-30T19:34:26.000Z,ARu4n5mFdZogZAravu7CcizaojWnS6oqka37gdLT5SZn,AF4jW3tHUQTgcPVPhpkgKbDr8fWeD87CG3J4dLXC1Qfn,103845.529389,TOKEN,success
3YCWHoMkoisZ11kLzJVByAbNjcMu3UZNHHk5jhdJLKqwAYzwNARm828vdSf1Fq59FUSB32MNKB2FVnoe4WNvTdtn,2025-11-29T15:29:57.000Z,AF4jW3tHUQTgcPVPhpkgKbDr8fWeD87CG3J4dLXC1Qfn,55ZNPyNU8rPoin41G5mkYugi1nAvWC1YSaGh7zMW92Gi,0.20033928,SOL,success
3YCWHoMkoisZ11kLzJVByAbNjcMu3UZNHHk5jhdJLKqwAYzwNARm828vdSf1Fq59FUSB32MNKB2FVnoe4WNvTdtn,2025-11-29T15:29:57.000Z,AF4jW3tHUQTgcPVPhpkgKbDr8fWeD87CG3J4dLXC1Qfn,CcTNKBhQKYu7nB4eRrRFQoXEvpd6H5QnGKh93pwniBtp,0.000006506,SOL,success
3YCWHoMkoisZ11kLzJVByAbNjcMu3UZNHHk5jhdJLKqwAYzwNARm828vdSf1Fq59FUSB32MNKB2FVnoe4WNvTdtn,2025-11-29T15:29:57.000Z,AF4jW3tHUQTgcPVPhpkgKbDr8fWeD87CG3J4dLXC1Qfn,CkyxiVwE4DqFK9RgTJnyf8WLpfgmHeMWKEpecoPGxbse,0.00203928,SOL,success
3YCWHoMkoisZ11kLzJVByAbNjcMu3UZNHHk5jhdJLKqwAYzwNARm828vdSf1Fq59FUSB32MNKB2FVnoe4WNvTdtn,2025-11-29T15:29:57.000Z,AF4jW3tHUQTgcPVPhpkgKbDr8fWeD87CG3J4dLXC1Qfn,ARu4n5mFdZogZAravu7CcizaojWnS6oqka37gdLT5SZn,0.0017,SOL,success
3YCWHoMkoisZ11kLzJVByAbNjcMu3UZNHHk5jhdJLKqwAYzwNARm828vdSf1Fq59FUSB32MNKB2FVnoe4WNvTdtn,2025-11-29T15:29:57.000Z,ARu4n5mFdZogZAravu7CcizaojWnS6oqka37gdLT5SZn,9yj3zvLS3fDMqi1F8zhkaWfq8TZpZWHe6cz1Sgt7djXf,0.0017,SOL,success
3YCWHoMkoisZ11kLzJVByAbNjcMu3UZNHHk5jhdJLKqwAYzwNARm828vdSf1Fq59FUSB32MNKB2FVnoe4WNvTdtn,2025-11-29T15:29:57.000Z,55ZNPyNU8rPoin41G5mkYugi1nAvWC1YSaGh7zMW92Gi,AF4jW3tHUQTgcPVPhpkgKbDr8fWeD87CG3J4dLXC1Qfn,0.00203928,SOL,success
3YCWHoMkoisZ11kLzJVByAbNjcMu3UZNHHk5jhdJLKqwAYzwNARm828vdSf1Fq59FUSB32MNKB2FVnoe4WNvTdtn,2025-11-29T15:29:57.000Z,AF4jW3tHUQTgcPVPhpkgKbDr8fWeD87CG3J4dLXC1Qfn,ARu4n5mFdZogZAravu7CcizaojWnS6oqka37gdLT5SZn,0.1983,TOKEN,success
3YCWHoMkoisZ11kLzJVByAbNjcMu3UZNHHk5jhdJLKqwAYzwNARm828vdSf1Fq59FUSB32MNKB2FVnoe4WNvTdtn,2025-11-29T15:29:57.000Z,ARu4n5mFdZogZAravu7CcizaojWnS6oqka37gdLT5SZn,AF4jW3tHUQTgcPVPhpkgKbDr8fWeD87CG3J4dLXC1Qfn,139826.413231,TOKEN,success
3YCWHoMkoisZ11kLzJVByAbNjcMu3UZNHHk5jhdJLKqwAYzwNARm828vdSf1Fq59FUSB32MNKB2FVnoe4WNvTdtn,2025-11-29T15:29:57.000Z,ARu4n5mFdZogZAravu7CcizaojWnS6oqka37gdLT5SZn,5Q544fKrFoe6tsEbD7S8EmxGTJYAKtTVhAW5Q5pge4j1,0.1983,TOKEN,success
3YCWHoMkoisZ11kLzJVByAbNjcMu3UZNHHk5jhdJLKqwAYzwNARm828vdSf1Fq59FUSB32MNKB2FVnoe4WNvTdtn,2025-11-29T15:29:57.000Z,5Q544fKrFoe6tsEbD7S8EmxGTJYAKtTVhAW5Q5pge4j1,ARu4n5mFdZogZAravu7CcizaojWnS6oqka37gdLT5SZn,139826.413231,TOKEN,success
3EXcaS66yM8qcbsUW2hgt4FVzEHWwPcSujeJxhbJ7LdTLFBXqMaiirKZWqTPd95A3QksDBYFEvVfBrqcEiycJArP,2025-11-28T02:12:26.000Z,AF4jW3tHUQTgcPVPhpkgKbDr8fWeD87CG3J4dLXC1Qfn,55ZNPyNU8rPoin41G5mkYugi1nAvWC1YSaGh7zMW92Gi,0.10118928,SOL,success
3EXcaS66yM8qcbsUW2hgt4FVzEHWwPcSujeJxhbJ7LdTLFBXqMaiirKZWqTPd95A3QksDBYFEvVfBrqcEiycJArP,2025-11-28T02:12:26.000Z,AF4jW3tHUQTgcPVPhpkgKbDr8fWeD87CG3J4dLXC1Qfn,6HRgJMRmjaj2svP9GpRbUU5TPzLAHnBW3sHgYVbirWYE,0.000006,SOL,success
3EXcaS66yM8qcbsUW2hgt4FVzEHWwPcSujeJxhbJ7LdTLFBXqMaiirKZWqTPd95A3QksDBYFEvVfBrqcEiycJArP,2025-11-28T02:12:26.000Z,AF4jW3tHUQTgcPVPhpkgKbDr8fWeD87CG3J4dLXC1Qfn,JDWq7kQpstcjgy6ZsNwZqx3TQvV2VuQZ3dbjFahUFNib,0.00203928,SOL,success
3EXcaS66yM8qcbsUW2hgt4FVzEHWwPcSujeJxhbJ7LdTLFBXqMaiirKZWqTPd95A3QksDBYFEvVfBrqcEiycJArP,2025-11-28T02:12:26.000Z,AF4jW3tHUQTgcPVPhpkgKbDr8fWeD87CG3J4dLXC1Qfn,ARu4n5mFdZogZAravu7CcizaojWnS6oqka37gdLT5SZn,0.00085,SOL,success
3EXcaS66yM8qcbsUW2hgt4FVzEHWwPcSujeJxhbJ7LdTLFBXqMaiirKZWqTPd95A3QksDBYFEvVfBrqcEiycJArP,2025-11-28T02:12:26.000Z,ARu4n5mFdZogZAravu7CcizaojWnS6oqka37gdLT5SZn,9yj3zvLS3fDMqi1F8zhkaWfq8TZpZWHe6cz1Sgt7djXf,0.00085,SOL,success
3EXcaS66yM8qcbsUW2hgt4FVzEHWwPcSujeJxhbJ7LdTLFBXqMaiirKZWqTPd95A3QksDBYFEvVfBrqcEiycJArP,2025-11-28T02:12:26.000Z,55ZNPyNU8rPoin41G5mkYugi1nAvWC1YSaGh7zMW92Gi,AF4jW3tHUQTgcPVPhpkgKbDr8fWeD87CG3J4dLXC1Qfn,0.00203928,SOL,success
3EXcaS66yM8qcbsUW2hgt4FVzEHWwPcSujeJxhbJ7LdTLFBXqMaiirKZWqTPd95A3QksDBYFEvVfBrqcEiycJArP,2025-11-28T02:12:26.000Z,AF4jW3tHUQTgcPVPhpkgKbDr8fWeD87CG3J4dLXC1Qfn,ARu4n5mFdZogZAravu7CcizaojWnS6oqka37gdLT5SZn,0.09915,TOKEN,success
3EXcaS66yM8qcbsUW2hgt4FVzEHWwPcSujeJxhbJ7LdTLFBXqMaiirKZWqTPd95A3QksDBYFEvVfBrqcEiycJArP,2025-11-28T02:12:26.000Z,ARu4n5mFdZogZAravu7CcizaojWnS6oqka37gdLT5SZn,7imnGYfCovXjMWKdbQvETFVMe72MQDX4S5zW4GFxMJME,2.899497,TOKEN,success
3EXcaS66yM8qcbsUW2hgt4FVzEHWwPcSujeJxhbJ7LdTLFBXqMaiirKZWqTPd95A3QksDBYFEvVfBrqcEiycJArP,2025-11-28T02:12:26.000Z,7imnGYfCovXjMWKdbQvETFVMe72MQDX4S5zW4GFxMJME,8UgoPZAR8ZLoEmV6pJ8SZ6JKESP2X8nbnrZSdSgNtg1y,0.000017,TOKEN,success
3EXcaS66yM8qcbsUW2hgt4FVzEHWwPcSujeJxhbJ7LdTLFBXqMaiirKZWqTPd95A3QksDBYFEvVfBrqcEiycJArP,2025-11-28T02:12:26.000Z,7imnGYfCovXjMWKdbQvETFVMe72MQDX4S5zW4GFxMJME,ARu4n5mFdZogZAravu7CcizaojWnS6oqka37gdLT5SZn,2.902828,TOKEN,success
3EXcaS66yM8qcbsUW2hgt4FVzEHWwPcSujeJxhbJ7LdTLFBXqMaiirKZWqTPd95A3QksDBYFEvVfBrqcEiycJArP,2025-11-28T02:12:26.000Z,ARu4n5mFdZogZAravu7CcizaojWnS6oqka37gdLT5SZn,9dnMXhi2crnvLEMduivns7y3WMELA6dRQV4Fc2gjskgr,13.822984,TOKEN,success
3EXcaS66yM8qcbsUW2hgt4FVzEHWwPcSujeJxhbJ7LdTLFBXqMaiirKZWqTPd95A3QksDBYFEvVfBrqcEiycJArP,2025-11-28T02:12:26.000Z,9dnMXhi2crnvLEMduivns7y3WMELA6dRQV4Fc2gjskgr,ARu4n5mFdZogZAravu7CcizaojWnS6oqka37gdLT5SZn,87078.478732,TOKEN,success
3EXcaS66yM8qcbsUW2hgt4FVzEHWwPcSujeJxhbJ7LdTLFBXqMaiirKZWqTPd95A3QksDBYFEvVfBrqcEiycJArP,2025-11-28T02:12:26.000Z,ARu4n5mFdZogZAravu7CcizaojWnS6oqka37gdLT5SZn,AF4jW3tHUQTgcPVPhpkgKbDr8fWeD87CG3J4dLXC1Qfn,87078.478732,TOKEN,success
3EXcaS66yM8qcbsUW2hgt4FVzEHWwPcSujeJxhbJ7LdTLFBXqMaiirKZWqTPd95A3QksDBYFEvVfBrqcEiycJArP,2025-11-28T02:12:26.000Z,ARu4n5mFdZogZAravu7CcizaojWnS6oqka37gdLT5SZn,Fn68NZzCCgZKtYmnAYbkL6w5NNx3TgjW91dGkLA3hsDK,0.09915,TOKEN,success
3EXcaS66yM8qcbsUW2hgt4FVzEHWwPcSujeJxhbJ7LdTLFBXqMaiirKZWqTPd95A3QksDBYFEvVfBrqcEiycJArP,2025-11-28T02:12:26.000Z,Fn68NZzCCgZKtYmnAYbkL6w5NNx3TgjW91dGkLA3hsDK,ARu4n5mFdZogZAravu7CcizaojWnS6oqka37gdLT5SZn,13.807124,TOKEN,success
3EXcaS66yM8qcbsUW2hgt4FVzEHWwPcSujeJxhbJ7LdTLFBXqMaiirKZWqTPd95A3QksDBYFEvVfBrqcEiycJArP,2025-11-28T02:12:26.000Z,ARu4n5mFdZogZAravu7CcizaojWnS6oqka37gdLT5SZn,F2KCaXcp7AoQtxTDvNEDCyMyWjSCAMWNzcyN9dsPfPs5,10.907627,TOKEN,success
3EXcaS66yM8qcbsUW2hgt4FVzEHWwPcSujeJxhbJ7LdTLFBXqMaiirKZWqTPd95A3QksDBYFEvVfBrqcEiycJArP,2025-11-28T02:12:26.000Z,CQUfYBxF2KFVjYyCPyGa7JCFX9zw2PwmNnECzY3merGA,ARu4n5mFdZogZAravu7CcizaojWnS6oqka37gdLT5SZn,10.920156,TOKEN,success
4BxRXAT1koR6RTuRsoUmDLHUGCQgqjjTrN6aLK7CVpBZ7VT6fTPdhPZ1HAeyvXK1kuvbFr2DXEne3xvofZ9EBgYe,2025-11-28T01:11:04.000Z,AF4jW3tHUQTgcPVPhpkgKbDr8fWeD87CG3J4dLXC1Qfn,55ZNPyNU8rPoin41G5mkYugi1nAvWC1YSaGh7zMW92Gi,0.07203928,SOL,success
4BxRXAT1koR6RTuRsoUmDLHUGCQgqjjTrN6aLK7CVpBZ7VT6fTPdhPZ1HAeyvXK1kuvbFr2DXEne3xvofZ9EBgYe,2025-11-28T01:11:04.000Z,AF4jW3tHUQTgcPVPhpkgKbDr8fWeD87CG3J4dLXC1Qfn,6HRgJMRmjaj2svP9GpRbUU5TPzLAHnBW3sHgYVbirWYE,0.000006,SOL,success
4BxRXAT1koR6RTuRsoUmDLHUGCQgqjjTrN6aLK7CVpBZ7VT6fTPdhPZ1HAeyvXK1kuvbFr2DXEne3xvofZ9EBgYe,2025-11-28T01:11:04.000Z,55ZNPyNU8rPoin41G5mkYugi1nAvWC1YSaGh7zMW92Gi,AF4jW3tHUQTgcPVPhpkgKbDr8fWeD87CG3J4dLXC1Qfn,0.00203928,SOL,success
4BxRXAT1koR6RTuRsoUmDLHUGCQgqjjTrN6aLK7CVpBZ7VT6fTPdhPZ1HAeyvXK1kuvbFr2DXEne3xvofZ9EBgYe,2025-11-28T01:11:04.000Z,AF4jW3tHUQTgcPVPhpkgKbDr8fWeD87CG3J4dLXC1Qfn,ARu4n5mFdZogZAravu7CcizaojWnS6oqka37gdLT5SZn,0.07,TOKEN,success
4BxRXAT1koR6RTuRsoUmDLHUGCQgqjjTrN6aLK7CVpBZ7VT6fTPdhPZ1HAeyvXK1kuvbFr2DXEne3xvofZ9EBgYe,2025-11-28T01:11:04.000Z,BKA7zC19FwWzVxPHwxAe7ZTbgyqoC3wUsioK6pGs5pVx,ARu4n5mFdZogZAravu7CcizaojWnS6oqka37gdLT5SZn,270210.189561,TOKEN,success
4BxRXAT1koR6RTuRsoUmDLHUGCQgqjjTrN6aLK7CVpBZ7VT6fTPdhPZ1HAeyvXK1kuvbFr2DXEne3xvofZ9EBgYe,2025-11-28T01:11:04.000Z,ARu4n5mFdZogZAravu7CcizaojWnS6oqka37gdLT5SZn,BKA7zC19FwWzVxPHwxAe7ZTbgyqoC3wUsioK6pGs5pVx,0.069149629,TOKEN,success
4BxRXAT1koR6RTuRsoUmDLHUGCQgqjjTrN6aLK7CVpBZ7VT6fTPdhPZ1HAeyvXK1kuvbFr2DXEne3xvofZ9EBgYe,2025-11-28T01:11:04.000Z,ARu4n5mFdZogZAravu7CcizaojWnS6oqka37gdLT5SZn,62qc2CNXwrYqQScmEdiZFFAnJR262PxWEuNQtxfafNgV,0.000642963,TOKEN,success
4BxRXAT1koR6RTuRsoUmDLHUGCQgqjjTrN6aLK7CVpBZ7VT6fTPdhPZ1HAeyvXK1kuvbFr2DXEne3xvofZ9EBgYe,2025-11-28T01:11:04.000Z,ARu4n5mFdZogZAravu7CcizaojWnS6oqka37gdLT5SZn,Evn7AcwQTGKZUVZxNhX46SvyoNCrvcQiYxueFyLRGkmm,0.000207408,TOKEN,success
4BxRXAT1koR6RTuRsoUmDLHUGCQgqjjTrN6aLK7CVpBZ7VT6fTPdhPZ1HAeyvXK1kuvbFr2DXEne3xvofZ9EBgYe,2025-11-28T01:11:04.000Z,ARu4n5mFdZogZAravu7CcizaojWnS6oqka37gdLT5SZn,8psNvWTrdNTiVRNzAgsou9kETXNJm2SXZyaKuJraVRtf,2296.786611,TOKEN,success
4BxRXAT1koR6RTuRsoUmDLHUGCQgqjjTrN6aLK7CVpBZ7VT6fTPdhPZ1HAeyvXK1kuvbFr2DXEne3xvofZ9EBgYe,2025-11-28T01:11:04.000Z,ARu4n5mFdZogZAravu7CcizaojWnS6oqka37gdLT5SZn,AF4jW3tHUQTgcPVPhpkgKbDr8fWeD87CG3J4dLXC1Qfn,267913.40295,TOKEN,success
5793JWUyAQUrbXVeWMw9jQREdgSyTzFzWBkjNzSKZmvJcec1JkbuSthyqLoY54Xyamdb3zKF8TaBrgy8tjVLPSVC,2025-11-28T00:23:25.000Z,AF4jW3tHUQTgcPVPhpkgKbDr8fWeD87CG3J4dLXC1Qfn,55ZNPyNU8rPoin41G5mkYugi1nAvWC1YSaGh7zMW92Gi,0.00203928,SOL,success
5793JWUyAQUrbXVeWMw9jQREdgSyTzFzWBkjNzSKZmvJcec1JkbuSthyqLoY54Xyamdb3zKF8TaBrgy8tjVLPSVC,2025-11-28T00:23:25.000Z,AF4jW3tHUQTgcPVPhpkgKbDr8fWeD87CG3J4dLXC1Qfn,4gQT88rvHr6ay8XvmUUriL5FTjsSuvkvH8ybz3etVLBb,0.000006001,SOL,success
5793JWUyAQUrbXVeWMw9jQREdgSyTzFzWBkjNzSKZmvJcec1JkbuSthyqLoY54Xyamdb3zKF8TaBrgy8tjVLPSVC,2025-11-28T00:23:25.000Z,ARu4n5mFdZogZAravu7CcizaojWnS6oqka37gdLT5SZn,9yj3zvLS3fDMqi1F8zhkaWfq8TZpZWHe6cz1Sgt7djXf,0.002928088,SOL,success
5793JWUyAQUrbXVeWMw9jQREdgSyTzFzWBkjNzSKZmvJcec1JkbuSthyqLoY54Xyamdb3zKF8TaBrgy8tjVLPSVC,2025-11-28T00:23:25.000Z,ARu4n5mFdZogZAravu7CcizaojWnS6oqka37gdLT5SZn,AF4jW3tHUQTgcPVPhpkgKbDr8fWeD87CG3J4dLXC1Qfn,0.343592211,SOL,success
5793JWUyAQUrbXVeWMw9jQREdgSyTzFzWBkjNzSKZmvJcec1JkbuSthyqLoY54Xyamdb3zKF8TaBrgy8tjVLPSVC,2025-11-28T00:23:25.000Z,55ZNPyNU8rPoin41G5mkYugi1nAvWC1YSaGh7zMW92Gi,ARu4n5mFdZogZAravu7CcizaojWnS6oqka37gdLT5SZn,0.346520299,SOL,success
5793JWUyAQUrbXVeWMw9jQREdgSyTzFzWBkjNzSKZmvJcec1JkbuSthyqLoY54Xyamdb3zKF8TaBrgy8tjVLPSVC,2025-11-28T00:23:25.000Z,Gid3KijQy1q5nwWXvTzWTck8agPSf6MT9Lj9DYCp3mBE,ARu4n5mFdZogZAravu7CcizaojWnS6oqka37gdLT5SZn,0.344481019,TOKEN,success
5793JWUyAQUrbXVeWMw9jQREdgSyTzFzWBkjNzSKZmvJcec1JkbuSthyqLoY54Xyamdb3zKF8TaBrgy8tjVLPSVC,2025-11-28T00:23:25.000Z,Gid3KijQy1q5nwWXvTzWTck8agPSf6MT9Lj9DYCp3mBE,62qc2CNXwrYqQScmEdiZFFAnJR262PxWEuNQtxfafNgV,0.000174333,TOKEN,success
5793JWUyAQUrbXVeWMw9jQREdgSyTzFzWBkjNzSKZmvJcec1JkbuSthyqLoY54Xyamdb3zKF8TaBrgy8tjVLPSVC,2025-11-28T00:23:25.000Z,Gid3KijQy1q5nwWXvTzWTck8agPSf6MT9Lj9DYCp3mBE,3M5XJbfEFFzuqfCZsX8gBekRkQ1x4oX5GZQ7YVWtNaqP,0.003312318,TOKEN,success
5793JWUyAQUrbXVeWMw9jQREdgSyTzFzWBkjNzSKZmvJcec1JkbuSthyqLoY54Xyamdb3zKF8TaBrgy8tjVLPSVC,2025-11-28T00:23:25.000Z,ARu4n5mFdZogZAravu7CcizaojWnS6oqka37gdLT5SZn,AF4jW3tHUQTgcPVPhpkgKbDr8fWeD87CG3J4dLXC1Qfn,0.344481019,TOKEN,success
5793JWUyAQUrbXVeWMw9jQREdgSyTzFzWBkjNzSKZmvJcec1JkbuSthyqLoY54Xyamdb3zKF8TaBrgy8tjVLPSVC,2025-11-28T00:23:25.000Z,AF4jW3tHUQTgcPVPhpkgKbDr8fWeD87CG3J4dLXC1Qfn,ARu4n5mFdZogZAravu7CcizaojWnS6oqka37gdLT5SZn,389540.746938,TOKEN,success
5793JWUyAQUrbXVeWMw9jQREdgSyTzFzWBkjNzSKZmvJcec1JkbuSthyqLoY54Xyamdb3zKF8TaBrgy8tjVLPSVC,2025-11-28T00:23:25.000Z,ARu4n5mFdZogZAravu7CcizaojWnS6oqka37gdLT5SZn,Gid3KijQy1q5nwWXvTzWTck8agPSf6MT9Lj9DYCp3mBE,389540.746938,TOKEN,success
3Hjeb64bxtJ8srBKjTocvXCs957tqwFdYRLcNgZyydTUmLWu9RdbCTdyUQSpzbtH1QT5sNuhQLSZcH9EP9s7zEas,2025-11-27T13:25:10.000Z,AF4jW3tHUQTgcPVPhpkgKbDr8fWeD87CG3J4dLXC1Qfn,55ZNPyNU8rPoin41G5mkYugi1nAvWC1YSaGh7zMW92Gi,0.02186928,SOL,success
3Hjeb64bxtJ8srBKjTocvXCs957tqwFdYRLcNgZyydTUmLWu9RdbCTdyUQSpzbtH1QT5sNuhQLSZcH9EP9s7zEas,2025-11-27T13:25:10.000Z,AF4jW3tHUQTgcPVPhpkgKbDr8fWeD87CG3J4dLXC1Qfn,CcTNKBhQKYu7nB4eRrRFQoXEvpd6H5QnGKh93pwniBtp,0.000006,SOL,success
3Hjeb64bxtJ8srBKjTocvXCs957tqwFdYRLcNgZyydTUmLWu9RdbCTdyUQSpzbtH1QT5sNuhQLSZcH9EP9s7zEas,2025-11-27T13:25:10.000Z,AF4jW3tHUQTgcPVPhpkgKbDr8fWeD87CG3J4dLXC1Qfn,ARu4n5mFdZogZAravu7CcizaojWnS6oqka37gdLT5SZn,0.00017,SOL,success
3Hjeb64bxtJ8srBKjTocvXCs957tqwFdYRLcNgZyydTUmLWu9RdbCTdyUQSpzbtH1QT5sNuhQLSZcH9EP9s7zEas,2025-11-27T13:25:10.000Z,ARu4n5mFdZogZAravu7CcizaojWnS6oqka37gdLT5SZn,9yj3zvLS3fDMqi1F8zhkaWfq8TZpZWHe6cz1Sgt7djXf,0.00017,SOL,success
3Hjeb64bxtJ8srBKjTocvXCs957tqwFdYRLcNgZyydTUmLWu9RdbCTdyUQSpzbtH1QT5sNuhQLSZcH9EP9s7zEas,2025-11-27T13:25:10.000Z,55ZNPyNU8rPoin41G5mkYugi1nAvWC1YSaGh7zMW92Gi,AF4jW3tHUQTgcPVPhpkgKbDr8fWeD87CG3J4dLXC1Qfn,0.00203928,SOL,success
3Hjeb64bxtJ8srBKjTocvXCs957tqwFdYRLcNgZyydTUmLWu9RdbCTdyUQSpzbtH1QT5sNuhQLSZcH9EP9s7zEas,2025-11-27T13:25:10.000Z,AF4jW3tHUQTgcPVPhpkgKbDr8fWeD87CG3J4dLXC1Qfn,ARu4n5mFdZogZAravu7CcizaojWnS6oqka37gdLT5SZn,0.01983,TOKEN,success
3Hjeb64bxtJ8srBKjTocvXCs957tqwFdYRLcNgZyydTUmLWu9RdbCTdyUQSpzbtH1QT5sNuhQLSZcH9EP9s7zEas,2025-11-27T13:25:10.000Z,BD1jUfgyoykHNiPwvoPjU7sqxSbEcPRscuw2hChewNfJ,ARu4n5mFdZogZAravu7CcizaojWnS6oqka37gdLT5SZn,381870.223044,TOKEN,success
3Hjeb64bxtJ8srBKjTocvXCs957tqwFdYRLcNgZyydTUmLWu9RdbCTdyUQSpzbtH1QT5sNuhQLSZcH9EP9s7zEas,2025-11-27T13:25:10.000Z,ARu4n5mFdZogZAravu7CcizaojWnS6oqka37gdLT5SZn,BD1jUfgyoykHNiPwvoPjU7sqxSbEcPRscuw2hChewNfJ,0.019589101,TOKEN,success
3Hjeb64bxtJ8srBKjTocvXCs957tqwFdYRLcNgZyydTUmLWu9RdbCTdyUQSpzbtH1QT5sNuhQLSZcH9EP9s7zEas,2025-11-27T13:25:10.000Z,ARu4n5mFdZogZAravu7CcizaojWnS6oqka37gdLT5SZn,62qc2CNXwrYqQScmEdiZFFAnJR262PxWEuNQtxfafNgV,0.000182143,TOKEN,success
3Hjeb64bxtJ8srBKjTocvXCs957tqwFdYRLcNgZyydTUmLWu9RdbCTdyUQSpzbtH1QT5sNuhQLSZcH9EP9s7zEas,2025-11-27T13:25:10.000Z,ARu4n5mFdZogZAravu7CcizaojWnS6oqka37gdLT5SZn,A3h8xswEYyPwSdtVprfQbARRaTp2n9RRWn2G4y9StL6c,0.000058756,TOKEN,success
3Hjeb64bxtJ8srBKjTocvXCs957tqwFdYRLcNgZyydTUmLWu9RdbCTdyUQSpzbtH1QT5sNuhQLSZcH9EP9s7zEas,2025-11-27T13:25:10.000Z,ARu4n5mFdZogZAravu7CcizaojWnS6oqka37gdLT5SZn,AF4jW3tHUQTgcPVPhpkgKbDr8fWeD87CG3J4dLXC1Qfn,381870.223044,TOKEN,success
332af8D2W8cSYEXwrsLvhHiA2EmSMHSkwXcbMCcMk7576cS7aFgMjdTvyzDsSCkEVstcHciJL85iCHqiPndHKvgp,2025-11-27T09:03:06.000Z,AF4jW3tHUQTgcPVPhpkgKbDr8fWeD87CG3J4dLXC1Qfn,55ZNPyNU8rPoin41G5mkYugi1nAvWC1YSaGh7zMW92Gi,0.06152928,SOL,success
332af8D2W8cSYEXwrsLvhHiA2EmSMHSkwXcbMCcMk7576cS7aFgMjdTvyzDsSCkEVstcHciJL85iCHqiPndHKvgp,2025-11-27T09:03:06.000Z,AF4jW3tHUQTgcPVPhpkgKbDr8fWeD87CG3J4dLXC1Qfn,4gQT88rvHr6ay8XvmUUriL5FTjsSuvkvH8ybz3etVLBb,0.000006,SOL,success
332af8D2W8cSYEXwrsLvhHiA2EmSMHSkwXcbMCcMk7576cS7aFgMjdTvyzDsSCkEVstcHciJL85iCHqiPndHKvgp,2025-11-27T09:03:06.000Z,AF4jW3tHUQTgcPVPhpkgKbDr8fWeD87CG3J4dLXC1Qfn,ARu4n5mFdZogZAravu7CcizaojWnS6oqka37gdLT5SZn,0.00051,SOL,success
332af8D2W8cSYEXwrsLvhHiA2EmSMHSkwXcbMCcMk7576cS7aFgMjdTvyzDsSCkEVstcHciJL85iCHqiPndHKvgp,2025-11-27T09:03:06.000Z,ARu4n5mFdZogZAravu7CcizaojWnS6oqka37gdLT5SZn,9yj3zvLS3fDMqi1F8zhkaWfq8TZpZWHe6cz1Sgt7djXf,0.00051,SOL,success
332af8D2W8cSYEXwrsLvhHiA2EmSMHSkwXcbMCcMk7576cS7aFgMjdTvyzDsSCkEVstcHciJL85iCHqiPndHKvgp,2025-11-27T09:03:06.000Z,55ZNPyNU8rPoin41G5mkYugi1nAvWC1YSaGh7zMW92Gi,AF4jW3tHUQTgcPVPhpkgKbDr8fWeD87CG3J4dLXC1Qfn,0.00203928,SOL,success
332af8D2W8cSYEXwrsLvhHiA2EmSMHSkwXcbMCcMk7576cS7aFgMjdTvyzDsSCkEVstcHciJL85iCHqiPndHKvgp,2025-11-27T09:03:06.000Z,AF4jW3tHUQTgcPVPhpkgKbDr8fWeD87CG3J4dLXC1Qfn,ARu4n5mFdZogZAravu7CcizaojWnS6oqka37gdLT5SZn,0.05949,TOKEN,success
332af8D2W8cSYEXwrsLvhHiA2EmSMHSkwXcbMCcMk7576cS7aFgMjdTvyzDsSCkEVstcHciJL85iCHqiPndHKvgp,2025-11-27T09:03:06.000Z,BKA7zC19FwWzVxPHwxAe7ZTbgyqoC3wUsioK6pGs5pVx,ARu4n5mFdZogZAravu7CcizaojWnS6oqka37gdLT5SZn,34833.502798,TOKEN,success
332af8D2W8cSYEXwrsLvhHiA2EmSMHSkwXcbMCcMk7576cS7aFgMjdTvyzDsSCkEVstcHciJL85iCHqiPndHKvgp,2025-11-27T09:03:06.000Z,ARu4n5mFdZogZAravu7CcizaojWnS6oqka37gdLT5SZn,BKA7zC19FwWzVxPHwxAe7ZTbgyqoC3wUsioK6pGs5pVx,0.01175346,TOKEN,success
332af8D2W8cSYEXwrsLvhHiA2EmSMHSkwXcbMCcMk7576cS7aFgMjdTvyzDsSCkEVstcHciJL85iCHqiPndHKvgp,2025-11-27T09:03:06.000Z,ARu4n5mFdZogZAravu7CcizaojWnS6oqka37gdLT5SZn,62qc2CNXwrYqQScmEdiZFFAnJR262PxWEuNQtxfafNgV,0.000109286,TOKEN,success
332af8D2W8cSYEXwrsLvhHiA2EmSMHSkwXcbMCcMk7576cS7aFgMjdTvyzDsSCkEVstcHciJL85iCHqiPndHKvgp,2025-11-27T09:03:06.000Z,ARu4n5mFdZogZAravu7CcizaojWnS6oqka37gdLT5SZn,Evn7AcwQTGKZUVZxNhX46SvyoNCrvcQiYxueFyLRGkmm,0.000035254,TOKEN,success
332af8D2W8cSYEXwrsLvhHiA2EmSMHSkwXcbMCcMk7576cS7aFgMjdTvyzDsSCkEVstcHciJL85iCHqiPndHKvgp,2025-11-27T09:03:06.000Z,ARu4n5mFdZogZAravu7CcizaojWnS6oqka37gdLT5SZn,jwJpYNkXMWWoRuhFPqxYjTVzdwiHaVsvzV8SFfRQrMv,0.047592,TOKEN,success
332af8D2W8cSYEXwrsLvhHiA2EmSMHSkwXcbMCcMk7576cS7aFgMjdTvyzDsSCkEVstcHciJL85iCHqiPndHKvgp,2025-11-27T09:03:06.000Z,jwJpYNkXMWWoRuhFPqxYjTVzdwiHaVsvzV8SFfRQrMv,ARu4n5mFdZogZAravu7CcizaojWnS6oqka37gdLT5SZn,139313.43013,TOKEN,success
332af8D2W8cSYEXwrsLvhHiA2EmSMHSkwXcbMCcMk7576cS7aFgMjdTvyzDsSCkEVstcHciJL85iCHqiPndHKvgp,2025-11-27T09:03:06.000Z,ARu4n5mFdZogZAravu7CcizaojWnS6oqka37gdLT5SZn,AF4jW3tHUQTgcPVPhpkgKbDr8fWeD87CG3J4dLXC1Qfn,174146.932928,TOKEN,success
5YwBxuApQPJxjc69JfijpVuG8eAAdxVfitMgkam3xVg99D4wVrdFjBGY3YCEDK3D4dTZnam1trG1wfBXuRA7eEii,2025-11-27T09:01:45.000Z,AF4jW3tHUQTgcPVPhpkgKbDr8fWeD87CG3J4dLXC1Qfn,55ZNPyNU8rPoin41G5mkYugi1nAvWC1YSaGh7zMW92Gi,0.00203928,SOL,success
5YwBxuApQPJxjc69JfijpVuG8eAAdxVfitMgkam3xVg99D4wVrdFjBGY3YCEDK3D4dTZnam1trG1wfBXuRA7eEii,2025-11-27T09:01:45.000Z,AF4jW3tHUQTgcPVPhpkgKbDr8fWeD87CG3J4dLXC1Qfn,CcTNKBhQKYu7nB4eRrRFQoXEvpd6H5QnGKh93pwniBtp,0.000006,SOL,success
5YwBxuApQPJxjc69JfijpVuG8eAAdxVfitMgkam3xVg99D4wVrdFjBGY3YCEDK3D4dTZnam1trG1wfBXuRA7eEii,2025-11-27T09:01:45.000Z,ARu4n5mFdZogZAravu7CcizaojWnS6oqka37gdLT5SZn,9yj3zvLS3fDMqi1F8zhkaWfq8TZpZWHe6cz1Sgt7djXf,0.000698762,SOL,success
5YwBxuApQPJxjc69JfijpVuG8eAAdxVfitMgkam3xVg99D4wVrdFjBGY3YCEDK3D4dTZnam1trG1wfBXuRA7eEii,2025-11-27T09:01:45.000Z,ARu4n5mFdZogZAravu7CcizaojWnS6oqka37gdLT5SZn,AF4jW3tHUQTgcPVPhpkgKbDr8fWeD87CG3J4dLXC1Qfn,0.083547905,SOL,success
5YwBxuApQPJxjc69JfijpVuG8eAAdxVfitMgkam3xVg99D4wVrdFjBGY3YCEDK3D4dTZnam1trG1wfBXuRA7eEii,2025-11-27T09:01:45.000Z,55ZNPyNU8rPoin41G5mkYugi1nAvWC1YSaGh7zMW92Gi,ARu4n5mFdZogZAravu7CcizaojWnS6oqka37gdLT5SZn,0.084246667,SOL,success
5YwBxuApQPJxjc69JfijpVuG8eAAdxVfitMgkam3xVg99D4wVrdFjBGY3YCEDK3D4dTZnam1trG1wfBXuRA7eEii,2025-11-27T09:01:45.000Z,GpMZbSM2GgvTKHJirzeGfMFoaZ8UR2X7F4v8vHTvxFbL,ARu4n5mFdZogZAravu7CcizaojWnS6oqka37gdLT5SZn,11.722968,TOKEN,success
5YwBxuApQPJxjc69JfijpVuG8eAAdxVfitMgkam3xVg99D4wVrdFjBGY3YCEDK3D4dTZnam1trG1wfBXuRA7eEii,2025-11-27T09:01:45.000Z,ARu4n5mFdZogZAravu7CcizaojWnS6oqka37gdLT5SZn,AF4jW3tHUQTgcPVPhpkgKbDr8fWeD87CG3J4dLXC1Qfn,0.082207387,TOKEN,success
5YwBxuApQPJxjc69JfijpVuG8eAAdxVfitMgkam3xVg99D4wVrdFjBGY3YCEDK3D4dTZnam1trG1wfBXuRA7eEii,2025-11-27T09:01:45.000Z,6n9VhCwQ7EwK6NqFDjnHPzEk6wZdRBTfh43RFgHQWHuQ,ARu4n5mFdZogZAravu7CcizaojWnS6oqka37gdLT5SZn,0.082207387,TOKEN,success
5YwBxuApQPJxjc69JfijpVuG8eAAdxVfitMgkam3xVg99D4wVrdFjBGY3YCEDK3D4dTZnam1trG1wfBXuRA7eEii,2025-11-27T09:01:45.000Z,ARu4n5mFdZogZAravu7CcizaojWnS6oqka37gdLT5SZn,6n9VhCwQ7EwK6NqFDjnHPzEk6wZdRBTfh43RFgHQWHuQ,11.722968,TOKEN,success
5YwBxuApQPJxjc69JfijpVuG8eAAdxVfitMgkam3xVg99D4wVrdFjBGY3YCEDK3D4dTZnam1trG1wfBXuRA7eEii,2025-11-27T09:01:45.000Z,AF4jW3tHUQTgcPVPhpkgKbDr8fWeD87CG3J4dLXC1Qfn,ARu4n5mFdZogZAravu7CcizaojWnS6oqka37gdLT5SZn,90131.276605,TOKEN,success
5YwBxuApQPJxjc69JfijpVuG8eAAdxVfitMgkam3xVg99D4wVrdFjBGY3YCEDK3D4dTZnam1trG1wfBXuRA7eEii,2025-11-27T09:01:45.000Z,ARu4n5mFdZogZAravu7CcizaojWnS6oqka37gdLT5SZn,GpMZbSM2GgvTKHJirzeGfMFoaZ8UR2X7F4v8vHTvxFbL,90131.276605,TOKEN,success
2iCfRMhroqbvjubt5pPEVtJizAtBtwepq9SKzRmrrX2cdnzJkGo687ofggH9UqcmqX7LRqKR8ooCTMyuD3zamzku,2025-11-27T07:22:45.000Z,AF4jW3tHUQTgcPVPhpkgKbDr8fWeD87CG3J4dLXC1Qfn,55ZNPyNU8rPoin41G5mkYugi1nAvWC1YSaGh7zMW92Gi,0.08135928,SOL,success
2iCfRMhroqbvjubt5pPEVtJizAtBtwepq9SKzRmrrX2cdnzJkGo687ofggH9UqcmqX7LRqKR8ooCTMyuD3zamzku,2025-11-27T07:22:45.000Z,AF4jW3tHUQTgcPVPhpkgKbDr8fWeD87CG3J4dLXC1Qfn,CcTNKBhQKYu7nB4eRrRFQoXEvpd6H5QnGKh93pwniBtp,0.000006,SOL,success
2iCfRMhroqbvjubt5pPEVtJizAtBtwepq9SKzRmrrX2cdnzJkGo687ofggH9UqcmqX7LRqKR8ooCTMyuD3zamzku,2025-11-27T07:22:45.000Z,AF4jW3tHUQTgcPVPhpkgKbDr8fWeD87CG3J4dLXC1Qfn,ARu4n5mFdZogZAravu7CcizaojWnS6oqka37gdLT5SZn,0.00068,SOL,success
2iCfRMhroqbvjubt5pPEVtJizAtBtwepq9SKzRmrrX2cdnzJkGo687ofggH9UqcmqX7LRqKR8ooCTMyuD3zamzku,2025-11-27T07:22:45.000Z,ARu4n5mFdZogZAravu7CcizaojWnS6oqka37gdLT5SZn,9yj3zvLS3fDMqi1F8zhkaWfq8TZpZWHe6cz1Sgt7djXf,0.00068,SOL,success
2iCfRMhroqbvjubt5pPEVtJizAtBtwepq9SKzRmrrX2cdnzJkGo687ofggH9UqcmqX7LRqKR8ooCTMyuD3zamzku,2025-11-27T07:22:45.000Z,55ZNPyNU8rPoin41G5mkYugi1nAvWC1YSaGh7zMW92Gi,AF4jW3tHUQTgcPVPhpkgKbDr8fWeD87CG3J4dLXC1Qfn,0.00203928,SOL,success
2iCfRMhroqbvjubt5pPEVtJizAtBtwepq9SKzRmrrX2cdnzJkGo687ofggH9UqcmqX7LRqKR8ooCTMyuD3zamzku,2025-11-27T07:22:45.000Z,AF4jW3tHUQTgcPVPhpkgKbDr8fWeD87CG3J4dLXC1Qfn,ARu4n5mFdZogZAravu7CcizaojWnS6oqka37gdLT5SZn,0.07932,TOKEN,success
2iCfRMhroqbvjubt5pPEVtJizAtBtwepq9SKzRmrrX2cdnzJkGo687ofggH9UqcmqX7LRqKR8ooCTMyuD3zamzku,2025-11-27T07:22:45.000Z,ARu4n5mFdZogZAravu7CcizaojWnS6oqka37gdLT5SZn,GpMZbSM2GgvTKHJirzeGfMFoaZ8UR2X7F4v8vHTvxFbL,11.420042,TOKEN,success
2iCfRMhroqbvjubt5pPEVtJizAtBtwepq9SKzRmrrX2cdnzJkGo687ofggH9UqcmqX7LRqKR8ooCTMyuD3zamzku,2025-11-27T07:22:45.000Z,ARu4n5mFdZogZAravu7CcizaojWnS6oqka37gdLT5SZn,4ynTYgJK5ruYx3AZMRjCHrJk1qkm61fePF7dkbvRQD46,0.07932,TOKEN,success
2iCfRMhroqbvjubt5pPEVtJizAtBtwepq9SKzRmrrX2cdnzJkGo687ofggH9UqcmqX7LRqKR8ooCTMyuD3zamzku,2025-11-27T07:22:45.000Z,4ynTYgJK5ruYx3AZMRjCHrJk1qkm61fePF7dkbvRQD46,ARu4n5mFdZogZAravu7CcizaojWnS6oqka37gdLT5SZn,11.420042,TOKEN,success
2iCfRMhroqbvjubt5pPEVtJizAtBtwepq9SKzRmrrX2cdnzJkGo687ofggH9UqcmqX7LRqKR8ooCTMyuD3zamzku,2025-11-27T07:22:45.000Z,GpMZbSM2GgvTKHJirzeGfMFoaZ8UR2X7F4v8vHTvxFbL,ARu4n5mFdZogZAravu7CcizaojWnS6oqka37gdLT5SZn,90131.276605,TOKEN,success
2iCfRMhroqbvjubt5pPEVtJizAtBtwepq9SKzRmrrX2cdnzJkGo687ofggH9UqcmqX7LRqKR8ooCTMyuD3zamzku,2025-11-27T07:22:45.000Z,ARu4n5mFdZogZAravu7CcizaojWnS6oqka37gdLT5SZn,AF4jW3tHUQTgcPVPhpkgKbDr8fWeD87CG3J4dLXC1Qfn,90131.276605,TOKEN,success
5Tm5fLMgMd3kA9qZDdQ5Zruy3xEzKXpbf3BUzTx1EggM7pTowgzwx6jdm2Q5FdrdbY1cNDGEAJFvhSgSWPK2rkgv,2025-11-26T22:50:03.000Z,AF4jW3tHUQTgcPVPhpkgKbDr8fWeD87CG3J4dLXC1Qfn,55ZNPyNU8rPoin41G5mkYugi1nAvWC1YSaGh7zMW92Gi,0.10203928,SOL,success
5Tm5fLMgMd3kA9qZDdQ5Zruy3xEzKXpbf3BUzTx1EggM7pTowgzwx6jdm2Q5FdrdbY1cNDGEAJFvhSgSWPK2rkgv,2025-11-26T22:50:03.000Z,AF4jW3tHUQTgcPVPhpkgKbDr8fWeD87CG3J4dLXC1Qfn,6HRgJMRmjaj2svP9GpRbUU5TPzLAHnBW3sHgYVbirWYE,0.000006,SOL,success
5Tm5fLMgMd3kA9qZDdQ5Zruy3xEzKXpbf3BUzTx1EggM7pTowgzwx6jdm2Q5FdrdbY1cNDGEAJFvhSgSWPK2rkgv,2025-11-26T22:50:03.000Z,55ZNPyNU8rPoin41G5mkYugi1nAvWC1YSaGh7zMW92Gi,AF4jW3tHUQTgcPVPhpkgKbDr8fWeD87CG3J4dLXC1Qfn,0.00203928,SOL,success
5Tm5fLMgMd3kA9qZDdQ5Zruy3xEzKXpbf3BUzTx1EggM7pTowgzwx6jdm2Q5FdrdbY1cNDGEAJFvhSgSWPK2rkgv,2025-11-26T22:50:03.000Z,AF4jW3tHUQTgcPVPhpkgKbDr8fWeD87CG3J4dLXC1Qfn,ARu4n5mFdZogZAravu7CcizaojWnS6oqka37gdLT5SZn,0.1,TOKEN,success
5Tm5fLMgMd3kA9qZDdQ5Zruy3xEzKXpbf3BUzTx1EggM7pTowgzwx6jdm2Q5FdrdbY1cNDGEAJFvhSgSWPK2rkgv,2025-11-26T22:50:03.000Z,ARu4n5mFdZogZAravu7CcizaojWnS6oqka37gdLT5SZn,H8dd81QymYuXB1oCpJuAC7hwTaF9tNYFmthZhD72aihf,0.099011856,TOKEN,success
5Tm5fLMgMd3kA9qZDdQ5Zruy3xEzKXpbf3BUzTx1EggM7pTowgzwx6jdm2Q5FdrdbY1cNDGEAJFvhSgSWPK2rkgv,2025-11-26T22:50:03.000Z,ARu4n5mFdZogZAravu7CcizaojWnS6oqka37gdLT5SZn,62qc2CNXwrYqQScmEdiZFFAnJR262PxWEuNQtxfafNgV,0.000049408,TOKEN,success
5Tm5fLMgMd3kA9qZDdQ5Zruy3xEzKXpbf3BUzTx1EggM7pTowgzwx6jdm2Q5FdrdbY1cNDGEAJFvhSgSWPK2rkgv,2025-11-26T22:50:03.000Z,ARu4n5mFdZogZAravu7CcizaojWnS6oqka37gdLT5SZn,8fWwRsQKtMz24cfDZkDsA9XYbBUT4E5Mh4xei6BJ43xo,0.000938736,TOKEN,success
5Tm5fLMgMd3kA9qZDdQ5Zruy3xEzKXpbf3BUzTx1EggM7pTowgzwx6jdm2Q5FdrdbY1cNDGEAJFvhSgSWPK2rkgv,2025-11-26T22:50:03.000Z,H8dd81QymYuXB1oCpJuAC7hwTaF9tNYFmthZhD72aihf,ARu4n5mFdZogZAravu7CcizaojWnS6oqka37gdLT5SZn,154167.146367,TOKEN,success
5Tm5fLMgMd3kA9qZDdQ5Zruy3xEzKXpbf3BUzTx1EggM7pTowgzwx6jdm2Q5FdrdbY1cNDGEAJFvhSgSWPK2rkgv,2025-11-26T22:50:03.000Z,ARu4n5mFdZogZAravu7CcizaojWnS6oqka37gdLT5SZn,8psNvWTrdNTiVRNzAgsou9kETXNJm2SXZyaKuJraVRtf,1310.420744,TOKEN,success
5Tm5fLMgMd3kA9qZDdQ5Zruy3xEzKXpbf3BUzTx1EggM7pTowgzwx6jdm2Q5FdrdbY1cNDGEAJFvhSgSWPK2rkgv,2025-11-26T22:50:03.000Z,ARu4n5mFdZogZAravu7CcizaojWnS6oqka37gdLT5SZn,AF4jW3tHUQTgcPVPhpkgKbDr8fWeD87CG3J4dLXC1Qfn,152856.725623,TOKEN,success
2k38ZPgoFurHr7W64Za31c8dVSJLSnaCcw3yZuHfxPUh4iNtZM1MtA9it5daqhqBvShPpPpAmtbb1nyQP9WMXmWv,2025-11-26T22:48:17.000Z,AF4jW3tHUQTgcPVPhpkgKbDr8fWeD87CG3J4dLXC1Qfn,55ZNPyNU8rPoin41G5mkYugi1nAvWC1YSaGh7zMW92Gi,0.00203928,SOL,success
2k38ZPgoFurHr7W64Za31c8dVSJLSnaCcw3yZuHfxPUh4iNtZM1MtA9it5daqhqBvShPpPpAmtbb1nyQP9WMXmWv,2025-11-26T22:48:17.000Z,AF4jW3tHUQTgcPVPhpkgKbDr8fWeD87CG3J4dLXC1Qfn,6HRgJMRmjaj2svP9GpRbUU5TPzLAHnBW3sHgYVbirWYE,0.000006,SOL,success
2k38ZPgoFurHr7W64Za31c8dVSJLSnaCcw3yZuHfxPUh4iNtZM1MtA9it5daqhqBvShPpPpAmtbb1nyQP9WMXmWv,2025-11-26T22:48:17.000Z,ARu4n5mFdZogZAravu7CcizaojWnS6oqka37gdLT5SZn,9yj3zvLS3fDMqi1F8zhkaWfq8TZpZWHe6cz1Sgt7djXf,0.001612909,SOL,success
2k38ZPgoFurHr7W64Za31c8dVSJLSnaCcw3yZuHfxPUh4iNtZM1MtA9it5daqhqBvShPpPpAmtbb1nyQP9WMXmWv,2025-11-26T22:48:17.000Z,ARu4n5mFdZogZAravu7CcizaojWnS6oqka37gdLT5SZn,AF4jW3tHUQTgcPVPhpkgKbDr8fWeD87CG3J4dLXC1Qfn,0.19018045,SOL,success
2k38ZPgoFurHr7W64Za31c8dVSJLSnaCcw3yZuHfxPUh4iNtZM1MtA9it5daqhqBvShPpPpAmtbb1nyQP9WMXmWv,2025-11-26T22:48:17.000Z,55ZNPyNU8rPoin41G5mkYugi1nAvWC1YSaGh7zMW92Gi,ARu4n5mFdZogZAravu7CcizaojWnS6oqka37gdLT5SZn,0.191793359,SOL,success
2k38ZPgoFurHr7W64Za31c8dVSJLSnaCcw3yZuHfxPUh4iNtZM1MtA9it5daqhqBvShPpPpAmtbb1nyQP9WMXmWv,2025-11-26T22:48:17.000Z,9sLHkSy7Vx33xVDL2mQxsFMd7D7MS661dXLnm3y6dNp2,ARu4n5mFdZogZAravu7CcizaojWnS6oqka37gdLT5SZn,0.189754079,TOKEN,success
2k38ZPgoFurHr7W64Za31c8dVSJLSnaCcw3yZuHfxPUh4iNtZM1MtA9it5daqhqBvShPpPpAmtbb1nyQP9WMXmWv,2025-11-26T22:48:17.000Z,9sLHkSy7Vx33xVDL2mQxsFMd7D7MS661dXLnm3y6dNp2,62qc2CNXwrYqQScmEdiZFFAnJR262PxWEuNQtxfafNgV,0.00009603,TOKEN,success
2k38ZPgoFurHr7W64Za31c8dVSJLSnaCcw3yZuHfxPUh4iNtZM1MtA9it5daqhqBvShPpPpAmtbb1nyQP9WMXmWv,2025-11-26T22:48:17.000Z,9sLHkSy7Vx33xVDL2mQxsFMd7D7MS661dXLnm3y6dNp2,J3BA7nFnUCequ7vRmsNGnPCyoW4KUvVJqz4SDeMTEde4,0.001824559,TOKEN,success
2k38ZPgoFurHr7W64Za31c8dVSJLSnaCcw3yZuHfxPUh4iNtZM1MtA9it5daqhqBvShPpPpAmtbb1nyQP9WMXmWv,2025-11-26T22:48:17.000Z,ARu4n5mFdZogZAravu7CcizaojWnS6oqka37gdLT5SZn,AF4jW3tHUQTgcPVPhpkgKbDr8fWeD87CG3J4dLXC1Qfn,0.189754079,TOKEN,success
2k38ZPgoFurHr7W64Za31c8dVSJLSnaCcw3yZuHfxPUh4iNtZM1MtA9it5daqhqBvShPpPpAmtbb1nyQP9WMXmWv,2025-11-26T22:48:17.000Z,AF4jW3tHUQTgcPVPhpkgKbDr8fWeD87CG3J4dLXC1Qfn,ARu4n5mFdZogZAravu7CcizaojWnS6oqka37gdLT5SZn,244831.490458,TOKEN,success
2k38ZPgoFurHr7W64Za31c8dVSJLSnaCcw3yZuHfxPUh4iNtZM1MtA9it5daqhqBvShPpPpAmtbb1nyQP9WMXmWv,2025-11-26T22:48:17.000Z,ARu4n5mFdZogZAravu7CcizaojWnS6oqka37gdLT5SZn,9sLHkSy7Vx33xVDL2mQxsFMd7D7MS661dXLnm3y6dNp2,244831.490458,TOKEN,success
fHYwsVJBX6ZiaXmBSgpvfUXE5kdUoakeLmzbjdCnv563KaR4XVjHdP4Mo9s2DGQv72beswETfVQjUMhJ7yEdDkc,2025-11-26T18:21:58.000Z,AF4jW3tHUQTgcPVPhpkgKbDr8fWeD87CG3J4dLXC1Qfn,55ZNPyNU8rPoin41G5mkYugi1nAvWC1YSaGh7zMW92Gi,0.02186928,SOL,success
fHYwsVJBX6ZiaXmBSgpvfUXE5kdUoakeLmzbjdCnv563KaR4XVjHdP4Mo9s2DGQv72beswETfVQjUMhJ7yEdDkc,2025-11-26T18:21:58.000Z,AF4jW3tHUQTgcPVPhpkgKbDr8fWeD87CG3J4dLXC1Qfn,CcTNKBhQKYu7nB4eRrRFQoXEvpd6H5QnGKh93pwniBtp,0.000006,SOL,success
fHYwsVJBX6ZiaXmBSgpvfUXE5kdUoakeLmzbjdCnv563KaR4XVjHdP4Mo9s2DGQv72beswETfVQjUMhJ7yEdDkc,2025-11-26T18:21:58.000Z,AF4jW3tHUQTgcPVPhpkgKbDr8fWeD87CG3J4dLXC1Qfn,ARu4n5mFdZogZAravu7CcizaojWnS6oqka37gdLT5SZn,0.00017,SOL,success
fHYwsVJBX6ZiaXmBSgpvfUXE5kdUoakeLmzbjdCnv563KaR4XVjHdP4Mo9s2DGQv72beswETfVQjUMhJ7yEdDkc,2025-11-26T18:21:58.000Z,ARu4n5mFdZogZAravu7CcizaojWnS6oqka37gdLT5SZn,9yj3zvLS3fDMqi1F8zhkaWfq8TZpZWHe6cz1Sgt7djXf,0.00017,SOL,success
fHYwsVJBX6ZiaXmBSgpvfUXE5kdUoakeLmzbjdCnv563KaR4XVjHdP4Mo9s2DGQv72beswETfVQjUMhJ7yEdDkc,2025-11-26T18:21:58.000Z,55ZNPyNU8rPoin41G5mkYugi1nAvWC1YSaGh7zMW92Gi,AF4jW3tHUQTgcPVPhpkgKbDr8fWeD87CG3J4dLXC1Qfn,0.00203928,SOL,success
fHYwsVJBX6ZiaXmBSgpvfUXE5kdUoakeLmzbjdCnv563KaR4XVjHdP4Mo9s2DGQv72beswETfVQjUMhJ7yEdDkc,2025-11-26T18:21:58.000Z,AF4jW3tHUQTgcPVPhpkgKbDr8fWeD87CG3J4dLXC1Qfn,ARu4n5mFdZogZAravu7CcizaojWnS6oqka37gdLT5SZn,0.01983,TOKEN,success
fHYwsVJBX6ZiaXmBSgpvfUXE5kdUoakeLmzbjdCnv563KaR4XVjHdP4Mo9s2DGQv72beswETfVQjUMhJ7yEdDkc,2025-11-26T18:21:58.000Z,CSe5Jj6fwt7oezJQ6w8cguHzG5RUtr8qsfskJNCnR3Le,ARu4n5mFdZogZAravu7CcizaojWnS6oqka37gdLT5SZn,1007658.925851,TOKEN,success
fHYwsVJBX6ZiaXmBSgpvfUXE5kdUoakeLmzbjdCnv563KaR4XVjHdP4Mo9s2DGQv72beswETfVQjUMhJ7yEdDkc,2025-11-26T18:21:58.000Z,ARu4n5mFdZogZAravu7CcizaojWnS6oqka37gdLT5SZn,CSe5Jj6fwt7oezJQ6w8cguHzG5RUtr8qsfskJNCnR3Le,0.019589101,TOKEN,success
fHYwsVJBX6ZiaXmBSgpvfUXE5kdUoakeLmzbjdCnv563KaR4XVjHdP4Mo9s2DGQv72beswETfVQjUMhJ7yEdDkc,2025-11-26T18:21:58.000Z,ARu4n5mFdZogZAravu7CcizaojWnS6oqka37gdLT5SZn,62qc2CNXwrYqQScmEdiZFFAnJR262PxWEuNQtxfafNgV,0.000182143,TOKEN,success
fHYwsVJBX6ZiaXmBSgpvfUXE5kdUoakeLmzbjdCnv563KaR4XVjHdP4Mo9s2DGQv72beswETfVQjUMhJ7yEdDkc,2025-11-26T18:21:58.000Z,ARu4n5mFdZogZAravu7CcizaojWnS6oqka37gdLT5SZn,A6oP59h5YPEe1Txm9qD5HF4Zi5QqkC2KWdF4DrmYPpY5,0.000058756,TOKEN,success
fHYwsVJBX6ZiaXmBSgpvfUXE5kdUoakeLmzbjdCnv563KaR4XVjHdP4Mo9s2DGQv72beswETfVQjUMhJ7yEdDkc,2025-11-26T18:21:58.000Z,ARu4n5mFdZogZAravu7CcizaojWnS6oqka37gdLT5SZn,AF4jW3tHUQTgcPVPhpkgKbDr8fWeD87CG3J4dLXC1Qfn,1007658.925851,TOKEN,success
tHvp2WLdmpLrKqxHpR7bkK6UVR1bY3DCWNChB5F5ZA6qWLRNf1Br2RL3VuFsTQSBjmhQ8cWQXHVQL53pi3GeLMP,2025-11-26T14:07:43.000Z,AF4jW3tHUQTgcPVPhpkgKbDr8fWeD87CG3J4dLXC1Qfn,55ZNPyNU8rPoin41G5mkYugi1nAvWC1YSaGh7zMW92Gi,0.02186928,SOL,success
tHvp2WLdmpLrKqxHpR7bkK6UVR1bY3DCWNChB5F5ZA6qWLRNf1Br2RL3VuFsTQSBjmhQ8cWQXHVQL53pi3GeLMP,2025-11-26T14:07:43.000Z,AF4jW3tHUQTgcPVPhpkgKbDr8fWeD87CG3J4dLXC1Qfn,CcTNKBhQKYu7nB4eRrRFQoXEvpd6H5QnGKh93pwniBtp,0.000008001,SOL,success
tHvp2WLdmpLrKqxHpR7bkK6UVR1bY3DCWNChB5F5ZA6qWLRNf1Br2RL3VuFsTQSBjmhQ8cWQXHVQL53pi3GeLMP,2025-11-26T14:07:43.000Z,AF4jW3tHUQTgcPVPhpkgKbDr8fWeD87CG3J4dLXC1Qfn,ARu4n5mFdZogZAravu7CcizaojWnS6oqka37gdLT5SZn,0.00017,SOL,success
tHvp2WLdmpLrKqxHpR7bkK6UVR1bY3DCWNChB5F5ZA6qWLRNf1Br2RL3VuFsTQSBjmhQ8cWQXHVQL53pi3GeLMP,2025-11-26T14:07:43.000Z,ARu4n5mFdZogZAravu7CcizaojWnS6oqka37gdLT5SZn,9yj3zvLS3fDMqi1F8zhkaWfq8TZpZWHe6cz1Sgt7djXf,0.00017,SOL,success
tHvp2WLdmpLrKqxHpR7bkK6UVR1bY3DCWNChB5F5ZA6qWLRNf1Br2RL3VuFsTQSBjmhQ8cWQXHVQL53pi3GeLMP,2025-11-26T14:07:43.000Z,55ZNPyNU8rPoin41G5mkYugi1nAvWC1YSaGh7zMW92Gi,AF4jW3tHUQTgcPVPhpkgKbDr8fWeD87CG3J4dLXC1Qfn,0.00203928,SOL,success
tHvp2WLdmpLrKqxHpR7bkK6UVR1bY3DCWNChB5F5ZA6qWLRNf1Br2RL3VuFsTQSBjmhQ8cWQXHVQL53pi3GeLMP,2025-11-26T14:07:43.000Z,AF4jW3tHUQTgcPVPhpkgKbDr8fWeD87CG3J4dLXC1Qfn,ARu4n5mFdZogZAravu7CcizaojWnS6oqka37gdLT5SZn,0.01983,TOKEN,success
tHvp2WLdmpLrKqxHpR7bkK6UVR1bY3DCWNChB5F5ZA6qWLRNf1Br2RL3VuFsTQSBjmhQ8cWQXHVQL53pi3GeLMP,2025-11-26T14:07:43.000Z,BD1jUfgyoykHNiPwvoPjU7sqxSbEcPRscuw2hChewNfJ,ARu4n5mFdZogZAravu7CcizaojWnS6oqka37gdLT5SZn,328705.577495,TOKEN,success
tHvp2WLdmpLrKqxHpR7bkK6UVR1bY3DCWNChB5F5ZA6qWLRNf1Br2RL3VuFsTQSBjmhQ8cWQXHVQL53pi3GeLMP,2025-11-26T14:07:43.000Z,ARu4n5mFdZogZAravu7CcizaojWnS6oqka37gdLT5SZn,BD1jUfgyoykHNiPwvoPjU7sqxSbEcPRscuw2hChewNfJ,0.019589101,TOKEN,success
tHvp2WLdmpLrKqxHpR7bkK6UVR1bY3DCWNChB5F5ZA6qWLRNf1Br2RL3VuFsTQSBjmhQ8cWQXHVQL53pi3GeLMP,2025-11-26T14:07:43.000Z,ARu4n5mFdZogZAravu7CcizaojWnS6oqka37gdLT5SZn,62qc2CNXwrYqQScmEdiZFFAnJR262PxWEuNQtxfafNgV,0.000182143,TOKEN,success
tHvp2WLdmpLrKqxHpR7bkK6UVR1bY3DCWNChB5F5ZA6qWLRNf1Br2RL3VuFsTQSBjmhQ8cWQXHVQL53pi3GeLMP,2025-11-26T14:07:43.000Z,ARu4n5mFdZogZAravu7CcizaojWnS6oqka37gdLT5SZn,A3h8xswEYyPwSdtVprfQbARRaTp2n9RRWn2G4y9StL6c,0.000058756,TOKEN,success
tHvp2WLdmpLrKqxHpR7bkK6UVR1bY3DCWNChB5F5ZA6qWLRNf1Br2RL3VuFsTQSBjmhQ8cWQXHVQL53pi3GeLMP,2025-11-26T14:07:43.000Z,ARu4n5mFdZogZAravu7CcizaojWnS6oqka37gdLT5SZn,AF4jW3tHUQTgcPVPhpkgKbDr8fWeD87CG3J4dLXC1Qfn,328705.577495,TOKEN,success
hXCy9Kk7RDPwTtKcJPMuuXbtSyP2yH8X5xWmaEjcs5PWEgAr4HXSWk2WVMCXCKxwFdxdV3BHtn6NiS8CsrpA3yM,2025-11-26T13:59:02.000Z,AF4jW3tHUQTgcPVPhpkgKbDr8fWeD87CG3J4dLXC1Qfn,55ZNPyNU8rPoin41G5mkYugi1nAvWC1YSaGh7zMW92Gi,0.02186928,SOL,success
hXCy9Kk7RDPwTtKcJPMuuXbtSyP2yH8X5xWmaEjcs5PWEgAr4HXSWk2WVMCXCKxwFdxdV3BHtn6NiS8CsrpA3yM,2025-11-26T13:59:02.000Z,AF4jW3tHUQTgcPVPhpkgKbDr8fWeD87CG3J4dLXC1Qfn,CcTNKBhQKYu7nB4eRrRFQoXEvpd6H5QnGKh93pwniBtp,0.000007484,SOL,success
hXCy9Kk7RDPwTtKcJPMuuXbtSyP2yH8X5xWmaEjcs5PWEgAr4HXSWk2WVMCXCKxwFdxdV3BHtn6NiS8CsrpA3yM,2025-11-26T13:59:02.000Z,AF4jW3tHUQTgcPVPhpkgKbDr8fWeD87CG3J4dLXC1Qfn,ARu4n5mFdZogZAravu7CcizaojWnS6oqka37gdLT5SZn,0.00017,SOL,success
hXCy9Kk7RDPwTtKcJPMuuXbtSyP2yH8X5xWmaEjcs5PWEgAr4HXSWk2WVMCXCKxwFdxdV3BHtn6NiS8CsrpA3yM,2025-11-26T13:59:02.000Z,ARu4n5mFdZogZAravu7CcizaojWnS6oqka37gdLT5SZn,9yj3zvLS3fDMqi1F8zhkaWfq8TZpZWHe6cz1Sgt7djXf,0.00017,SOL,success
hXCy9Kk7RDPwTtKcJPMuuXbtSyP2yH8X5xWmaEjcs5PWEgAr4HXSWk2WVMCXCKxwFdxdV3BHtn6NiS8CsrpA3yM,2025-11-26T13:59:02.000Z,55ZNPyNU8rPoin41G5mkYugi1nAvWC1YSaGh7zMW92Gi,AF4jW3tHUQTgcPVPhpkgKbDr8fWeD87CG3J4dLXC1Qfn,0.00203928,SOL,success
hXCy9Kk7RDPwTtKcJPMuuXbtSyP2yH8X5xWmaEjcs5PWEgAr4HXSWk2WVMCXCKxwFdxdV3BHtn6NiS8CsrpA3yM,2025-11-26T13:59:02.000Z,AF4jW3tHUQTgcPVPhpkgKbDr8fWeD87CG3J4dLXC1Qfn,ARu4n5mFdZogZAravu7CcizaojWnS6oqka37gdLT5SZn,0.01983,TOKEN,success
hXCy9Kk7RDPwTtKcJPMuuXbtSyP2yH8X5xWmaEjcs5PWEgAr4HXSWk2WVMCXCKxwFdxdV3BHtn6NiS8CsrpA3yM,2025-11-26T13:59:02.000Z,BD1jUfgyoykHNiPwvoPjU7sqxSbEcPRscuw2hChewNfJ,ARu4n5mFdZogZAravu7CcizaojWnS6oqka37gdLT5SZn,306596.544904,TOKEN,success
hXCy9Kk7RDPwTtKcJPMuuXbtSyP2yH8X5xWmaEjcs5PWEgAr4HXSWk2WVMCXCKxwFdxdV3BHtn6NiS8CsrpA3yM,2025-11-26T13:59:02.000Z,ARu4n5mFdZogZAravu7CcizaojWnS6oqka37gdLT5SZn,BD1jUfgyoykHNiPwvoPjU7sqxSbEcPRscuw2hChewNfJ,0.019589101,TOKEN,success
hXCy9Kk7RDPwTtKcJPMuuXbtSyP2yH8X5xWmaEjcs5PWEgAr4HXSWk2WVMCXCKxwFdxdV3BHtn6NiS8CsrpA3yM,2025-11-26T13:59:02.000Z,ARu4n5mFdZogZAravu7CcizaojWnS6oqka37gdLT5SZn,62qc2CNXwrYqQScmEdiZFFAnJR262PxWEuNQtxfafNgV,0.000182143,TOKEN,success
hXCy9Kk7RDPwTtKcJPMuuXbtSyP2yH8X5xWmaEjcs5PWEgAr4HXSWk2WVMCXCKxwFdxdV3BHtn6NiS8CsrpA3yM,2025-11-26T13:59:02.000Z,ARu4n5mFdZogZAravu7CcizaojWnS6oqka37gdLT5SZn,A3h8xswEYyPwSdtVprfQbARRaTp2n9RRWn2G4y9StL6c,0.000058756,TOKEN,success
hXCy9Kk7RDPwTtKcJPMuuXbtSyP2yH8X5xWmaEjcs5PWEgAr4HXSWk2WVMCXCKxwFdxdV3BHtn6NiS8CsrpA3yM,2025-11-26T13:59:02.000Z,ARu4n5mFdZogZAravu7CcizaojWnS6oqka37gdLT5SZn,AF4jW3tHUQTgcPVPhpkgKbDr8fWeD87CG3J4dLXC1Qfn,306596.544904,TOKEN,success
3ikCSJF4CZrnvyQxaZRWt67CwLVKPqA9pigdt7QjxBVZnTvkWHmMV9M7k1JzcFcb5UzTpwSWKcZJkhHNWJ6dnttn,2025-11-26T10:26:50.000Z,AF4jW3tHUQTgcPVPhpkgKbDr8fWeD87CG3J4dLXC1Qfn,55ZNPyNU8rPoin41G5mkYugi1nAvWC1YSaGh7zMW92Gi,0.00203928,SOL,success
3ikCSJF4CZrnvyQxaZRWt67CwLVKPqA9pigdt7QjxBVZnTvkWHmMV9M7k1JzcFcb5UzTpwSWKcZJkhHNWJ6dnttn,2025-11-26T10:26:50.000Z,AF4jW3tHUQTgcPVPhpkgKbDr8fWeD87CG3J4dLXC1Qfn,CcTNKBhQKYu7nB4eRrRFQoXEvpd6H5QnGKh93pwniBtp,0.00001,SOL,success
3ikCSJF4CZrnvyQxaZRWt67CwLVKPqA9pigdt7QjxBVZnTvkWHmMV9M7k1JzcFcb5UzTpwSWKcZJkhHNWJ6dnttn,2025-11-26T10:26:50.000Z,ARu4n5mFdZogZAravu7CcizaojWnS6oqka37gdLT5SZn,9yj3zvLS3fDMqi1F8zhkaWfq8TZpZWHe6cz1Sgt7djXf,0.001094943,SOL,success
3ikCSJF4CZrnvyQxaZRWt67CwLVKPqA9pigdt7QjxBVZnTvkWHmMV9M7k1JzcFcb5UzTpwSWKcZJkhHNWJ6dnttn,2025-11-26T10:26:50.000Z,ARu4n5mFdZogZAravu7CcizaojWnS6oqka37gdLT5SZn,AF4jW3tHUQTgcPVPhpkgKbDr8fWeD87CG3J4dLXC1Qfn,0.129761231,SOL,success
3ikCSJF4CZrnvyQxaZRWt67CwLVKPqA9pigdt7QjxBVZnTvkWHmMV9M7k1JzcFcb5UzTpwSWKcZJkhHNWJ6dnttn,2025-11-26T10:26:50.000Z,55ZNPyNU8rPoin41G5mkYugi1nAvWC1YSaGh7zMW92Gi,ARu4n5mFdZogZAravu7CcizaojWnS6oqka37gdLT5SZn,0.130856174,SOL,success
3ikCSJF4CZrnvyQxaZRWt67CwLVKPqA9pigdt7QjxBVZnTvkWHmMV9M7k1JzcFcb5UzTpwSWKcZJkhHNWJ6dnttn,2025-11-26T10:26:50.000Z,97JVhRKYWkoZVyvCjd9eVLFVLNaRNP9PUhyjopHoLEHh,ARu4n5mFdZogZAravu7CcizaojWnS6oqka37gdLT5SZn,0.128816894,TOKEN,success
3ikCSJF4CZrnvyQxaZRWt67CwLVKPqA9pigdt7QjxBVZnTvkWHmMV9M7k1JzcFcb5UzTpwSWKcZJkhHNWJ6dnttn,2025-11-26T10:26:50.000Z,97JVhRKYWkoZVyvCjd9eVLFVLNaRNP9PUhyjopHoLEHh,62qc2CNXwrYqQScmEdiZFFAnJR262PxWEuNQtxfafNgV,0.000065191,TOKEN,success
3ikCSJF4CZrnvyQxaZRWt67CwLVKPqA9pigdt7QjxBVZnTvkWHmMV9M7k1JzcFcb5UzTpwSWKcZJkhHNWJ6dnttn,2025-11-26T10:26:50.000Z,97JVhRKYWkoZVyvCjd9eVLFVLNaRNP9PUhyjopHoLEHh,9ENufbLT3mAXJd5k9DT58zQXvcQ6QuaFcUKGFpBSSTRh,0.001238624,TOKEN,success
3ikCSJF4CZrnvyQxaZRWt67CwLVKPqA9pigdt7QjxBVZnTvkWHmMV9M7k1JzcFcb5UzTpwSWKcZJkhHNWJ6dnttn,2025-11-26T10:26:50.000Z,ARu4n5mFdZogZAravu7CcizaojWnS6oqka37gdLT5SZn,AF4jW3tHUQTgcPVPhpkgKbDr8fWeD87CG3J4dLXC1Qfn,0.128816894,TOKEN,success
3ikCSJF4CZrnvyQxaZRWt67CwLVKPqA9pigdt7QjxBVZnTvkWHmMV9M7k1JzcFcb5UzTpwSWKcZJkhHNWJ6dnttn,2025-11-26T10:26:50.000Z,AF4jW3tHUQTgcPVPhpkgKbDr8fWeD87CG3J4dLXC1Qfn,ARu4n5mFdZogZAravu7CcizaojWnS6oqka37gdLT5SZn,197704.429723,TOKEN,success
3ikCSJF4CZrnvyQxaZRWt67CwLVKPqA9pigdt7QjxBVZnTvkWHmMV9M7k1JzcFcb5UzTpwSWKcZJkhHNWJ6dnttn,2025-11-26T10:26:50.000Z,ARu4n5mFdZogZAravu7CcizaojWnS6oqka37gdLT5SZn,97JVhRKYWkoZVyvCjd9eVLFVLNaRNP9PUhyjopHoLEHh,197704.429723,TOKEN,success
9Ums6rj6yLVksAqTkNUKL6toeFm7TBtHUS4VaQUaSSETeqaQkmLNCG2KFKt28SiZGTgcVCrnNcmrwLSHe1yi6Ew,2025-11-26T09:12:05.000Z,AF4jW3tHUQTgcPVPhpkgKbDr8fWeD87CG3J4dLXC1Qfn,55ZNPyNU8rPoin41G5mkYugi1nAvWC1YSaGh7zMW92Gi,0.20033928,SOL,success
9Ums6rj6yLVksAqTkNUKL6toeFm7TBtHUS4VaQUaSSETeqaQkmLNCG2KFKt28SiZGTgcVCrnNcmrwLSHe1yi6Ew,2025-11-26T09:12:05.000Z,AF4jW3tHUQTgcPVPhpkgKbDr8fWeD87CG3J4dLXC1Qfn,CcTNKBhQKYu7nB4eRrRFQoXEvpd6H5QnGKh93pwniBtp,0.000006,SOL,success
9Ums6rj6yLVksAqTkNUKL6toeFm7TBtHUS4VaQUaSSETeqaQkmLNCG2KFKt28SiZGTgcVCrnNcmrwLSHe1yi6Ew,2025-11-26T09:12:05.000Z,AF4jW3tHUQTgcPVPhpkgKbDr8fWeD87CG3J4dLXC1Qfn,XGWcFs5AgB1VTkKNidFeSHGBjrzSduTr6anY1YL9bPc,0.00207408,SOL,success
9Ums6rj6yLVksAqTkNUKL6toeFm7TBtHUS4VaQUaSSETeqaQkmLNCG2KFKt28SiZGTgcVCrnNcmrwLSHe1yi6Ew,2025-11-26T09:12:05.000Z,AF4jW3tHUQTgcPVPhpkgKbDr8fWeD87CG3J4dLXC1Qfn,ARu4n5mFdZogZAravu7CcizaojWnS6oqka37gdLT5SZn,0.0017,SOL,success
9Ums6rj6yLVksAqTkNUKL6toeFm7TBtHUS4VaQUaSSETeqaQkmLNCG2KFKt28SiZGTgcVCrnNcmrwLSHe1yi6Ew,2025-11-26T09:12:05.000Z,ARu4n5mFdZogZAravu7CcizaojWnS6oqka37gdLT5SZn,9yj3zvLS3fDMqi1F8zhkaWfq8TZpZWHe6cz1Sgt7djXf,0.0017,SOL,success
9Ums6rj6yLVksAqTkNUKL6toeFm7TBtHUS4VaQUaSSETeqaQkmLNCG2KFKt28SiZGTgcVCrnNcmrwLSHe1yi6Ew,2025-11-26T09:12:05.000Z,55ZNPyNU8rPoin41G5mkYugi1nAvWC1YSaGh7zMW92Gi,AF4jW3tHUQTgcPVPhpkgKbDr8fWeD87CG3J4dLXC1Qfn,0.00203928,SOL,success
9Ums6rj6yLVksAqTkNUKL6toeFm7TBtHUS4VaQUaSSETeqaQkmLNCG2KFKt28SiZGTgcVCrnNcmrwLSHe1yi6Ew,2025-11-26T09:12:05.000Z,AF4jW3tHUQTgcPVPhpkgKbDr8fWeD87CG3J4dLXC1Qfn,ARu4n5mFdZogZAravu7CcizaojWnS6oqka37gdLT5SZn,0.1983,TOKEN,success
9Ums6rj6yLVksAqTkNUKL6toeFm7TBtHUS4VaQUaSSETeqaQkmLNCG2KFKt28SiZGTgcVCrnNcmrwLSHe1yi6Ew,2025-11-26T09:12:05.000Z,ARu4n5mFdZogZAravu7CcizaojWnS6oqka37gdLT5SZn,8sLbNZoA1cfnvMJLPfp98ZLAnFSYCFApfJKMbiXNLwxj,0.049575,TOKEN,success
9Ums6rj6yLVksAqTkNUKL6toeFm7TBtHUS4VaQUaSSETeqaQkmLNCG2KFKt28SiZGTgcVCrnNcmrwLSHe1yi6Ew,2025-11-26T09:12:05.000Z,8sLbNZoA1cfnvMJLPfp98ZLAnFSYCFApfJKMbiXNLwxj,ARu4n5mFdZogZAravu7CcizaojWnS6oqka37gdLT5SZn,6.81797,TOKEN,success
9Ums6rj6yLVksAqTkNUKL6toeFm7TBtHUS4VaQUaSSETeqaQkmLNCG2KFKt28SiZGTgcVCrnNcmrwLSHe1yi6Ew,2025-11-26T09:12:05.000Z,ARu4n5mFdZogZAravu7CcizaojWnS6oqka37gdLT5SZn,9sLHkSy7Vx33xVDL2mQxsFMd7D7MS661dXLnm3y6dNp2,0.147255385,TOKEN,success
9Ums6rj6yLVksAqTkNUKL6toeFm7TBtHUS4VaQUaSSETeqaQkmLNCG2KFKt28SiZGTgcVCrnNcmrwLSHe1yi6Ew,2025-11-26T09:12:05.000Z,ARu4n5mFdZogZAravu7CcizaojWnS6oqka37gdLT5SZn,62qc2CNXwrYqQScmEdiZFFAnJR262PxWEuNQtxfafNgV,0.000073481,TOKEN,success
9Ums6rj6yLVksAqTkNUKL6toeFm7TBtHUS4VaQUaSSETeqaQkmLNCG2KFKt28SiZGTgcVCrnNcmrwLSHe1yi6Ew,2025-11-26T09:12:05.000Z,ARu4n5mFdZogZAravu7CcizaojWnS6oqka37gdLT5SZn,J3BA7nFnUCequ7vRmsNGnPCyoW4KUvVJqz4SDeMTEde4,0.001396134,TOKEN,success
9Ums6rj6yLVksAqTkNUKL6toeFm7TBtHUS4VaQUaSSETeqaQkmLNCG2KFKt28SiZGTgcVCrnNcmrwLSHe1yi6Ew,2025-11-26T09:12:05.000Z,ARu4n5mFdZogZAravu7CcizaojWnS6oqka37gdLT5SZn,GpMZbSM2GgvTKHJirzeGfMFoaZ8UR2X7F4v8vHTvxFbL,6.81797,TOKEN,success
9Ums6rj6yLVksAqTkNUKL6toeFm7TBtHUS4VaQUaSSETeqaQkmLNCG2KFKt28SiZGTgcVCrnNcmrwLSHe1yi6Ew,2025-11-26T09:12:05.000Z,9sLHkSy7Vx33xVDL2mQxsFMd7D7MS661dXLnm3y6dNp2,ARu4n5mFdZogZAravu7CcizaojWnS6oqka37gdLT5SZn,183637.618649,TOKEN,success
9Ums6rj6yLVksAqTkNUKL6toeFm7TBtHUS4VaQUaSSETeqaQkmLNCG2KFKt28SiZGTgcVCrnNcmrwLSHe1yi6Ew,2025-11-26T09:12:05.000Z,GpMZbSM2GgvTKHJirzeGfMFoaZ8UR2X7F4v8vHTvxFbL,ARu4n5mFdZogZAravu7CcizaojWnS6oqka37gdLT5SZn,61193.871809,TOKEN,success
9Ums6rj6yLVksAqTkNUKL6toeFm7TBtHUS4VaQUaSSETeqaQkmLNCG2KFKt28SiZGTgcVCrnNcmrwLSHe1yi6Ew,2025-11-26T09:12:05.000Z,ARu4n5mFdZogZAravu7CcizaojWnS6oqka37gdLT5SZn,AF4jW3tHUQTgcPVPhpkgKbDr8fWeD87CG3J4dLXC1Qfn,244831.490458,TOKEN,success
4YS2E17VxgL26V6AsqTgTMPixepiAyVnBmVoLK98bqgmL49K4ZHtmySiPcMqgexbweBfpC6EuWoEtV8zL3BerGHS,2025-11-26T09:08:45.000Z,AF4jW3tHUQTgcPVPhpkgKbDr8fWeD87CG3J4dLXC1Qfn,55ZNPyNU8rPoin41G5mkYugi1nAvWC1YSaGh7zMW92Gi,0.02186928,SOL,success
4YS2E17VxgL26V6AsqTgTMPixepiAyVnBmVoLK98bqgmL49K4ZHtmySiPcMqgexbweBfpC6EuWoEtV8zL3BerGHS,2025-11-26T09:08:45.000Z,AF4jW3tHUQTgcPVPhpkgKbDr8fWeD87CG3J4dLXC1Qfn,CcTNKBhQKYu7nB4eRrRFQoXEvpd6H5QnGKh93pwniBtp,0.000006,SOL,success
4YS2E17VxgL26V6AsqTgTMPixepiAyVnBmVoLK98bqgmL49K4ZHtmySiPcMqgexbweBfpC6EuWoEtV8zL3BerGHS,2025-11-26T09:08:45.000Z,AF4jW3tHUQTgcPVPhpkgKbDr8fWeD87CG3J4dLXC1Qfn,ARu4n5mFdZogZAravu7CcizaojWnS6oqka37gdLT5SZn,0.00017,SOL,success
4YS2E17VxgL26V6AsqTgTMPixepiAyVnBmVoLK98bqgmL49K4ZHtmySiPcMqgexbweBfpC6EuWoEtV8zL3BerGHS,2025-11-26T09:08:45.000Z,ARu4n5mFdZogZAravu7CcizaojWnS6oqka37gdLT5SZn,9yj3zvLS3fDMqi1F8zhkaWfq8TZpZWHe6cz1Sgt7djXf,0.00017,SOL,success
4YS2E17VxgL26V6AsqTgTMPixepiAyVnBmVoLK98bqgmL49K4ZHtmySiPcMqgexbweBfpC6EuWoEtV8zL3BerGHS,2025-11-26T09:08:45.000Z,55ZNPyNU8rPoin41G5mkYugi1nAvWC1YSaGh7zMW92Gi,AF4jW3tHUQTgcPVPhpkgKbDr8fWeD87CG3J4dLXC1Qfn,0.00203928,SOL,success
4YS2E17VxgL26V6AsqTgTMPixepiAyVnBmVoLK98bqgmL49K4ZHtmySiPcMqgexbweBfpC6EuWoEtV8zL3BerGHS,2025-11-26T09:08:45.000Z,AF4jW3tHUQTgcPVPhpkgKbDr8fWeD87CG3J4dLXC1Qfn,ARu4n5mFdZogZAravu7CcizaojWnS6oqka37gdLT5SZn,0.01983,TOKEN,success
4YS2E17VxgL26V6AsqTgTMPixepiAyVnBmVoLK98bqgmL49K4ZHtmySiPcMqgexbweBfpC6EuWoEtV8zL3BerGHS,2025-11-26T09:08:45.000Z,ARu4n5mFdZogZAravu7CcizaojWnS6oqka37gdLT5SZn,ZsN5wuDGB3eztqfJuU4VQYc2FJepKDGYVTX5kbvtGW7,0.019589101,TOKEN,success
4YS2E17VxgL26V6AsqTgTMPixepiAyVnBmVoLK98bqgmL49K4ZHtmySiPcMqgexbweBfpC6EuWoEtV8zL3BerGHS,2025-11-26T09:08:45.000Z,ARu4n5mFdZogZAravu7CcizaojWnS6oqka37gdLT5SZn,62qc2CNXwrYqQScmEdiZFFAnJR262PxWEuNQtxfafNgV,0.000182143,TOKEN,success
4YS2E17VxgL26V6AsqTgTMPixepiAyVnBmVoLK98bqgmL49K4ZHtmySiPcMqgexbweBfpC6EuWoEtV8zL3BerGHS,2025-11-26T09:08:45.000Z,ARu4n5mFdZogZAravu7CcizaojWnS6oqka37gdLT5SZn,BDW4BvALpjvZyokZzVNFPBA5f11CnvdWyA2CxAdjy4m8,0.000058756,TOKEN,success
4YS2E17VxgL26V6AsqTgTMPixepiAyVnBmVoLK98bqgmL49K4ZHtmySiPcMqgexbweBfpC6EuWoEtV8zL3BerGHS,2025-11-26T09:08:45.000Z,ZsN5wuDGB3eztqfJuU4VQYc2FJepKDGYVTX5kbvtGW7,ARu4n5mFdZogZAravu7CcizaojWnS6oqka37gdLT5SZn,111412.845976,TOKEN,success
4YS2E17VxgL26V6AsqTgTMPixepiAyVnBmVoLK98bqgmL49K4ZHtmySiPcMqgexbweBfpC6EuWoEtV8zL3BerGHS,2025-11-26T09:08:45.000Z,ARu4n5mFdZogZAravu7CcizaojWnS6oqka37gdLT5SZn,8psNvWTrdNTiVRNzAgsou9kETXNJm2SXZyaKuJraVRtf,5.601377,TOKEN,success
4YS2E17VxgL26V6AsqTgTMPixepiAyVnBmVoLK98bqgmL49K4ZHtmySiPcMqgexbweBfpC6EuWoEtV8zL3BerGHS,2025-11-26T09:08:45.000Z,ARu4n5mFdZogZAravu7CcizaojWnS6oqka37gdLT5SZn,AF4jW3tHUQTgcPVPhpkgKbDr8fWeD87CG3J4dLXC1Qfn,111407.244599,TOKEN,success
djrvjnF6cW1isbvKFcaAtM3R11tF6N7mD5zDDhZWy5GhkPRsipkMxbSq4Nuf3rbZtvLqbsm71YA8junARkMXk42,2025-11-25T01:13:59.000Z,AF4jW3tHUQTgcPVPhpkgKbDr8fWeD87CG3J4dLXC1Qfn,55ZNPyNU8rPoin41G5mkYugi1nAvWC1YSaGh7zMW92Gi,0.00303078,SOL,success
djrvjnF6cW1isbvKFcaAtM3R11tF6N7mD5zDDhZWy5GhkPRsipkMxbSq4Nuf3rbZtvLqbsm71YA8junARkMXk42,2025-11-25T01:13:59.000Z,AF4jW3tHUQTgcPVPhpkgKbDr8fWeD87CG3J4dLXC1Qfn,6HRgJMRmjaj2svP9GpRbUU5TPzLAHnBW3sHgYVbirWYE,0.000006,SOL,success
djrvjnF6cW1isbvKFcaAtM3R11tF6N7mD5zDDhZWy5GhkPRsipkMxbSq4Nuf3rbZtvLqbsm71YA8junARkMXk42,2025-11-25T01:13:59.000Z,AF4jW3tHUQTgcPVPhpkgKbDr8fWeD87CG3J4dLXC1Qfn,ARu4n5mFdZogZAravu7CcizaojWnS6oqka37gdLT5SZn,0.0000085,SOL,success
djrvjnF6cW1isbvKFcaAtM3R11tF6N7mD5zDDhZWy5GhkPRsipkMxbSq4Nuf3rbZtvLqbsm71YA8junARkMXk42,2025-11-25T01:13:59.000Z,ARu4n5mFdZogZAravu7CcizaojWnS6oqka37gdLT5SZn,9yj3zvLS3fDMqi1F8zhkaWfq8TZpZWHe6cz1Sgt7djXf,0.0000085,SOL,success
djrvjnF6cW1isbvKFcaAtM3R11tF6N7mD5zDDhZWy5GhkPRsipkMxbSq4Nuf3rbZtvLqbsm71YA8junARkMXk42,2025-11-25T01:13:59.000Z,55ZNPyNU8rPoin41G5mkYugi1nAvWC1YSaGh7zMW92Gi,AF4jW3tHUQTgcPVPhpkgKbDr8fWeD87CG3J4dLXC1Qfn,0.00203928,SOL,success
djrvjnF6cW1isbvKFcaAtM3R11tF6N7mD5zDDhZWy5GhkPRsipkMxbSq4Nuf3rbZtvLqbsm71YA8junARkMXk42,2025-11-25T01:13:59.000Z,AF4jW3tHUQTgcPVPhpkgKbDr8fWeD87CG3J4dLXC1Qfn,ARu4n5mFdZogZAravu7CcizaojWnS6oqka37gdLT5SZn,0.0009915,TOKEN,success
djrvjnF6cW1isbvKFcaAtM3R11tF6N7mD5zDDhZWy5GhkPRsipkMxbSq4Nuf3rbZtvLqbsm71YA8junARkMXk42,2025-11-25T01:13:59.000Z,ARu4n5mFdZogZAravu7CcizaojWnS6oqka37gdLT5SZn,HLnpSz9h2S4hiLQ43rnSD9XkcUThA7B8hQMKmDaiTLcC,0.0009915,TOKEN,success
djrvjnF6cW1isbvKFcaAtM3R11tF6N7mD5zDDhZWy5GhkPRsipkMxbSq4Nuf3rbZtvLqbsm71YA8junARkMXk42,2025-11-25T01:13:59.000Z,HLnpSz9h2S4hiLQ43rnSD9XkcUThA7B8hQMKmDaiTLcC,ARu4n5mFdZogZAravu7CcizaojWnS6oqka37gdLT5SZn,12082367.247917,TOKEN,success
djrvjnF6cW1isbvKFcaAtM3R11tF6N7mD5zDDhZWy5GhkPRsipkMxbSq4Nuf3rbZtvLqbsm71YA8junARkMXk42,2025-11-25T01:13:59.000Z,ARu4n5mFdZogZAravu7CcizaojWnS6oqka37gdLT5SZn,AF4jW3tHUQTgcPVPhpkgKbDr8fWeD87CG3J4dLXC1Qfn,12082367.247917,TOKEN,success
4y49e9y3gAapBNzSdsj4Fdo7FoaKNNVbdK6uT9tu3LFaLJUWf82mnZURX44LykchYRBViRTymAjbnQHpuefvMjy1,2025-11-25T01:05:50.000Z,AF4jW3tHUQTgcPVPhpkgKbDr8fWeD87CG3J4dLXC1Qfn,55ZNPyNU8rPoin41G5mkYugi1nAvWC1YSaGh7zMW92Gi,0.10118928,SOL,success
4y49e9y3gAapBNzSdsj4Fdo7FoaKNNVbdK6uT9tu3LFaLJUWf82mnZURX44LykchYRBViRTymAjbnQHpuefvMjy1,2025-11-25T01:05:50.000Z,AF4jW3tHUQTgcPVPhpkgKbDr8fWeD87CG3J4dLXC1Qfn,CcTNKBhQKYu7nB4eRrRFQoXEvpd6H5QnGKh93pwniBtp,0.000006,SOL,success
4y49e9y3gAapBNzSdsj4Fdo7FoaKNNVbdK6uT9tu3LFaLJUWf82mnZURX44LykchYRBViRTymAjbnQHpuefvMjy1,2025-11-25T01:05:50.000Z,AF4jW3tHUQTgcPVPhpkgKbDr8fWeD87CG3J4dLXC1Qfn,DbcePybbptkAw8u5t7nMKaf34JBMfLStS8ZuCW4eXpXJ,0.00203928,SOL,success
4y49e9y3gAapBNzSdsj4Fdo7FoaKNNVbdK6uT9tu3LFaLJUWf82mnZURX44LykchYRBViRTymAjbnQHpuefvMjy1,2025-11-25T01:05:50.000Z,AF4jW3tHUQTgcPVPhpkgKbDr8fWeD87CG3J4dLXC1Qfn,ARu4n5mFdZogZAravu7CcizaojWnS6oqka37gdLT5SZn,0.00085,SOL,success
4y49e9y3gAapBNzSdsj4Fdo7FoaKNNVbdK6uT9tu3LFaLJUWf82mnZURX44LykchYRBViRTymAjbnQHpuefvMjy1,2025-11-25T01:05:50.000Z,ARu4n5mFdZogZAravu7CcizaojWnS6oqka37gdLT5SZn,9yj3zvLS3fDMqi1F8zhkaWfq8TZpZWHe6cz1Sgt7djXf,0.00085,SOL,success
4y49e9y3gAapBNzSdsj4Fdo7FoaKNNVbdK6uT9tu3LFaLJUWf82mnZURX44LykchYRBViRTymAjbnQHpuefvMjy1,2025-11-25T01:05:50.000Z,55ZNPyNU8rPoin41G5mkYugi1nAvWC1YSaGh7zMW92Gi,AF4jW3tHUQTgcPVPhpkgKbDr8fWeD87CG3J4dLXC1Qfn,0.00203928,SOL,success
4y49e9y3gAapBNzSdsj4Fdo7FoaKNNVbdK6uT9tu3LFaLJUWf82mnZURX44LykchYRBViRTymAjbnQHpuefvMjy1,2025-11-25T01:05:50.000Z,AF4jW3tHUQTgcPVPhpkgKbDr8fWeD87CG3J4dLXC1Qfn,ARu4n5mFdZogZAravu7CcizaojWnS6oqka37gdLT5SZn,0.09915,TOKEN,success
4y49e9y3gAapBNzSdsj4Fdo7FoaKNNVbdK6uT9tu3LFaLJUWf82mnZURX44LykchYRBViRTymAjbnQHpuefvMjy1,2025-11-25T01:05:50.000Z,ARu4n5mFdZogZAravu7CcizaojWnS6oqka37gdLT5SZn,HLnpSz9h2S4hiLQ43rnSD9XkcUThA7B8hQMKmDaiTLcC,0.09915,TOKEN,success
4y49e9y3gAapBNzSdsj4Fdo7FoaKNNVbdK6uT9tu3LFaLJUWf82mnZURX44LykchYRBViRTymAjbnQHpuefvMjy1,2025-11-25T01:05:50.000Z,HLnpSz9h2S4hiLQ43rnSD9XkcUThA7B8hQMKmDaiTLcC,ARu4n5mFdZogZAravu7CcizaojWnS6oqka37gdLT5SZn,60575.248939,TOKEN,success
4y49e9y3gAapBNzSdsj4Fdo7FoaKNNVbdK6uT9tu3LFaLJUWf82mnZURX44LykchYRBViRTymAjbnQHpuefvMjy1,2025-11-25T01:05:50.000Z,ARu4n5mFdZogZAravu7CcizaojWnS6oqka37gdLT5SZn,AF4jW3tHUQTgcPVPhpkgKbDr8fWeD87CG3J4dLXC1Qfn,60575.248939,TOKEN,success
FLENBT2K7Jrh5yXZU7c9n5FeqZrjjm89SnQYfJBha842cqqjskL1umug7eK4FoJgizRPENYUzvFNXHcZ8C9v5cV,2025-11-25T00:54:14.000Z,AF4jW3tHUQTgcPVPhpkgKbDr8fWeD87CG3J4dLXC1Qfn,55ZNPyNU8rPoin41G5mkYugi1nAvWC1YSaGh7zMW92Gi,0.00203928,SOL,success
FLENBT2K7Jrh5yXZU7c9n5FeqZrjjm89SnQYfJBha842cqqjskL1umug7eK4FoJgizRPENYUzvFNXHcZ8C9v5cV,2025-11-25T00:54:14.000Z,AF4jW3tHUQTgcPVPhpkgKbDr8fWeD87CG3J4dLXC1Qfn,CcTNKBhQKYu7nB4eRrRFQoXEvpd6H5QnGKh93pwniBtp,0.000006,SOL,success
FLENBT2K7Jrh5yXZU7c9n5FeqZrjjm89SnQYfJBha842cqqjskL1umug7eK4FoJgizRPENYUzvFNXHcZ8C9v5cV,2025-11-25T00:54:14.000Z,ARu4n5mFdZogZAravu7CcizaojWnS6oqka37gdLT5SZn,9yj3zvLS3fDMqi1F8zhkaWfq8TZpZWHe6cz1Sgt7djXf,0.000568325,SOL,success
FLENBT2K7Jrh5yXZU7c9n5FeqZrjjm89SnQYfJBha842cqqjskL1umug7eK4FoJgizRPENYUzvFNXHcZ8C9v5cV,2025-11-25T00:54:14.000Z,ARu4n5mFdZogZAravu7CcizaojWnS6oqka37gdLT5SZn,AF4jW3tHUQTgcPVPhpkgKbDr8fWeD87CG3J4dLXC1Qfn,0.068332726,SOL,success
FLENBT2K7Jrh5yXZU7c9n5FeqZrjjm89SnQYfJBha842cqqjskL1umug7eK4FoJgizRPENYUzvFNXHcZ8C9v5cV,2025-11-25T00:54:14.000Z,55ZNPyNU8rPoin41G5mkYugi1nAvWC1YSaGh7zMW92Gi,ARu4n5mFdZogZAravu7CcizaojWnS6oqka37gdLT5SZn,0.068901051,SOL,success
FLENBT2K7Jrh5yXZU7c9n5FeqZrjjm89SnQYfJBha842cqqjskL1umug7eK4FoJgizRPENYUzvFNXHcZ8C9v5cV,2025-11-25T00:54:14.000Z,AF4jW3tHUQTgcPVPhpkgKbDr8fWeD87CG3J4dLXC1Qfn,ARu4n5mFdZogZAravu7CcizaojWnS6oqka37gdLT5SZn,68192751.296822,TOKEN,success
FLENBT2K7Jrh5yXZU7c9n5FeqZrjjm89SnQYfJBha842cqqjskL1umug7eK4FoJgizRPENYUzvFNXHcZ8C9v5cV,2025-11-25T00:54:14.000Z,ARu4n5mFdZogZAravu7CcizaojWnS6oqka37gdLT5SZn,AF4jW3tHUQTgcPVPhpkgKbDr8fWeD87CG3J4dLXC1Qfn,0.066861771,TOKEN,success
FLENBT2K7Jrh5yXZU7c9n5FeqZrjjm89SnQYfJBha842cqqjskL1umug7eK4FoJgizRPENYUzvFNXHcZ8C9v5cV,2025-11-25T00:54:14.000Z,ARu4n5mFdZogZAravu7CcizaojWnS6oqka37gdLT5SZn,5Q544fKrFoe6tsEbD7S8EmxGTJYAKtTVhAW5Q5pge4j1,68192751.296822,TOKEN,success
FLENBT2K7Jrh5yXZU7c9n5FeqZrjjm89SnQYfJBha842cqqjskL1umug7eK4FoJgizRPENYUzvFNXHcZ8C9v5cV,2025-11-25T00:54:14.000Z,5Q544fKrFoe6tsEbD7S8EmxGTJYAKtTVhAW5Q5pge4j1,ARu4n5mFdZogZAravu7CcizaojWnS6oqka37gdLT5SZn,0.066861771,TOKEN,success
2uxPWyBGELYDh2rVKT9K8uCZrym2qPbVxBmPexkys71yJBhGtDUMBdPTZaZQgU8SZdo7evMLrnjwrGbzZBaX25ZD,2025-11-25T00:47:56.000Z,AF4jW3tHUQTgcPVPhpkgKbDr8fWeD87CG3J4dLXC1Qfn,55ZNPyNU8rPoin41G5mkYugi1nAvWC1YSaGh7zMW92Gi,0.00203928,SOL,success
2uxPWyBGELYDh2rVKT9K8uCZrym2qPbVxBmPexkys71yJBhGtDUMBdPTZaZQgU8SZdo7evMLrnjwrGbzZBaX25ZD,2025-11-25T00:47:56.000Z,AF4jW3tHUQTgcPVPhpkgKbDr8fWeD87CG3J4dLXC1Qfn,6HRgJMRmjaj2svP9GpRbUU5TPzLAHnBW3sHgYVbirWYE,0.000006,SOL,success
2uxPWyBGELYDh2rVKT9K8uCZrym2qPbVxBmPexkys71yJBhGtDUMBdPTZaZQgU8SZdo7evMLrnjwrGbzZBaX25ZD,2025-11-25T00:47:56.000Z,ARu4n5mFdZogZAravu7CcizaojWnS6oqka37gdLT5SZn,9yj3zvLS3fDMqi1F8zhkaWfq8TZpZWHe6cz1Sgt7djXf,0.001433444,SOL,success
2uxPWyBGELYDh2rVKT9K8uCZrym2qPbVxBmPexkys71yJBhGtDUMBdPTZaZQgU8SZdo7evMLrnjwrGbzZBaX25ZD,2025-11-25T00:47:56.000Z,ARu4n5mFdZogZAravu7CcizaojWnS6oqka37gdLT5SZn,AF4jW3tHUQTgcPVPhpkgKbDr8fWeD87CG3J4dLXC1Qfn,0.169246373,SOL,success
2uxPWyBGELYDh2rVKT9K8uCZrym2qPbVxBmPexkys71yJBhGtDUMBdPTZaZQgU8SZdo7evMLrnjwrGbzZBaX25ZD,2025-11-25T00:47:56.000Z,55ZNPyNU8rPoin41G5mkYugi1nAvWC1YSaGh7zMW92Gi,ARu4n5mFdZogZAravu7CcizaojWnS6oqka37gdLT5SZn,0.170679817,SOL,success
2uxPWyBGELYDh2rVKT9K8uCZrym2qPbVxBmPexkys71yJBhGtDUMBdPTZaZQgU8SZdo7evMLrnjwrGbzZBaX25ZD,2025-11-25T00:47:56.000Z,7z7dBNG7z8Cx7JXdiWuaBqwsTQxSfDrvz4kFsMa3K8KZ,ARu4n5mFdZogZAravu7CcizaojWnS6oqka37gdLT5SZn,0.168640537,TOKEN,success
2uxPWyBGELYDh2rVKT9K8uCZrym2qPbVxBmPexkys71yJBhGtDUMBdPTZaZQgU8SZdo7evMLrnjwrGbzZBaX25ZD,2025-11-25T00:47:56.000Z,7z7dBNG7z8Cx7JXdiWuaBqwsTQxSfDrvz4kFsMa3K8KZ,62qc2CNXwrYqQScmEdiZFFAnJR262PxWEuNQtxfafNgV,0.000085302,TOKEN,success
2uxPWyBGELYDh2rVKT9K8uCZrym2qPbVxBmPexkys71yJBhGtDUMBdPTZaZQgU8SZdo7evMLrnjwrGbzZBaX25ZD,2025-11-25T00:47:56.000Z,7z7dBNG7z8Cx7JXdiWuaBqwsTQxSfDrvz4kFsMa3K8KZ,Qvqn8kKmKmpG2vFadJzgDhCDLwhxKrJ7Xz7VUjg4cFM,0.001535423,TOKEN,success
2uxPWyBGELYDh2rVKT9K8uCZrym2qPbVxBmPexkys71yJBhGtDUMBdPTZaZQgU8SZdo7evMLrnjwrGbzZBaX25ZD,2025-11-25T00:47:56.000Z,ARu4n5mFdZogZAravu7CcizaojWnS6oqka37gdLT5SZn,AF4jW3tHUQTgcPVPhpkgKbDr8fWeD87CG3J4dLXC1Qfn,0.168640537,TOKEN,success
2uxPWyBGELYDh2rVKT9K8uCZrym2qPbVxBmPexkys71yJBhGtDUMBdPTZaZQgU8SZdo7evMLrnjwrGbzZBaX25ZD,2025-11-25T00:47:56.000Z,AF4jW3tHUQTgcPVPhpkgKbDr8fWeD87CG3J4dLXC1Qfn,ARu4n5mFdZogZAravu7CcizaojWnS6oqka37gdLT5SZn,97088.953686,TOKEN,success
2uxPWyBGELYDh2rVKT9K8uCZrym2qPbVxBmPexkys71yJBhGtDUMBdPTZaZQgU8SZdo7evMLrnjwrGbzZBaX25ZD,2025-11-25T00:47:56.000Z,ARu4n5mFdZogZAravu7CcizaojWnS6oqka37gdLT5SZn,7z7dBNG7z8Cx7JXdiWuaBqwsTQxSfDrvz4kFsMa3K8KZ,97088.953686,TOKEN,success
2ciCX1HoofAxk9udbTrLnBSm6c2FG2UUn4r5qCK1cQEkK85quvtJ78k3UCYsZcoWU2d91tAoW4qQUCUYZg42F2Tc,2025-11-25T00:22:32.000Z,AF4jW3tHUQTgcPVPhpkgKbDr8fWeD87CG3J4dLXC1Qfn,55ZNPyNU8rPoin41G5mkYugi1nAvWC1YSaGh7zMW92Gi,0.05161428,SOL,success
2ciCX1HoofAxk9udbTrLnBSm6c2FG2UUn4r5qCK1cQEkK85quvtJ78k3UCYsZcoWU2d91tAoW4qQUCUYZg42F2Tc,2025-11-25T00:22:32.000Z,AF4jW3tHUQTgcPVPhpkgKbDr8fWeD87CG3J4dLXC1Qfn,6HRgJMRmjaj2svP9GpRbUU5TPzLAHnBW3sHgYVbirWYE,0.000006,SOL,success
2ciCX1HoofAxk9udbTrLnBSm6c2FG2UUn4r5qCK1cQEkK85quvtJ78k3UCYsZcoWU2d91tAoW4qQUCUYZg42F2Tc,2025-11-25T00:22:32.000Z,AF4jW3tHUQTgcPVPhpkgKbDr8fWeD87CG3J4dLXC1Qfn,ARu4n5mFdZogZAravu7CcizaojWnS6oqka37gdLT5SZn,0.000425,SOL,success
2ciCX1HoofAxk9udbTrLnBSm6c2FG2UUn4r5qCK1cQEkK85quvtJ78k3UCYsZcoWU2d91tAoW4qQUCUYZg42F2Tc,2025-11-25T00:22:32.000Z,ARu4n5mFdZogZAravu7CcizaojWnS6oqka37gdLT5SZn,9yj3zvLS3fDMqi1F8zhkaWfq8TZpZWHe6cz1Sgt7djXf,0.000425,SOL,success
2ciCX1HoofAxk9udbTrLnBSm6c2FG2UUn4r5qCK1cQEkK85quvtJ78k3UCYsZcoWU2d91tAoW4qQUCUYZg42F2Tc,2025-11-25T00:22:32.000Z,55ZNPyNU8rPoin41G5mkYugi1nAvWC1YSaGh7zMW92Gi,AF4jW3tHUQTgcPVPhpkgKbDr8fWeD87CG3J4dLXC1Qfn,0.00203928,SOL,success
2ciCX1HoofAxk9udbTrLnBSm6c2FG2UUn4r5qCK1cQEkK85quvtJ78k3UCYsZcoWU2d91tAoW4qQUCUYZg42F2Tc,2025-11-25T00:22:32.000Z,AF4jW3tHUQTgcPVPhpkgKbDr8fWeD87CG3J4dLXC1Qfn,ARu4n5mFdZogZAravu7CcizaojWnS6oqka37gdLT5SZn,0.049575,TOKEN,success
2ciCX1HoofAxk9udbTrLnBSm6c2FG2UUn4r5qCK1cQEkK85quvtJ78k3UCYsZcoWU2d91tAoW4qQUCUYZg42F2Tc,2025-11-25T00:22:32.000Z,ARu4n5mFdZogZAravu7CcizaojWnS6oqka37gdLT5SZn,ZsN5wuDGB3eztqfJuU4VQYc2FJepKDGYVTX5kbvtGW7,0.049182325,TOKEN,success
2ciCX1HoofAxk9udbTrLnBSm6c2FG2UUn4r5qCK1cQEkK85quvtJ78k3UCYsZcoWU2d91tAoW4qQUCUYZg42F2Tc,2025-11-25T00:22:32.000Z,ARu4n5mFdZogZAravu7CcizaojWnS6oqka37gdLT5SZn,62qc2CNXwrYqQScmEdiZFFAnJR262PxWEuNQtxfafNgV,0.000024543,TOKEN,success
2ciCX1HoofAxk9udbTrLnBSm6c2FG2UUn4r5qCK1cQEkK85quvtJ78k3UCYsZcoWU2d91tAoW4qQUCUYZg42F2Tc,2025-11-25T00:22:32.000Z,ARu4n5mFdZogZAravu7CcizaojWnS6oqka37gdLT5SZn,BDW4BvALpjvZyokZzVNFPBA5f11CnvdWyA2CxAdjy4m8,0.000368132,TOKEN,success
2ciCX1HoofAxk9udbTrLnBSm6c2FG2UUn4r5qCK1cQEkK85quvtJ78k3UCYsZcoWU2d91tAoW4qQUCUYZg42F2Tc,2025-11-25T00:22:32.000Z,ZsN5wuDGB3eztqfJuU4VQYc2FJepKDGYVTX5kbvtGW7,ARu4n5mFdZogZAravu7CcizaojWnS6oqka37gdLT5SZn,9982.127011,TOKEN,success
2ciCX1HoofAxk9udbTrLnBSm6c2FG2UUn4r5qCK1cQEkK85quvtJ78k3UCYsZcoWU2d91tAoW4qQUCUYZg42F2Tc,2025-11-25T00:22:32.000Z,ARu4n5mFdZogZAravu7CcizaojWnS6oqka37gdLT5SZn,8psNvWTrdNTiVRNzAgsou9kETXNJm2SXZyaKuJraVRtf,499.10635,TOKEN,success
2ciCX1HoofAxk9udbTrLnBSm6c2FG2UUn4r5qCK1cQEkK85quvtJ78k3UCYsZcoWU2d91tAoW4qQUCUYZg42F2Tc,2025-11-25T00:22:32.000Z,ARu4n5mFdZogZAravu7CcizaojWnS6oqka37gdLT5SZn,AF4jW3tHUQTgcPVPhpkgKbDr8fWeD87CG3J4dLXC1Qfn,9483.020661,TOKEN,success
qcZ1jnsNu1x9AwfiP9jjHq25Bkgs31EHg9X3qwdbhZdiLgGHhDKSgAmnDdB1WD9HS3qH22i96ybumhmsnu9yB88,2025-11-25T00:21:52.000Z,AF4jW3tHUQTgcPVPhpkgKbDr8fWeD87CG3J4dLXC1Qfn,55ZNPyNU8rPoin41G5mkYugi1nAvWC1YSaGh7zMW92Gi,0.00203928,SOL,success
qcZ1jnsNu1x9AwfiP9jjHq25Bkgs31EHg9X3qwdbhZdiLgGHhDKSgAmnDdB1WD9HS3qH22i96ybumhmsnu9yB88,2025-11-25T00:21:52.000Z,AF4jW3tHUQTgcPVPhpkgKbDr8fWeD87CG3J4dLXC1Qfn,CcTNKBhQKYu7nB4eRrRFQoXEvpd6H5QnGKh93pwniBtp,0.000006,SOL,success
qcZ1jnsNu1x9AwfiP9jjHq25Bkgs31EHg9X3qwdbhZdiLgGHhDKSgAmnDdB1WD9HS3qH22i96ybumhmsnu9yB88,2025-11-25T00:21:52.000Z,ARu4n5mFdZogZAravu7CcizaojWnS6oqka37gdLT5SZn,9yj3zvLS3fDMqi1F8zhkaWfq8TZpZWHe6cz1Sgt7djXf,0.000556208,SOL,success
qcZ1jnsNu1x9AwfiP9jjHq25Bkgs31EHg9X3qwdbhZdiLgGHhDKSgAmnDdB1WD9HS3qH22i96ybumhmsnu9yB88,2025-11-25T00:21:52.000Z,ARu4n5mFdZogZAravu7CcizaojWnS6oqka37gdLT5SZn,9yj3zvLS3fDMqi1F8zhkaWfq8TZpZWHe6cz1Sgt7djXf,1e-9,SOL,success
qcZ1jnsNu1x9AwfiP9jjHq25Bkgs31EHg9X3qwdbhZdiLgGHhDKSgAmnDdB1WD9HS3qH22i96ybumhmsnu9yB88,2025-11-25T00:21:52.000Z,ARu4n5mFdZogZAravu7CcizaojWnS6oqka37gdLT5SZn,AF4jW3tHUQTgcPVPhpkgKbDr8fWeD87CG3J4dLXC1Qfn,0.066919423,SOL,success
qcZ1jnsNu1x9AwfiP9jjHq25Bkgs31EHg9X3qwdbhZdiLgGHhDKSgAmnDdB1WD9HS3qH22i96ybumhmsnu9yB88,2025-11-25T00:21:52.000Z,55ZNPyNU8rPoin41G5mkYugi1nAvWC1YSaGh7zMW92Gi,ARu4n5mFdZogZAravu7CcizaojWnS6oqka37gdLT5SZn,0.067475632,SOL,success
qcZ1jnsNu1x9AwfiP9jjHq25Bkgs31EHg9X3qwdbhZdiLgGHhDKSgAmnDdB1WD9HS3qH22i96ybumhmsnu9yB88,2025-11-25T00:21:52.000Z,AF4jW3tHUQTgcPVPhpkgKbDr8fWeD87CG3J4dLXC1Qfn,ARu4n5mFdZogZAravu7CcizaojWnS6oqka37gdLT5SZn,304889.713774815,TOKEN,success
qcZ1jnsNu1x9AwfiP9jjHq25Bkgs31EHg9X3qwdbhZdiLgGHhDKSgAmnDdB1WD9HS3qH22i96ybumhmsnu9yB88,2025-11-25T00:21:52.000Z,ARu4n5mFdZogZAravu7CcizaojWnS6oqka37gdLT5SZn,HLnpSz9h2S4hiLQ43rnSD9XkcUThA7B8hQMKmDaiTLcC,304889.713774815,TOKEN,success
qcZ1jnsNu1x9AwfiP9jjHq25Bkgs31EHg9X3qwdbhZdiLgGHhDKSgAmnDdB1WD9HS3qH22i96ybumhmsnu9yB88,2025-11-25T00:21:52.000Z,HLnpSz9h2S4hiLQ43rnSD9XkcUThA7B8hQMKmDaiTLcC,ARu4n5mFdZogZAravu7CcizaojWnS6oqka37gdLT5SZn,0.065436352,TOKEN,success
qcZ1jnsNu1x9AwfiP9jjHq25Bkgs31EHg9X3qwdbhZdiLgGHhDKSgAmnDdB1WD9HS3qH22i96ybumhmsnu9yB88,2025-11-25T00:21:52.000Z,ARu4n5mFdZogZAravu7CcizaojWnS6oqka37gdLT5SZn,AF4jW3tHUQTgcPVPhpkgKbDr8fWeD87CG3J4dLXC1Qfn,0.065436352,TOKEN,success
3mpvD9JX24L3FbKEmzdxSZGYy3HVCJL6oERib1FzKPW1LXrSf4CFbb22SXWHHBDbtwgsFCG4UmZNKxv7a79U2TxM,2025-11-24T23:31:21.000Z,AF4jW3tHUQTgcPVPhpkgKbDr8fWeD87CG3J4dLXC1Qfn,55ZNPyNU8rPoin41G5mkYugi1nAvWC1YSaGh7zMW92Gi,0.00203928,SOL,success
3mpvD9JX24L3FbKEmzdxSZGYy3HVCJL6oERib1FzKPW1LXrSf4CFbb22SXWHHBDbtwgsFCG4UmZNKxv7a79U2TxM,2025-11-24T23:31:21.000Z,AF4jW3tHUQTgcPVPhpkgKbDr8fWeD87CG3J4dLXC1Qfn,4gQT88rvHr6ay8XvmUUriL5FTjsSuvkvH8ybz3etVLBb,0.000006,SOL,success
3mpvD9JX24L3FbKEmzdxSZGYy3HVCJL6oERib1FzKPW1LXrSf4CFbb22SXWHHBDbtwgsFCG4UmZNKxv7a79U2TxM,2025-11-24T23:31:21.000Z,ARu4n5mFdZogZAravu7CcizaojWnS6oqka37gdLT5SZn,9yj3zvLS3fDMqi1F8zhkaWfq8TZpZWHe6cz1Sgt7djXf,0.001530772,SOL,success
3mpvD9JX24L3FbKEmzdxSZGYy3HVCJL6oERib1FzKPW1LXrSf4CFbb22SXWHHBDbtwgsFCG4UmZNKxv7a79U2TxM,2025-11-24T23:31:21.000Z,ARu4n5mFdZogZAravu7CcizaojWnS6oqka37gdLT5SZn,AF4jW3tHUQTgcPVPhpkgKbDr8fWeD87CG3J4dLXC1Qfn,0.180599368,SOL,success
3mpvD9JX24L3FbKEmzdxSZGYy3HVCJL6oERib1FzKPW1LXrSf4CFbb22SXWHHBDbtwgsFCG4UmZNKxv7a79U2TxM,2025-11-24T23:31:21.000Z,55ZNPyNU8rPoin41G5mkYugi1nAvWC1YSaGh7zMW92Gi,ARu4n5mFdZogZAravu7CcizaojWnS6oqka37gdLT5SZn,0.18213014,SOL,success
3mpvD9JX24L3FbKEmzdxSZGYy3HVCJL6oERib1FzKPW1LXrSf4CFbb22SXWHHBDbtwgsFCG4UmZNKxv7a79U2TxM,2025-11-24T23:31:21.000Z,7z7dBNG7z8Cx7JXdiWuaBqwsTQxSfDrvz4kFsMa3K8KZ,ARu4n5mFdZogZAravu7CcizaojWnS6oqka37gdLT5SZn,0.18009086,TOKEN,success
3mpvD9JX24L3FbKEmzdxSZGYy3HVCJL6oERib1FzKPW1LXrSf4CFbb22SXWHHBDbtwgsFCG4UmZNKxv7a79U2TxM,2025-11-24T23:31:21.000Z,7z7dBNG7z8Cx7JXdiWuaBqwsTQxSfDrvz4kFsMa3K8KZ,62qc2CNXwrYqQScmEdiZFFAnJR262PxWEuNQtxfafNgV,0.000091093,TOKEN,success
3mpvD9JX24L3FbKEmzdxSZGYy3HVCJL6oERib1FzKPW1LXrSf4CFbb22SXWHHBDbtwgsFCG4UmZNKxv7a79U2TxM,2025-11-24T23:31:21.000Z,7z7dBNG7z8Cx7JXdiWuaBqwsTQxSfDrvz4kFsMa3K8KZ,Qvqn8kKmKmpG2vFadJzgDhCDLwhxKrJ7Xz7VUjg4cFM,0.001639674,TOKEN,success
3mpvD9JX24L3FbKEmzdxSZGYy3HVCJL6oERib1FzKPW1LXrSf4CFbb22SXWHHBDbtwgsFCG4UmZNKxv7a79U2TxM,2025-11-24T23:31:21.000Z,ARu4n5mFdZogZAravu7CcizaojWnS6oqka37gdLT5SZn,AF4jW3tHUQTgcPVPhpkgKbDr8fWeD87CG3J4dLXC1Qfn,0.18009086,TOKEN,success
3mpvD9JX24L3FbKEmzdxSZGYy3HVCJL6oERib1FzKPW1LXrSf4CFbb22SXWHHBDbtwgsFCG4UmZNKxv7a79U2TxM,2025-11-24T23:31:21.000Z,AF4jW3tHUQTgcPVPhpkgKbDr8fWeD87CG3J4dLXC1Qfn,ARu4n5mFdZogZAravu7CcizaojWnS6oqka37gdLT5SZn,120037.335713,TOKEN,success
3mpvD9JX24L3FbKEmzdxSZGYy3HVCJL6oERib1FzKPW1LXrSf4CFbb22SXWHHBDbtwgsFCG4UmZNKxv7a79U2TxM,2025-11-24T23:31:21.000Z,ARu4n5mFdZogZAravu7CcizaojWnS6oqka37gdLT5SZn,7z7dBNG7z8Cx7JXdiWuaBqwsTQxSfDrvz4kFsMa3K8KZ,120037.335713,TOKEN,success
TKY1jHNApNQyhmgzn5seKJbDRbSxXGKShHUxgewp2XcRGwPBL3nUdbmYX8s8dM1KLV6eSgz89d1jL41GmuVtvXB,2025-11-24T18:51:14.000Z,AF4jW3tHUQTgcPVPhpkgKbDr8fWeD87CG3J4dLXC1Qfn,55ZNPyNU8rPoin41G5mkYugi1nAvWC1YSaGh7zMW92Gi,0.07144428,SOL,success
TKY1jHNApNQyhmgzn5seKJbDRbSxXGKShHUxgewp2XcRGwPBL3nUdbmYX8s8dM1KLV6eSgz89d1jL41GmuVtvXB,2025-11-24T18:51:14.000Z,AF4jW3tHUQTgcPVPhpkgKbDr8fWeD87CG3J4dLXC1Qfn,4gQT88rvHr6ay8XvmUUriL5FTjsSuvkvH8ybz3etVLBb,0.000015,SOL,success
TKY1jHNApNQyhmgzn5seKJbDRbSxXGKShHUxgewp2XcRGwPBL3nUdbmYX8s8dM1KLV6eSgz89d1jL41GmuVtvXB,2025-11-24T18:51:14.000Z,AF4jW3tHUQTgcPVPhpkgKbDr8fWeD87CG3J4dLXC1Qfn,HMBrrVo1LrC4ny1jup9aBkQqGqCCQfcYX9A5aXBzBmoV,0.00203928,SOL,success
TKY1jHNApNQyhmgzn5seKJbDRbSxXGKShHUxgewp2XcRGwPBL3nUdbmYX8s8dM1KLV6eSgz89d1jL41GmuVtvXB,2025-11-24T18:51:14.000Z,AF4jW3tHUQTgcPVPhpkgKbDr8fWeD87CG3J4dLXC1Qfn,ARu4n5mFdZogZAravu7CcizaojWnS6oqka37gdLT5SZn,0.000595,SOL,success
TKY1jHNApNQyhmgzn5seKJbDRbSxXGKShHUxgewp2XcRGwPBL3nUdbmYX8s8dM1KLV6eSgz89d1jL41GmuVtvXB,2025-11-24T18:51:14.000Z,ARu4n5mFdZogZAravu7CcizaojWnS6oqka37gdLT5SZn,9yj3zvLS3fDMqi1F8zhkaWfq8TZpZWHe6cz1Sgt7djXf,0.000595,SOL,success
TKY1jHNApNQyhmgzn5seKJbDRbSxXGKShHUxgewp2XcRGwPBL3nUdbmYX8s8dM1KLV6eSgz89d1jL41GmuVtvXB,2025-11-24T18:51:14.000Z,55ZNPyNU8rPoin41G5mkYugi1nAvWC1YSaGh7zMW92Gi,AF4jW3tHUQTgcPVPhpkgKbDr8fWeD87CG3J4dLXC1Qfn,0.00203928,SOL,success
TKY1jHNApNQyhmgzn5seKJbDRbSxXGKShHUxgewp2XcRGwPBL3nUdbmYX8s8dM1KLV6eSgz89d1jL41GmuVtvXB,2025-11-24T18:51:14.000Z,AF4jW3tHUQTgcPVPhpkgKbDr8fWeD87CG3J4dLXC1Qfn,ARu4n5mFdZogZAravu7CcizaojWnS6oqka37gdLT5SZn,0.069405,TOKEN,success
TKY1jHNApNQyhmgzn5seKJbDRbSxXGKShHUxgewp2XcRGwPBL3nUdbmYX8s8dM1KLV6eSgz89d1jL41GmuVtvXB,2025-11-24T18:51:14.000Z,ARu4n5mFdZogZAravu7CcizaojWnS6oqka37gdLT5SZn,HLnpSz9h2S4hiLQ43rnSD9XkcUThA7B8hQMKmDaiTLcC,0.069405,TOKEN,success
TKY1jHNApNQyhmgzn5seKJbDRbSxXGKShHUxgewp2XcRGwPBL3nUdbmYX8s8dM1KLV6eSgz89d1jL41GmuVtvXB,2025-11-24T18:51:14.000Z,HLnpSz9h2S4hiLQ43rnSD9XkcUThA7B8hQMKmDaiTLcC,ARu4n5mFdZogZAravu7CcizaojWnS6oqka37gdLT5SZn,304889.713774815,TOKEN,success
TKY1jHNApNQyhmgzn5seKJbDRbSxXGKShHUxgewp2XcRGwPBL3nUdbmYX8s8dM1KLV6eSgz89d1jL41GmuVtvXB,2025-11-24T18:51:14.000Z,ARu4n5mFdZogZAravu7CcizaojWnS6oqka37gdLT5SZn,AF4jW3tHUQTgcPVPhpkgKbDr8fWeD87CG3J4dLXC1Qfn,304889.713774815,TOKEN,success
62VxKipBwKeo1h9LU9NUp4GUvb3h3JXBWtRcxgifZmcdgzf2BQ8wBWtPsG5KLzHGX5RHHL7XwSxz65ns6L2AdGDg,2025-11-24T17:07:07.000Z,AF4jW3tHUQTgcPVPhpkgKbDr8fWeD87CG3J4dLXC1Qfn,55ZNPyNU8rPoin41G5mkYugi1nAvWC1YSaGh7zMW92Gi,0.14084928,SOL,success
62VxKipBwKeo1h9LU9NUp4GUvb3h3JXBWtRcxgifZmcdgzf2BQ8wBWtPsG5KLzHGX5RHHL7XwSxz65ns6L2AdGDg,2025-11-24T17:07:07.000Z,AF4jW3tHUQTgcPVPhpkgKbDr8fWeD87CG3J4dLXC1Qfn,6HRgJMRmjaj2svP9GpRbUU5TPzLAHnBW3sHgYVbirWYE,0.000011501,SOL,success
62VxKipBwKeo1h9LU9NUp4GUvb3h3JXBWtRcxgifZmcdgzf2BQ8wBWtPsG5KLzHGX5RHHL7XwSxz65ns6L2AdGDg,2025-11-24T17:07:07.000Z,AF4jW3tHUQTgcPVPhpkgKbDr8fWeD87CG3J4dLXC1Qfn,ARu4n5mFdZogZAravu7CcizaojWnS6oqka37gdLT5SZn,0.00119,SOL,success
62VxKipBwKeo1h9LU9NUp4GUvb3h3JXBWtRcxgifZmcdgzf2BQ8wBWtPsG5KLzHGX5RHHL7XwSxz65ns6L2AdGDg,2025-11-24T17:07:07.000Z,ARu4n5mFdZogZAravu7CcizaojWnS6oqka37gdLT5SZn,9yj3zvLS3fDMqi1F8zhkaWfq8TZpZWHe6cz1Sgt7djXf,0.00119,SOL,success
62VxKipBwKeo1h9LU9NUp4GUvb3h3JXBWtRcxgifZmcdgzf2BQ8wBWtPsG5KLzHGX5RHHL7XwSxz65ns6L2AdGDg,2025-11-24T17:07:07.000Z,55ZNPyNU8rPoin41G5mkYugi1nAvWC1YSaGh7zMW92Gi,AF4jW3tHUQTgcPVPhpkgKbDr8fWeD87CG3J4dLXC1Qfn,0.00203928,SOL,success
62VxKipBwKeo1h9LU9NUp4GUvb3h3JXBWtRcxgifZmcdgzf2BQ8wBWtPsG5KLzHGX5RHHL7XwSxz65ns6L2AdGDg,2025-11-24T17:07:07.000Z,AF4jW3tHUQTgcPVPhpkgKbDr8fWeD87CG3J4dLXC1Qfn,ARu4n5mFdZogZAravu7CcizaojWnS6oqka37gdLT5SZn,0.13881,TOKEN,success
62VxKipBwKeo1h9LU9NUp4GUvb3h3JXBWtRcxgifZmcdgzf2BQ8wBWtPsG5KLzHGX5RHHL7XwSxz65ns6L2AdGDg,2025-11-24T17:07:07.000Z,ARu4n5mFdZogZAravu7CcizaojWnS6oqka37gdLT5SZn,7z7dBNG7z8Cx7JXdiWuaBqwsTQxSfDrvz4kFsMa3K8KZ,0.137438358,TOKEN,success
62VxKipBwKeo1h9LU9NUp4GUvb3h3JXBWtRcxgifZmcdgzf2BQ8wBWtPsG5KLzHGX5RHHL7XwSxz65ns6L2AdGDg,2025-11-24T17:07:07.000Z,ARu4n5mFdZogZAravu7CcizaojWnS6oqka37gdLT5SZn,62qc2CNXwrYqQScmEdiZFFAnJR262PxWEuNQtxfafNgV,0.000068583,TOKEN,success
62VxKipBwKeo1h9LU9NUp4GUvb3h3JXBWtRcxgifZmcdgzf2BQ8wBWtPsG5KLzHGX5RHHL7XwSxz65ns6L2AdGDg,2025-11-24T17:07:07.000Z,ARu4n5mFdZogZAravu7CcizaojWnS6oqka37gdLT5SZn,Qvqn8kKmKmpG2vFadJzgDhCDLwhxKrJ7Xz7VUjg4cFM,0.001303059,TOKEN,success
62VxKipBwKeo1h9LU9NUp4GUvb3h3JXBWtRcxgifZmcdgzf2BQ8wBWtPsG5KLzHGX5RHHL7XwSxz65ns6L2AdGDg,2025-11-24T17:07:07.000Z,7z7dBNG7z8Cx7JXdiWuaBqwsTQxSfDrvz4kFsMa3K8KZ,ARu4n5mFdZogZAravu7CcizaojWnS6oqka37gdLT5SZn,121037.335713,TOKEN,success
62VxKipBwKeo1h9LU9NUp4GUvb3h3JXBWtRcxgifZmcdgzf2BQ8wBWtPsG5KLzHGX5RHHL7XwSxz65ns6L2AdGDg,2025-11-24T17:07:07.000Z,ARu4n5mFdZogZAravu7CcizaojWnS6oqka37gdLT5SZn,AF4jW3tHUQTgcPVPhpkgKbDr8fWeD87CG3J4dLXC1Qfn,121037.335713,TOKEN,success
4CmyYxcCt2NxCfHGjMSkrrNPRdx72GE32o7hzx57zbBXk5d7594cKW1WLFW51M2EH6KUqY7sE431Y33nVVp9adgY,2025-11-24T17:04:43.000Z,AF4jW3tHUQTgcPVPhpkgKbDr8fWeD87CG3J4dLXC1Qfn,55ZNPyNU8rPoin41G5mkYugi1nAvWC1YSaGh7zMW92Gi,0.00203928,SOL,success
4CmyYxcCt2NxCfHGjMSkrrNPRdx72GE32o7hzx57zbBXk5d7594cKW1WLFW51M2EH6KUqY7sE431Y33nVVp9adgY,2025-11-24T17:04:43.000Z,AF4jW3tHUQTgcPVPhpkgKbDr8fWeD87CG3J4dLXC1Qfn,CcTNKBhQKYu7nB4eRrRFQoXEvpd6H5QnGKh93pwniBtp,0.0000075,SOL,success
4CmyYxcCt2NxCfHGjMSkrrNPRdx72GE32o7hzx57zbBXk5d7594cKW1WLFW51M2EH6KUqY7sE431Y33nVVp9adgY,2025-11-24T17:04:43.000Z,ARu4n5mFdZogZAravu7CcizaojWnS6oqka37gdLT5SZn,9yj3zvLS3fDMqi1F8zhkaWfq8TZpZWHe6cz1Sgt7djXf,0.001233734,SOL,success
4CmyYxcCt2NxCfHGjMSkrrNPRdx72GE32o7hzx57zbBXk5d7594cKW1WLFW51M2EH6KUqY7sE431Y33nVVp9adgY,2025-11-24T17:04:43.000Z,ARu4n5mFdZogZAravu7CcizaojWnS6oqka37gdLT5SZn,AF4jW3tHUQTgcPVPhpkgKbDr8fWeD87CG3J4dLXC1Qfn,0.145950796,SOL,success
4CmyYxcCt2NxCfHGjMSkrrNPRdx72GE32o7hzx57zbBXk5d7594cKW1WLFW51M2EH6KUqY7sE431Y33nVVp9adgY,2025-11-24T17:04:43.000Z,55ZNPyNU8rPoin41G5mkYugi1nAvWC1YSaGh7zMW92Gi,ARu4n5mFdZogZAravu7CcizaojWnS6oqka37gdLT5SZn,0.14718453,SOL,success
4CmyYxcCt2NxCfHGjMSkrrNPRdx72GE32o7hzx57zbBXk5d7594cKW1WLFW51M2EH6KUqY7sE431Y33nVVp9adgY,2025-11-24T17:04:43.000Z,7z7dBNG7z8Cx7JXdiWuaBqwsTQxSfDrvz4kFsMa3K8KZ,ARu4n5mFdZogZAravu7CcizaojWnS6oqka37gdLT5SZn,0.14514525,TOKEN,success
4CmyYxcCt2NxCfHGjMSkrrNPRdx72GE32o7hzx57zbBXk5d7594cKW1WLFW51M2EH6KUqY7sE431Y33nVVp9adgY,2025-11-24T17:04:43.000Z,7z7dBNG7z8Cx7JXdiWuaBqwsTQxSfDrvz4kFsMa3K8KZ,62qc2CNXwrYqQScmEdiZFFAnJR262PxWEuNQtxfafNgV,0.000073455,TOKEN,success
4CmyYxcCt2NxCfHGjMSkrrNPRdx72GE32o7hzx57zbBXk5d7594cKW1WLFW51M2EH6KUqY7sE431Y33nVVp9adgY,2025-11-24T17:04:43.000Z,7z7dBNG7z8Cx7JXdiWuaBqwsTQxSfDrvz4kFsMa3K8KZ,Qvqn8kKmKmpG2vFadJzgDhCDLwhxKrJ7Xz7VUjg4cFM,0.001395628,TOKEN,success
4CmyYxcCt2NxCfHGjMSkrrNPRdx72GE32o7hzx57zbBXk5d7594cKW1WLFW51M2EH6KUqY7sE431Y33nVVp9adgY,2025-11-24T17:04:43.000Z,ARu4n5mFdZogZAravu7CcizaojWnS6oqka37gdLT5SZn,AF4jW3tHUQTgcPVPhpkgKbDr8fWeD87CG3J4dLXC1Qfn,0.14514525,TOKEN,success
4CmyYxcCt2NxCfHGjMSkrrNPRdx72GE32o7hzx57zbBXk5d7594cKW1WLFW51M2EH6KUqY7sE431Y33nVVp9adgY,2025-11-24T17:04:43.000Z,AF4jW3tHUQTgcPVPhpkgKbDr8fWeD87CG3J4dLXC1Qfn,ARu4n5mFdZogZAravu7CcizaojWnS6oqka37gdLT5SZn,130976.160966,TOKEN,success
4CmyYxcCt2NxCfHGjMSkrrNPRdx72GE32o7hzx57zbBXk5d7594cKW1WLFW51M2EH6KUqY7sE431Y33nVVp9adgY,2025-11-24T17:04:43.000Z,ARu4n5mFdZogZAravu7CcizaojWnS6oqka37gdLT5SZn,7z7dBNG7z8Cx7JXdiWuaBqwsTQxSfDrvz4kFsMa3K8KZ,130976.160966,TOKEN,success
yZNyTNKM19LNJS5mW4wne3fCxYckeFY7DYK2iuXYTHj7tq611tRh84Ep9jwQQeR89yARE2mPcZg77rDv71URkGm,2025-11-24T16:48:46.000Z,AF4jW3tHUQTgcPVPhpkgKbDr8fWeD87CG3J4dLXC1Qfn,55ZNPyNU8rPoin41G5mkYugi1nAvWC1YSaGh7zMW92Gi,0.04203928,SOL,success
yZNyTNKM19LNJS5mW4wne3fCxYckeFY7DYK2iuXYTHj7tq611tRh84Ep9jwQQeR89yARE2mPcZg77rDv71URkGm,2025-11-24T16:48:46.000Z,AF4jW3tHUQTgcPVPhpkgKbDr8fWeD87CG3J4dLXC1Qfn,4gQT88rvHr6ay8XvmUUriL5FTjsSuvkvH8ybz3etVLBb,0.000006,SOL,success
yZNyTNKM19LNJS5mW4wne3fCxYckeFY7DYK2iuXYTHj7tq611tRh84Ep9jwQQeR89yARE2mPcZg77rDv71URkGm,2025-11-24T16:48:46.000Z,55ZNPyNU8rPoin41G5mkYugi1nAvWC1YSaGh7zMW92Gi,AF4jW3tHUQTgcPVPhpkgKbDr8fWeD87CG3J4dLXC1Qfn,0.00203928,SOL,success
yZNyTNKM19LNJS5mW4wne3fCxYckeFY7DYK2iuXYTHj7tq611tRh84Ep9jwQQeR89yARE2mPcZg77rDv71URkGm,2025-11-24T16:48:46.000Z,AF4jW3tHUQTgcPVPhpkgKbDr8fWeD87CG3J4dLXC1Qfn,ARu4n5mFdZogZAravu7CcizaojWnS6oqka37gdLT5SZn,0.04,TOKEN,success
yZNyTNKM19LNJS5mW4wne3fCxYckeFY7DYK2iuXYTHj7tq611tRh84Ep9jwQQeR89yARE2mPcZg77rDv71URkGm,2025-11-24T16:48:46.000Z,ARu4n5mFdZogZAravu7CcizaojWnS6oqka37gdLT5SZn,8ekCy2jHHUbW2yeNGFWYJT9Hm9FW7SvZcZK66dSZCDiF,0.0216,TOKEN,success
yZNyTNKM19LNJS5mW4wne3fCxYckeFY7DYK2iuXYTHj7tq611tRh84Ep9jwQQeR89yARE2mPcZg77rDv71URkGm,2025-11-24T16:48:46.000Z,8ekCy2jHHUbW2yeNGFWYJT9Hm9FW7SvZcZK66dSZCDiF,ARu4n5mFdZogZAravu7CcizaojWnS6oqka37gdLT5SZn,2.892116,TOKEN,success
yZNyTNKM19LNJS5mW4wne3fCxYckeFY7DYK2iuXYTHj7tq611tRh84Ep9jwQQeR89yARE2mPcZg77rDv71URkGm,2025-11-24T16:48:46.000Z,ARu4n5mFdZogZAravu7CcizaojWnS6oqka37gdLT5SZn,GpMZbSM2GgvTKHJirzeGfMFoaZ8UR2X7F4v8vHTvxFbL,0.0184,TOKEN,success
yZNyTNKM19LNJS5mW4wne3fCxYckeFY7DYK2iuXYTHj7tq611tRh84Ep9jwQQeR89yARE2mPcZg77rDv71URkGm,2025-11-24T16:48:46.000Z,GpMZbSM2GgvTKHJirzeGfMFoaZ8UR2X7F4v8vHTvxFbL,ARu4n5mFdZogZAravu7CcizaojWnS6oqka37gdLT5SZn,24502.433576,TOKEN,success
yZNyTNKM19LNJS5mW4wne3fCxYckeFY7DYK2iuXYTHj7tq611tRh84Ep9jwQQeR89yARE2mPcZg77rDv71URkGm,2025-11-24T16:48:46.000Z,ARu4n5mFdZogZAravu7CcizaojWnS6oqka37gdLT5SZn,GpMZbSM2GgvTKHJirzeGfMFoaZ8UR2X7F4v8vHTvxFbL,317877.43177,TOKEN,success
yZNyTNKM19LNJS5mW4wne3fCxYckeFY7DYK2iuXYTHj7tq611tRh84Ep9jwQQeR89yARE2mPcZg77rDv71URkGm,2025-11-24T16:48:46.000Z,GpMZbSM2GgvTKHJirzeGfMFoaZ8UR2X7F4v8vHTvxFbL,ARu4n5mFdZogZAravu7CcizaojWnS6oqka37gdLT5SZn,28671.637763,TOKEN,success
yZNyTNKM19LNJS5mW4wne3fCxYckeFY7DYK2iuXYTHj7tq611tRh84Ep9jwQQeR89yARE2mPcZg77rDv71URkGm,2025-11-24T16:48:46.000Z,ARu4n5mFdZogZAravu7CcizaojWnS6oqka37gdLT5SZn,8psNvWTrdNTiVRNzAgsou9kETXNJm2SXZyaKuJraVRtf,451.979606,TOKEN,success
yZNyTNKM19LNJS5mW4wne3fCxYckeFY7DYK2iuXYTHj7tq611tRh84Ep9jwQQeR89yARE2mPcZg77rDv71URkGm,2025-11-24T16:48:46.000Z,ARu4n5mFdZogZAravu7CcizaojWnS6oqka37gdLT5SZn,AF4jW3tHUQTgcPVPhpkgKbDr8fWeD87CG3J4dLXC1Qfn,52722.091733,TOKEN,success
yZNyTNKM19LNJS5mW4wne3fCxYckeFY7DYK2iuXYTHj7tq611tRh84Ep9jwQQeR89yARE2mPcZg77rDv71URkGm,2025-11-24T16:48:46.000Z,ARu4n5mFdZogZAravu7CcizaojWnS6oqka37gdLT5SZn,8cjeuVV3KQ9k8RqW1JUyCfey2TDAhuo7f4hPDMeGfxv,2.892116,TOKEN,success
yZNyTNKM19LNJS5mW4wne3fCxYckeFY7DYK2iuXYTHj7tq611tRh84Ep9jwQQeR89yARE2mPcZg77rDv71URkGm,2025-11-24T16:48:46.000Z,9MkixYmjT2UbMgnNnPBTYkRjzdmi4zP1jkMdCkR89L67,ARu4n5mFdZogZAravu7CcizaojWnS6oqka37gdLT5SZn,317877.43177,TOKEN,success
5UBL9D6NbJrrwmbe2E3RkDMadTJXDCybNzMDmzR2w5A9Xr2FvPkBudrxtweiN7keL3zEQQBQkCaZxqrzjrAPzzSv,2025-11-24T16:43:22.000Z,AF4jW3tHUQTgcPVPhpkgKbDr8fWeD87CG3J4dLXC1Qfn,55ZNPyNU8rPoin41G5mkYugi1nAvWC1YSaGh7zMW92Gi,0.04169928,SOL,success
5UBL9D6NbJrrwmbe2E3RkDMadTJXDCybNzMDmzR2w5A9Xr2FvPkBudrxtweiN7keL3zEQQBQkCaZxqrzjrAPzzSv,2025-11-24T16:43:22.000Z,AF4jW3tHUQTgcPVPhpkgKbDr8fWeD87CG3J4dLXC1Qfn,4gQT88rvHr6ay8XvmUUriL5FTjsSuvkvH8ybz3etVLBb,0.000015,SOL,success
5UBL9D6NbJrrwmbe2E3RkDMadTJXDCybNzMDmzR2w5A9Xr2FvPkBudrxtweiN7keL3zEQQBQkCaZxqrzjrAPzzSv,2025-11-24T16:43:22.000Z,AF4jW3tHUQTgcPVPhpkgKbDr8fWeD87CG3J4dLXC1Qfn,ARu4n5mFdZogZAravu7CcizaojWnS6oqka37gdLT5SZn,0.00034,SOL,success
5UBL9D6NbJrrwmbe2E3RkDMadTJXDCybNzMDmzR2w5A9Xr2FvPkBudrxtweiN7keL3zEQQBQkCaZxqrzjrAPzzSv,2025-11-24T16:43:22.000Z,ARu4n5mFdZogZAravu7CcizaojWnS6oqka37gdLT5SZn,9yj3zvLS3fDMqi1F8zhkaWfq8TZpZWHe6cz1Sgt7djXf,0.00034,SOL,success
5UBL9D6NbJrrwmbe2E3RkDMadTJXDCybNzMDmzR2w5A9Xr2FvPkBudrxtweiN7keL3zEQQBQkCaZxqrzjrAPzzSv,2025-11-24T16:43:22.000Z,55ZNPyNU8rPoin41G5mkYugi1nAvWC1YSaGh7zMW92Gi,AF4jW3tHUQTgcPVPhpkgKbDr8fWeD87CG3J4dLXC1Qfn,0.00203928,SOL,success
5UBL9D6NbJrrwmbe2E3RkDMadTJXDCybNzMDmzR2w5A9Xr2FvPkBudrxtweiN7keL3zEQQBQkCaZxqrzjrAPzzSv,2025-11-24T16:43:22.000Z,AF4jW3tHUQTgcPVPhpkgKbDr8fWeD87CG3J4dLXC1Qfn,ARu4n5mFdZogZAravu7CcizaojWnS6oqka37gdLT5SZn,0.03966,TOKEN,success
5UBL9D6NbJrrwmbe2E3RkDMadTJXDCybNzMDmzR2w5A9Xr2FvPkBudrxtweiN7keL3zEQQBQkCaZxqrzjrAPzzSv,2025-11-24T16:43:22.000Z,3UDRUc4RHo7o9nYcuNWZvkckPT48TiGZd4tEm6tqx33m,ARu4n5mFdZogZAravu7CcizaojWnS6oqka37gdLT5SZn,296635.282472,TOKEN,success
5UBL9D6NbJrrwmbe2E3RkDMadTJXDCybNzMDmzR2w5A9Xr2FvPkBudrxtweiN7keL3zEQQBQkCaZxqrzjrAPzzSv,2025-11-24T16:43:22.000Z,ARu4n5mFdZogZAravu7CcizaojWnS6oqka37gdLT5SZn,3UDRUc4RHo7o9nYcuNWZvkckPT48TiGZd4tEm6tqx33m,0.039178203,TOKEN,success
5UBL9D6NbJrrwmbe2E3RkDMadTJXDCybNzMDmzR2w5A9Xr2FvPkBudrxtweiN7keL3zEQQBQkCaZxqrzjrAPzzSv,2025-11-24T16:43:22.000Z,ARu4n5mFdZogZAravu7CcizaojWnS6oqka37gdLT5SZn,62qc2CNXwrYqQScmEdiZFFAnJR262PxWEuNQtxfafNgV,0.000364285,TOKEN,success
5UBL9D6NbJrrwmbe2E3RkDMadTJXDCybNzMDmzR2w5A9Xr2FvPkBudrxtweiN7keL3zEQQBQkCaZxqrzjrAPzzSv,2025-11-24T16:43:22.000Z,ARu4n5mFdZogZAravu7CcizaojWnS6oqka37gdLT5SZn,6P3xzFnXzk2VM6GS6bGQdwzrqv2rjiZggQQT7ACnWfYo,0.000117512,TOKEN,success
5UBL9D6NbJrrwmbe2E3RkDMadTJXDCybNzMDmzR2w5A9Xr2FvPkBudrxtweiN7keL3zEQQBQkCaZxqrzjrAPzzSv,2025-11-24T16:43:22.000Z,ARu4n5mFdZogZAravu7CcizaojWnS6oqka37gdLT5SZn,AF4jW3tHUQTgcPVPhpkgKbDr8fWeD87CG3J4dLXC1Qfn,296635.282472,TOKEN,success
4hUmdZXrCaQhdSCdZf9ECs4roktdTbvk5SZppV8zxMkWSswE4n1Yva15rwaL7Wn3gyw2SZTLLcF4yi4HN8yMW81B,2025-11-24T16:25:23.000Z,AF4jW3tHUQTgcPVPhpkgKbDr8fWeD87CG3J4dLXC1Qfn,55ZNPyNU8rPoin41G5mkYugi1nAvWC1YSaGh7zMW92Gi,0.00203928,SOL,success
4hUmdZXrCaQhdSCdZf9ECs4roktdTbvk5SZppV8zxMkWSswE4n1Yva15rwaL7Wn3gyw2SZTLLcF4yi4HN8yMW81B,2025-11-24T16:25:23.000Z,AF4jW3tHUQTgcPVPhpkgKbDr8fWeD87CG3J4dLXC1Qfn,CcTNKBhQKYu7nB4eRrRFQoXEvpd6H5QnGKh93pwniBtp,0.000006,SOL,success
4hUmdZXrCaQhdSCdZf9ECs4roktdTbvk5SZppV8zxMkWSswE4n1Yva15rwaL7Wn3gyw2SZTLLcF4yi4HN8yMW81B,2025-11-24T16:25:23.000Z,ARu4n5mFdZogZAravu7CcizaojWnS6oqka37gdLT5SZn,9yj3zvLS3fDMqi1F8zhkaWfq8TZpZWHe6cz1Sgt7djXf,0.000765334,SOL,success
4hUmdZXrCaQhdSCdZf9ECs4roktdTbvk5SZppV8zxMkWSswE4n1Yva15rwaL7Wn3gyw2SZTLLcF4yi4HN8yMW81B,2025-11-24T16:25:23.000Z,ARu4n5mFdZogZAravu7CcizaojWnS6oqka37gdLT5SZn,AF4jW3tHUQTgcPVPhpkgKbDr8fWeD87CG3J4dLXC1Qfn,0.091313278,SOL,success
4hUmdZXrCaQhdSCdZf9ECs4roktdTbvk5SZppV8zxMkWSswE4n1Yva15rwaL7Wn3gyw2SZTLLcF4yi4HN8yMW81B,2025-11-24T16:25:23.000Z,55ZNPyNU8rPoin41G5mkYugi1nAvWC1YSaGh7zMW92Gi,ARu4n5mFdZogZAravu7CcizaojWnS6oqka37gdLT5SZn,0.092078612,SOL,success
4hUmdZXrCaQhdSCdZf9ECs4roktdTbvk5SZppV8zxMkWSswE4n1Yva15rwaL7Wn3gyw2SZTLLcF4yi4HN8yMW81B,2025-11-24T16:25:23.000Z,7z7dBNG7z8Cx7JXdiWuaBqwsTQxSfDrvz4kFsMa3K8KZ,ARu4n5mFdZogZAravu7CcizaojWnS6oqka37gdLT5SZn,0.090039332,TOKEN,success
4hUmdZXrCaQhdSCdZf9ECs4roktdTbvk5SZppV8zxMkWSswE4n1Yva15rwaL7Wn3gyw2SZTLLcF4yi4HN8yMW81B,2025-11-24T16:25:23.000Z,7z7dBNG7z8Cx7JXdiWuaBqwsTQxSfDrvz4kFsMa3K8KZ,62qc2CNXwrYqQScmEdiZFFAnJR262PxWEuNQtxfafNgV,0.000045567,TOKEN,success
4hUmdZXrCaQhdSCdZf9ECs4roktdTbvk5SZppV8zxMkWSswE4n1Yva15rwaL7Wn3gyw2SZTLLcF4yi4HN8yMW81B,2025-11-24T16:25:23.000Z,7z7dBNG7z8Cx7JXdiWuaBqwsTQxSfDrvz4kFsMa3K8KZ,Qvqn8kKmKmpG2vFadJzgDhCDLwhxKrJ7Xz7VUjg4cFM,0.000865763,TOKEN,success
4hUmdZXrCaQhdSCdZf9ECs4roktdTbvk5SZppV8zxMkWSswE4n1Yva15rwaL7Wn3gyw2SZTLLcF4yi4HN8yMW81B,2025-11-24T16:25:23.000Z,ARu4n5mFdZogZAravu7CcizaojWnS6oqka37gdLT5SZn,AF4jW3tHUQTgcPVPhpkgKbDr8fWeD87CG3J4dLXC1Qfn,0.090039332,TOKEN,success
4hUmdZXrCaQhdSCdZf9ECs4roktdTbvk5SZppV8zxMkWSswE4n1Yva15rwaL7Wn3gyw2SZTLLcF4yi4HN8yMW81B,2025-11-24T16:25:23.000Z,AF4jW3tHUQTgcPVPhpkgKbDr8fWeD87CG3J4dLXC1Qfn,ARu4n5mFdZogZAravu7CcizaojWnS6oqka37gdLT5SZn,80198.242209,TOKEN,success
4hUmdZXrCaQhdSCdZf9ECs4roktdTbvk5SZppV8zxMkWSswE4n1Yva15rwaL7Wn3gyw2SZTLLcF4yi4HN8yMW81B,2025-11-24T16:25:23.000Z,ARu4n5mFdZogZAravu7CcizaojWnS6oqka37gdLT5SZn,7z7dBNG7z8Cx7JXdiWuaBqwsTQxSfDrvz4kFsMa3K8KZ,80198.242209,TOKEN,success
2Lqu1Wjf9bqqVWyJsJvNBkyJJcFQR6qH4dWKwMRrNRNMaufwYb3dxBsxH98eKrrxxYLU4xAh2izC7Z4tsBkMqsyn,2025-11-24T16:13:26.000Z,AF4jW3tHUQTgcPVPhpkgKbDr8fWeD87CG3J4dLXC1Qfn,55ZNPyNU8rPoin41G5mkYugi1nAvWC1YSaGh7zMW92Gi,0.00203928,SOL,success
2Lqu1Wjf9bqqVWyJsJvNBkyJJcFQR6qH4dWKwMRrNRNMaufwYb3dxBsxH98eKrrxxYLU4xAh2izC7Z4tsBkMqsyn,2025-11-24T16:13:26.000Z,AF4jW3tHUQTgcPVPhpkgKbDr8fWeD87CG3J4dLXC1Qfn,6HRgJMRmjaj2svP9GpRbUU5TPzLAHnBW3sHgYVbirWYE,0.000008011,SOL,success
2Lqu1Wjf9bqqVWyJsJvNBkyJJcFQR6qH4dWKwMRrNRNMaufwYb3dxBsxH98eKrrxxYLU4xAh2izC7Z4tsBkMqsyn,2025-11-24T16:13:26.000Z,ARu4n5mFdZogZAravu7CcizaojWnS6oqka37gdLT5SZn,9yj3zvLS3fDMqi1F8zhkaWfq8TZpZWHe6cz1Sgt7djXf,0.000835423,SOL,success
2Lqu1Wjf9bqqVWyJsJvNBkyJJcFQR6qH4dWKwMRrNRNMaufwYb3dxBsxH98eKrrxxYLU4xAh2izC7Z4tsBkMqsyn,2025-11-24T16:13:26.000Z,ARu4n5mFdZogZAravu7CcizaojWnS6oqka37gdLT5SZn,AF4jW3tHUQTgcPVPhpkgKbDr8fWeD87CG3J4dLXC1Qfn,0.099489022,SOL,success
2Lqu1Wjf9bqqVWyJsJvNBkyJJcFQR6qH4dWKwMRrNRNMaufwYb3dxBsxH98eKrrxxYLU4xAh2izC7Z4tsBkMqsyn,2025-11-24T16:13:26.000Z,55ZNPyNU8rPoin41G5mkYugi1nAvWC1YSaGh7zMW92Gi,ARu4n5mFdZogZAravu7CcizaojWnS6oqka37gdLT5SZn,0.100324445,SOL,success
2Lqu1Wjf9bqqVWyJsJvNBkyJJcFQR6qH4dWKwMRrNRNMaufwYb3dxBsxH98eKrrxxYLU4xAh2izC7Z4tsBkMqsyn,2025-11-24T16:13:26.000Z,7z7dBNG7z8Cx7JXdiWuaBqwsTQxSfDrvz4kFsMa3K8KZ,ARu4n5mFdZogZAravu7CcizaojWnS6oqka37gdLT5SZn,0.098285165,TOKEN,success
2Lqu1Wjf9bqqVWyJsJvNBkyJJcFQR6qH4dWKwMRrNRNMaufwYb3dxBsxH98eKrrxxYLU4xAh2izC7Z4tsBkMqsyn,2025-11-24T16:13:26.000Z,7z7dBNG7z8Cx7JXdiWuaBqwsTQxSfDrvz4kFsMa3K8KZ,62qc2CNXwrYqQScmEdiZFFAnJR262PxWEuNQtxfafNgV,0.00004974,TOKEN,success
2Lqu1Wjf9bqqVWyJsJvNBkyJJcFQR6qH4dWKwMRrNRNMaufwYb3dxBsxH98eKrrxxYLU4xAh2izC7Z4tsBkMqsyn,2025-11-24T16:13:26.000Z,7z7dBNG7z8Cx7JXdiWuaBqwsTQxSfDrvz4kFsMa3K8KZ,Qvqn8kKmKmpG2vFadJzgDhCDLwhxKrJ7Xz7VUjg4cFM,0.00094505,TOKEN,success
2Lqu1Wjf9bqqVWyJsJvNBkyJJcFQR6qH4dWKwMRrNRNMaufwYb3dxBsxH98eKrrxxYLU4xAh2izC7Z4tsBkMqsyn,2025-11-24T16:13:26.000Z,ARu4n5mFdZogZAravu7CcizaojWnS6oqka37gdLT5SZn,AF4jW3tHUQTgcPVPhpkgKbDr8fWeD87CG3J4dLXC1Qfn,0.098285165,TOKEN,success
2Lqu1Wjf9bqqVWyJsJvNBkyJJcFQR6qH4dWKwMRrNRNMaufwYb3dxBsxH98eKrrxxYLU4xAh2izC7Z4tsBkMqsyn,2025-11-24T16:13:26.000Z,AF4jW3tHUQTgcPVPhpkgKbDr8fWeD87CG3J4dLXC1Qfn,ARu4n5mFdZogZAravu7CcizaojWnS6oqka37gdLT5SZn,85198.24221,TOKEN,success
2Lqu1Wjf9bqqVWyJsJvNBkyJJcFQR6qH4dWKwMRrNRNMaufwYb3dxBsxH98eKrrxxYLU4xAh2izC7Z4tsBkMqsyn,2025-11-24T16:13:26.000Z,ARu4n5mFdZogZAravu7CcizaojWnS6oqka37gdLT5SZn,7z7dBNG7z8Cx7JXdiWuaBqwsTQxSfDrvz4kFsMa3K8KZ,85198.24221,TOKEN,success
3t32jJQKLxvojh9FTxq5jcN7JFTfJpTxGYWHxQJzrbBZS5wKAADsL2UpDtUCyKabvvGat4L5rLgmWuVyN5nhzQyU,2025-11-24T14:32:14.000Z,AF4jW3tHUQTgcPVPhpkgKbDr8fWeD87CG3J4dLXC1Qfn,55ZNPyNU8rPoin41G5mkYugi1nAvWC1YSaGh7zMW92Gi,0.00203928,SOL,success
3t32jJQKLxvojh9FTxq5jcN7JFTfJpTxGYWHxQJzrbBZS5wKAADsL2UpDtUCyKabvvGat4L5rLgmWuVyN5nhzQyU,2025-11-24T14:32:14.000Z,AF4jW3tHUQTgcPVPhpkgKbDr8fWeD87CG3J4dLXC1Qfn,6HRgJMRmjaj2svP9GpRbUU5TPzLAHnBW3sHgYVbirWYE,0.000006002,SOL,success
3t32jJQKLxvojh9FTxq5jcN7JFTfJpTxGYWHxQJzrbBZS5wKAADsL2UpDtUCyKabvvGat4L5rLgmWuVyN5nhzQyU,2025-11-24T14:32:14.000Z,ARu4n5mFdZogZAravu7CcizaojWnS6oqka37gdLT5SZn,9yj3zvLS3fDMqi1F8zhkaWfq8TZpZWHe6cz1Sgt7djXf,0.001225221,SOL,success
3t32jJQKLxvojh9FTxq5jcN7JFTfJpTxGYWHxQJzrbBZS5wKAADsL2UpDtUCyKabvvGat4L5rLgmWuVyN5nhzQyU,2025-11-24T14:32:14.000Z,ARu4n5mFdZogZAravu7CcizaojWnS6oqka37gdLT5SZn,AF4jW3tHUQTgcPVPhpkgKbDr8fWeD87CG3J4dLXC1Qfn,0.144957745,SOL,success
3t32jJQKLxvojh9FTxq5jcN7JFTfJpTxGYWHxQJzrbBZS5wKAADsL2UpDtUCyKabvvGat4L5rLgmWuVyN5nhzQyU,2025-11-24T14:32:14.000Z,55ZNPyNU8rPoin41G5mkYugi1nAvWC1YSaGh7zMW92Gi,ARu4n5mFdZogZAravu7CcizaojWnS6oqka37gdLT5SZn,0.146182966,SOL,success
3t32jJQKLxvojh9FTxq5jcN7JFTfJpTxGYWHxQJzrbBZS5wKAADsL2UpDtUCyKabvvGat4L5rLgmWuVyN5nhzQyU,2025-11-24T14:32:14.000Z,AF4jW3tHUQTgcPVPhpkgKbDr8fWeD87CG3J4dLXC1Qfn,ARu4n5mFdZogZAravu7CcizaojWnS6oqka37gdLT5SZn,177558.783757,TOKEN,success
3t32jJQKLxvojh9FTxq5jcN7JFTfJpTxGYWHxQJzrbBZS5wKAADsL2UpDtUCyKabvvGat4L5rLgmWuVyN5nhzQyU,2025-11-24T14:32:14.000Z,ARu4n5mFdZogZAravu7CcizaojWnS6oqka37gdLT5SZn,zy8Z7ofR2F9heBgYnD3tcZJAydFtididyrBxspJPc6H,177558.783757,TOKEN,success
3t32jJQKLxvojh9FTxq5jcN7JFTfJpTxGYWHxQJzrbBZS5wKAADsL2UpDtUCyKabvvGat4L5rLgmWuVyN5nhzQyU,2025-11-24T14:32:14.000Z,zy8Z7ofR2F9heBgYnD3tcZJAydFtididyrBxspJPc6H,ARu4n5mFdZogZAravu7CcizaojWnS6oqka37gdLT5SZn,0.144143686,TOKEN,success
3t32jJQKLxvojh9FTxq5jcN7JFTfJpTxGYWHxQJzrbBZS5wKAADsL2UpDtUCyKabvvGat4L5rLgmWuVyN5nhzQyU,2025-11-24T14:32:14.000Z,zy8Z7ofR2F9heBgYnD3tcZJAydFtididyrBxspJPc6H,62qc2CNXwrYqQScmEdiZFFAnJR262PxWEuNQtxfafNgV,0.000072948,TOKEN,success
3t32jJQKLxvojh9FTxq5jcN7JFTfJpTxGYWHxQJzrbBZS5wKAADsL2UpDtUCyKabvvGat4L5rLgmWuVyN5nhzQyU,2025-11-24T14:32:14.000Z,zy8Z7ofR2F9heBgYnD3tcZJAydFtididyrBxspJPc6H,G4SzUNMnC3JSdGiH3GNdNQetaCeeKDNrRzVqVCZR8eqK,0.001385997,TOKEN,success
3t32jJQKLxvojh9FTxq5jcN7JFTfJpTxGYWHxQJzrbBZS5wKAADsL2UpDtUCyKabvvGat4L5rLgmWuVyN5nhzQyU,2025-11-24T14:32:14.000Z,ARu4n5mFdZogZAravu7CcizaojWnS6oqka37gdLT5SZn,AF4jW3tHUQTgcPVPhpkgKbDr8fWeD87CG3J4dLXC1Qfn,0.144143686,TOKEN,success
63ofeW3UbCi4fNw2x1JbUTdpMpivcfuazZNC4QTkjUEM4SPed7ARyLrUNjoJSw4yj8HzHPD1bAWZAmWBoZanvH5p,2025-11-24T08:35:52.000Z,AF4jW3tHUQTgcPVPhpkgKbDr8fWeD87CG3J4dLXC1Qfn,55ZNPyNU8rPoin41G5mkYugi1nAvWC1YSaGh7zMW92Gi,0.00203928,SOL,success
63ofeW3UbCi4fNw2x1JbUTdpMpivcfuazZNC4QTkjUEM4SPed7ARyLrUNjoJSw4yj8HzHPD1bAWZAmWBoZanvH5p,2025-11-24T08:35:52.000Z,AF4jW3tHUQTgcPVPhpkgKbDr8fWeD87CG3J4dLXC1Qfn,CcTNKBhQKYu7nB4eRrRFQoXEvpd6H5QnGKh93pwniBtp,0.000024751,SOL,success
63ofeW3UbCi4fNw2x1JbUTdpMpivcfuazZNC4QTkjUEM4SPed7ARyLrUNjoJSw4yj8HzHPD1bAWZAmWBoZanvH5p,2025-11-24T08:35:52.000Z,ARu4n5mFdZogZAravu7CcizaojWnS6oqka37gdLT5SZn,9yj3zvLS3fDMqi1F8zhkaWfq8TZpZWHe6cz1Sgt7djXf,0.001072468,SOL,success
63ofeW3UbCi4fNw2x1JbUTdpMpivcfuazZNC4QTkjUEM4SPed7ARyLrUNjoJSw4yj8HzHPD1bAWZAmWBoZanvH5p,2025-11-24T08:35:52.000Z,ARu4n5mFdZogZAravu7CcizaojWnS6oqka37gdLT5SZn,AF4jW3tHUQTgcPVPhpkgKbDr8fWeD87CG3J4dLXC1Qfn,0.127139552,SOL,success
63ofeW3UbCi4fNw2x1JbUTdpMpivcfuazZNC4QTkjUEM4SPed7ARyLrUNjoJSw4yj8HzHPD1bAWZAmWBoZanvH5p,2025-11-24T08:35:52.000Z,55ZNPyNU8rPoin41G5mkYugi1nAvWC1YSaGh7zMW92Gi,ARu4n5mFdZogZAravu7CcizaojWnS6oqka37gdLT5SZn,0.12821202,SOL,success
63ofeW3UbCi4fNw2x1JbUTdpMpivcfuazZNC4QTkjUEM4SPed7ARyLrUNjoJSw4yj8HzHPD1bAWZAmWBoZanvH5p,2025-11-24T08:35:52.000Z,AF4jW3tHUQTgcPVPhpkgKbDr8fWeD87CG3J4dLXC1Qfn,ARu4n5mFdZogZAravu7CcizaojWnS6oqka37gdLT5SZn,6263.601739347,TOKEN,success
63ofeW3UbCi4fNw2x1JbUTdpMpivcfuazZNC4QTkjUEM4SPed7ARyLrUNjoJSw4yj8HzHPD1bAWZAmWBoZanvH5p,2025-11-24T08:35:52.000Z,ARu4n5mFdZogZAravu7CcizaojWnS6oqka37gdLT5SZn,HLnpSz9h2S4hiLQ43rnSD9XkcUThA7B8hQMKmDaiTLcC,6263.601739347,TOKEN,success
63ofeW3UbCi4fNw2x1JbUTdpMpivcfuazZNC4QTkjUEM4SPed7ARyLrUNjoJSw4yj8HzHPD1bAWZAmWBoZanvH5p,2025-11-24T08:35:52.000Z,HLnpSz9h2S4hiLQ43rnSD9XkcUThA7B8hQMKmDaiTLcC,ARu4n5mFdZogZAravu7CcizaojWnS6oqka37gdLT5SZn,0.12617274,TOKEN,success
63ofeW3UbCi4fNw2x1JbUTdpMpivcfuazZNC4QTkjUEM4SPed7ARyLrUNjoJSw4yj8HzHPD1bAWZAmWBoZanvH5p,2025-11-24T08:35:52.000Z,ARu4n5mFdZogZAravu7CcizaojWnS6oqka37gdLT5SZn,AF4jW3tHUQTgcPVPhpkgKbDr8fWeD87CG3J4dLXC1Qfn,0.12617274,TOKEN,success
4C5qLBzLjfT7uCswjgJq8678rbXjkgGqnaMDpmYfH7b5LL6MijToA49WWPkba2JbpnQf1dVKXi6NxAuhGQHXwtwP,2025-11-23T21:46:52.000Z,AF4jW3tHUQTgcPVPhpkgKbDr8fWeD87CG3J4dLXC1Qfn,55ZNPyNU8rPoin41G5mkYugi1nAvWC1YSaGh7zMW92Gi,0.00203928,SOL,success
4C5qLBzLjfT7uCswjgJq8678rbXjkgGqnaMDpmYfH7b5LL6MijToA49WWPkba2JbpnQf1dVKXi6NxAuhGQHXwtwP,2025-11-23T21:46:52.000Z,AF4jW3tHUQTgcPVPhpkgKbDr8fWeD87CG3J4dLXC1Qfn,CcTNKBhQKYu7nB4eRrRFQoXEvpd6H5QnGKh93pwniBtp,0.000006,SOL,success
4C5qLBzLjfT7uCswjgJq8678rbXjkgGqnaMDpmYfH7b5LL6MijToA49WWPkba2JbpnQf1dVKXi6NxAuhGQHXwtwP,2025-11-23T21:46:52.000Z,55ZNPyNU8rPoin41G5mkYugi1nAvWC1YSaGh7zMW92Gi,AF4jW3tHUQTgcPVPhpkgKbDr8fWeD87CG3J4dLXC1Qfn,0.290729593,SOL,success
4C5qLBzLjfT7uCswjgJq8678rbXjkgGqnaMDpmYfH7b5LL6MijToA49WWPkba2JbpnQf1dVKXi6NxAuhGQHXwtwP,2025-11-23T21:46:52.000Z,AF4jW3tHUQTgcPVPhpkgKbDr8fWeD87CG3J4dLXC1Qfn,ARu4n5mFdZogZAravu7CcizaojWnS6oqka37gdLT5SZn,3544182.467695,TOKEN,success
4C5qLBzLjfT7uCswjgJq8678rbXjkgGqnaMDpmYfH7b5LL6MijToA49WWPkba2JbpnQf1dVKXi6NxAuhGQHXwtwP,2025-11-23T21:46:52.000Z,ARu4n5mFdZogZAravu7CcizaojWnS6oqka37gdLT5SZn,8psNvWTrdNTiVRNzAgsou9kETXNJm2SXZyaKuJraVRtf,30125.550975,TOKEN,success
4C5qLBzLjfT7uCswjgJq8678rbXjkgGqnaMDpmYfH7b5LL6MijToA49WWPkba2JbpnQf1dVKXi6NxAuhGQHXwtwP,2025-11-23T21:46:52.000Z,ARu4n5mFdZogZAravu7CcizaojWnS6oqka37gdLT5SZn,8jPV2J3yyFYfNtPvvhrwkRmsdNcRgbeRHiV7jHnuvqxf,316265.122505,TOKEN,success
4C5qLBzLjfT7uCswjgJq8678rbXjkgGqnaMDpmYfH7b5LL6MijToA49WWPkba2JbpnQf1dVKXi6NxAuhGQHXwtwP,2025-11-23T21:46:52.000Z,8jPV2J3yyFYfNtPvvhrwkRmsdNcRgbeRHiV7jHnuvqxf,ARu4n5mFdZogZAravu7CcizaojWnS6oqka37gdLT5SZn,0.025980005,TOKEN,success
4C5qLBzLjfT7uCswjgJq8678rbXjkgGqnaMDpmYfH7b5LL6MijToA49WWPkba2JbpnQf1dVKXi6NxAuhGQHXwtwP,2025-11-23T21:46:52.000Z,ARu4n5mFdZogZAravu7CcizaojWnS6oqka37gdLT5SZn,AF4jW3tHUQTgcPVPhpkgKbDr8fWeD87CG3J4dLXC1Qfn,0.288690313,TOKEN,success
4C5qLBzLjfT7uCswjgJq8678rbXjkgGqnaMDpmYfH7b5LL6MijToA49WWPkba2JbpnQf1dVKXi6NxAuhGQHXwtwP,2025-11-23T21:46:52.000Z,ARu4n5mFdZogZAravu7CcizaojWnS6oqka37gdLT5SZn,5Q544fKrFoe6tsEbD7S8EmxGTJYAKtTVhAW5Q5pge4j1,3197791.794215,TOKEN,success
4C5qLBzLjfT7uCswjgJq8678rbXjkgGqnaMDpmYfH7b5LL6MijToA49WWPkba2JbpnQf1dVKXi6NxAuhGQHXwtwP,2025-11-23T21:46:52.000Z,5Q544fKrFoe6tsEbD7S8EmxGTJYAKtTVhAW5Q5pge4j1,ARu4n5mFdZogZAravu7CcizaojWnS6oqka37gdLT5SZn,0.262710308,TOKEN,success
21F4zxs1FCvvKX46DqCYeJTz9T7P3AkkFHyyQyko7DXnGYNnSqEBu8xmkzjD9u1uQEubATpo5EiSsBc3swfNmgmf,2025-11-23T21:37:13.000Z,AF4jW3tHUQTgcPVPhpkgKbDr8fWeD87CG3J4dLXC1Qfn,55ZNPyNU8rPoin41G5mkYugi1nAvWC1YSaGh7zMW92Gi,0.06152928,SOL,success
21F4zxs1FCvvKX46DqCYeJTz9T7P3AkkFHyyQyko7DXnGYNnSqEBu8xmkzjD9u1uQEubATpo5EiSsBc3swfNmgmf,2025-11-23T21:37:13.000Z,AF4jW3tHUQTgcPVPhpkgKbDr8fWeD87CG3J4dLXC1Qfn,CcTNKBhQKYu7nB4eRrRFQoXEvpd6H5QnGKh93pwniBtp,0.000007751,SOL,success
21F4zxs1FCvvKX46DqCYeJTz9T7P3AkkFHyyQyko7DXnGYNnSqEBu8xmkzjD9u1uQEubATpo5EiSsBc3swfNmgmf,2025-11-23T21:37:13.000Z,AF4jW3tHUQTgcPVPhpkgKbDr8fWeD87CG3J4dLXC1Qfn,ARu4n5mFdZogZAravu7CcizaojWnS6oqka37gdLT5SZn,0.00051,SOL,success
21F4zxs1FCvvKX46DqCYeJTz9T7P3AkkFHyyQyko7DXnGYNnSqEBu8xmkzjD9u1uQEubATpo5EiSsBc3swfNmgmf,2025-11-23T21:37:13.000Z,ARu4n5mFdZogZAravu7CcizaojWnS6oqka37gdLT5SZn,9yj3zvLS3fDMqi1F8zhkaWfq8TZpZWHe6cz1Sgt7djXf,0.00051,SOL,success
21F4zxs1FCvvKX46DqCYeJTz9T7P3AkkFHyyQyko7DXnGYNnSqEBu8xmkzjD9u1uQEubATpo5EiSsBc3swfNmgmf,2025-11-23T21:37:13.000Z,55ZNPyNU8rPoin41G5mkYugi1nAvWC1YSaGh7zMW92Gi,AF4jW3tHUQTgcPVPhpkgKbDr8fWeD87CG3J4dLXC1Qfn,0.00203928,SOL,success
21F4zxs1FCvvKX46DqCYeJTz9T7P3AkkFHyyQyko7DXnGYNnSqEBu8xmkzjD9u1uQEubATpo5EiSsBc3swfNmgmf,2025-11-23T21:37:13.000Z,AF4jW3tHUQTgcPVPhpkgKbDr8fWeD87CG3J4dLXC1Qfn,ARu4n5mFdZogZAravu7CcizaojWnS6oqka37gdLT5SZn,0.05949,TOKEN,success
21F4zxs1FCvvKX46DqCYeJTz9T7P3AkkFHyyQyko7DXnGYNnSqEBu8xmkzjD9u1uQEubATpo5EiSsBc3swfNmgmf,2025-11-23T21:37:13.000Z,3UDRUc4RHo7o9nYcuNWZvkckPT48TiGZd4tEm6tqx33m,ARu4n5mFdZogZAravu7CcizaojWnS6oqka37gdLT5SZn,125744.580731,TOKEN,success
21F4zxs1FCvvKX46DqCYeJTz9T7P3AkkFHyyQyko7DXnGYNnSqEBu8xmkzjD9u1uQEubATpo5EiSsBc3swfNmgmf,2025-11-23T21:37:13.000Z,ARu4n5mFdZogZAravu7CcizaojWnS6oqka37gdLT5SZn,3UDRUc4RHo7o9nYcuNWZvkckPT48TiGZd4tEm6tqx33m,0.058902153,TOKEN,success
21F4zxs1FCvvKX46DqCYeJTz9T7P3AkkFHyyQyko7DXnGYNnSqEBu8xmkzjD9u1uQEubATpo5EiSsBc3swfNmgmf,2025-11-23T21:37:13.000Z,ARu4n5mFdZogZAravu7CcizaojWnS6oqka37gdLT5SZn,62qc2CNXwrYqQScmEdiZFFAnJR262PxWEuNQtxfafNgV,0.000029393,TOKEN,success
21F4zxs1FCvvKX46DqCYeJTz9T7P3AkkFHyyQyko7DXnGYNnSqEBu8xmkzjD9u1uQEubATpo5EiSsBc3swfNmgmf,2025-11-23T21:37:13.000Z,ARu4n5mFdZogZAravu7CcizaojWnS6oqka37gdLT5SZn,6P3xzFnXzk2VM6GS6bGQdwzrqv2rjiZggQQT7ACnWfYo,0.000558454,TOKEN,success
21F4zxs1FCvvKX46DqCYeJTz9T7P3AkkFHyyQyko7DXnGYNnSqEBu8xmkzjD9u1uQEubATpo5EiSsBc3swfNmgmf,2025-11-23T21:37:13.000Z,ARu4n5mFdZogZAravu7CcizaojWnS6oqka37gdLT5SZn,AF4jW3tHUQTgcPVPhpkgKbDr8fWeD87CG3J4dLXC1Qfn,125744.580731,TOKEN,success
3CxxX36Xawomc6s8ivd8j36MAR45heHYcZJFJUMpzxCSdkyLp9yiWfToM2Vov8Cfc7LwuCLckgBiZ437ZAKPH7kP,2025-11-23T20:51:13.000Z,AF4jW3tHUQTgcPVPhpkgKbDr8fWeD87CG3J4dLXC1Qfn,55ZNPyNU8rPoin41G5mkYugi1nAvWC1YSaGh7zMW92Gi,0.29948928,SOL,success
3CxxX36Xawomc6s8ivd8j36MAR45heHYcZJFJUMpzxCSdkyLp9yiWfToM2Vov8Cfc7LwuCLckgBiZ437ZAKPH7kP,2025-11-23T20:51:13.000Z,AF4jW3tHUQTgcPVPhpkgKbDr8fWeD87CG3J4dLXC1Qfn,CcTNKBhQKYu7nB4eRrRFQoXEvpd6H5QnGKh93pwniBtp,0.000008001,SOL,success
3CxxX36Xawomc6s8ivd8j36MAR45heHYcZJFJUMpzxCSdkyLp9yiWfToM2Vov8Cfc7LwuCLckgBiZ437ZAKPH7kP,2025-11-23T20:51:13.000Z,AF4jW3tHUQTgcPVPhpkgKbDr8fWeD87CG3J4dLXC1Qfn,792naWJqDAAqwekAETg9p68fxW78DB3tcPj26nPgq52D,0.00203928,SOL,success
3CxxX36Xawomc6s8ivd8j36MAR45heHYcZJFJUMpzxCSdkyLp9yiWfToM2Vov8Cfc7LwuCLckgBiZ437ZAKPH7kP,2025-11-23T20:51:13.000Z,AF4jW3tHUQTgcPVPhpkgKbDr8fWeD87CG3J4dLXC1Qfn,ARu4n5mFdZogZAravu7CcizaojWnS6oqka37gdLT5SZn,0.00255,SOL,success
3CxxX36Xawomc6s8ivd8j36MAR45heHYcZJFJUMpzxCSdkyLp9yiWfToM2Vov8Cfc7LwuCLckgBiZ437ZAKPH7kP,2025-11-23T20:51:13.000Z,ARu4n5mFdZogZAravu7CcizaojWnS6oqka37gdLT5SZn,9yj3zvLS3fDMqi1F8zhkaWfq8TZpZWHe6cz1Sgt7djXf,0.00255,SOL,success
3CxxX36Xawomc6s8ivd8j36MAR45heHYcZJFJUMpzxCSdkyLp9yiWfToM2Vov8Cfc7LwuCLckgBiZ437ZAKPH7kP,2025-11-23T20:51:13.000Z,55ZNPyNU8rPoin41G5mkYugi1nAvWC1YSaGh7zMW92Gi,AF4jW3tHUQTgcPVPhpkgKbDr8fWeD87CG3J4dLXC1Qfn,0.00203928,SOL,success
3CxxX36Xawomc6s8ivd8j36MAR45heHYcZJFJUMpzxCSdkyLp9yiWfToM2Vov8Cfc7LwuCLckgBiZ437ZAKPH7kP,2025-11-23T20:51:13.000Z,AF4jW3tHUQTgcPVPhpkgKbDr8fWeD87CG3J4dLXC1Qfn,ARu4n5mFdZogZAravu7CcizaojWnS6oqka37gdLT5SZn,0.29745,TOKEN,success
3CxxX36Xawomc6s8ivd8j36MAR45heHYcZJFJUMpzxCSdkyLp9yiWfToM2Vov8Cfc7LwuCLckgBiZ437ZAKPH7kP,2025-11-23T20:51:13.000Z,ARu4n5mFdZogZAravu7CcizaojWnS6oqka37gdLT5SZn,8jPV2J3yyFYfNtPvvhrwkRmsdNcRgbeRHiV7jHnuvqxf,0.160623,TOKEN,success
3CxxX36Xawomc6s8ivd8j36MAR45heHYcZJFJUMpzxCSdkyLp9yiWfToM2Vov8Cfc7LwuCLckgBiZ437ZAKPH7kP,2025-11-23T20:51:13.000Z,8jPV2J3yyFYfNtPvvhrwkRmsdNcRgbeRHiV7jHnuvqxf,ARu4n5mFdZogZAravu7CcizaojWnS6oqka37gdLT5SZn,1914779.441532,TOKEN,success
3CxxX36Xawomc6s8ivd8j36MAR45heHYcZJFJUMpzxCSdkyLp9yiWfToM2Vov8Cfc7LwuCLckgBiZ437ZAKPH7kP,2025-11-23T20:51:13.000Z,ARu4n5mFdZogZAravu7CcizaojWnS6oqka37gdLT5SZn,AF4jW3tHUQTgcPVPhpkgKbDr8fWeD87CG3J4dLXC1Qfn,3544182.467695,TOKEN,success
3CxxX36Xawomc6s8ivd8j36MAR45heHYcZJFJUMpzxCSdkyLp9yiWfToM2Vov8Cfc7LwuCLckgBiZ437ZAKPH7kP,2025-11-23T20:51:13.000Z,ARu4n5mFdZogZAravu7CcizaojWnS6oqka37gdLT5SZn,5Q544fKrFoe6tsEbD7S8EmxGTJYAKtTVhAW5Q5pge4j1,0.136827,TOKEN,success
3CxxX36Xawomc6s8ivd8j36MAR45heHYcZJFJUMpzxCSdkyLp9yiWfToM2Vov8Cfc7LwuCLckgBiZ437ZAKPH7kP,2025-11-23T20:51:13.000Z,5Q544fKrFoe6tsEbD7S8EmxGTJYAKtTVhAW5Q5pge4j1,ARu4n5mFdZogZAravu7CcizaojWnS6oqka37gdLT5SZn,1629403.026163,TOKEN,success
5y3VZA9uPMoJ7Zw3TUuswmgczxL1GTrxJv9qqSMMHEuYaCU4H8rYeqbqAeuWYbnucLnu9TbMvmBsNPBMM9yr3Geh,2025-11-23T15:57:06.000Z,AF4jW3tHUQTgcPVPhpkgKbDr8fWeD87CG3J4dLXC1Qfn,55ZNPyNU8rPoin41G5mkYugi1nAvWC1YSaGh7zMW92Gi,0.00203928,SOL,success
5y3VZA9uPMoJ7Zw3TUuswmgczxL1GTrxJv9qqSMMHEuYaCU4H8rYeqbqAeuWYbnucLnu9TbMvmBsNPBMM9yr3Geh,2025-11-23T15:57:06.000Z,AF4jW3tHUQTgcPVPhpkgKbDr8fWeD87CG3J4dLXC1Qfn,4gQT88rvHr6ay8XvmUUriL5FTjsSuvkvH8ybz3etVLBb,0.000006,SOL,success
5y3VZA9uPMoJ7Zw3TUuswmgczxL1GTrxJv9qqSMMHEuYaCU4H8rYeqbqAeuWYbnucLnu9TbMvmBsNPBMM9yr3Geh,2025-11-23T15:57:06.000Z,ARu4n5mFdZogZAravu7CcizaojWnS6oqka37gdLT5SZn,9yj3zvLS3fDMqi1F8zhkaWfq8TZpZWHe6cz1Sgt7djXf,0.000482972,SOL,success
5y3VZA9uPMoJ7Zw3TUuswmgczxL1GTrxJv9qqSMMHEuYaCU4H8rYeqbqAeuWYbnucLnu9TbMvmBsNPBMM9yr3Geh,2025-11-23T15:57:06.000Z,ARu4n5mFdZogZAravu7CcizaojWnS6oqka37gdLT5SZn,AF4jW3tHUQTgcPVPhpkgKbDr8fWeD87CG3J4dLXC1Qfn,0.058376618,SOL,success
5y3VZA9uPMoJ7Zw3TUuswmgczxL1GTrxJv9qqSMMHEuYaCU4H8rYeqbqAeuWYbnucLnu9TbMvmBsNPBMM9yr3Geh,2025-11-23T15:57:06.000Z,55ZNPyNU8rPoin41G5mkYugi1nAvWC1YSaGh7zMW92Gi,ARu4n5mFdZogZAravu7CcizaojWnS6oqka37gdLT5SZn,0.05885959,SOL,success
5y3VZA9uPMoJ7Zw3TUuswmgczxL1GTrxJv9qqSMMHEuYaCU4H8rYeqbqAeuWYbnucLnu9TbMvmBsNPBMM9yr3Geh,2025-11-23T15:57:06.000Z,7z7dBNG7z8Cx7JXdiWuaBqwsTQxSfDrvz4kFsMa3K8KZ,ARu4n5mFdZogZAravu7CcizaojWnS6oqka37gdLT5SZn,0.05682031,TOKEN,success
5y3VZA9uPMoJ7Zw3TUuswmgczxL1GTrxJv9qqSMMHEuYaCU4H8rYeqbqAeuWYbnucLnu9TbMvmBsNPBMM9yr3Geh,2025-11-23T15:57:06.000Z,7z7dBNG7z8Cx7JXdiWuaBqwsTQxSfDrvz4kFsMa3K8KZ,62qc2CNXwrYqQScmEdiZFFAnJR262PxWEuNQtxfafNgV,0.000028756,TOKEN,success
5y3VZA9uPMoJ7Zw3TUuswmgczxL1GTrxJv9qqSMMHEuYaCU4H8rYeqbqAeuWYbnucLnu9TbMvmBsNPBMM9yr3Geh,2025-11-23T15:57:06.000Z,7z7dBNG7z8Cx7JXdiWuaBqwsTQxSfDrvz4kFsMa3K8KZ,Qvqn8kKmKmpG2vFadJzgDhCDLwhxKrJ7Xz7VUjg4cFM,0.00054635,TOKEN,success
5y3VZA9uPMoJ7Zw3TUuswmgczxL1GTrxJv9qqSMMHEuYaCU4H8rYeqbqAeuWYbnucLnu9TbMvmBsNPBMM9yr3Geh,2025-11-23T15:57:06.000Z,ARu4n5mFdZogZAravu7CcizaojWnS6oqka37gdLT5SZn,AF4jW3tHUQTgcPVPhpkgKbDr8fWeD87CG3J4dLXC1Qfn,0.05682031,TOKEN,success
5y3VZA9uPMoJ7Zw3TUuswmgczxL1GTrxJv9qqSMMHEuYaCU4H8rYeqbqAeuWYbnucLnu9TbMvmBsNPBMM9yr3Geh,2025-11-23T15:57:06.000Z,AF4jW3tHUQTgcPVPhpkgKbDr8fWeD87CG3J4dLXC1Qfn,ARu4n5mFdZogZAravu7CcizaojWnS6oqka37gdLT5SZn,80000,TOKEN,success
5y3VZA9uPMoJ7Zw3TUuswmgczxL1GTrxJv9qqSMMHEuYaCU4H8rYeqbqAeuWYbnucLnu9TbMvmBsNPBMM9yr3Geh,2025-11-23T15:57:06.000Z,ARu4n5mFdZogZAravu7CcizaojWnS6oqka37gdLT5SZn,7z7dBNG7z8Cx7JXdiWuaBqwsTQxSfDrvz4kFsMa3K8KZ,80000,TOKEN,success
tZTzfc4oEy9w1cBvjQchcRyA53DAezZwQcwVNvA7TG7Hx32Sv4Hz7L7SFA2fn16vVkuvKK4sV1kvYFseaVtuE3q,2025-11-23T15:21:51.000Z,AF4jW3tHUQTgcPVPhpkgKbDr8fWeD87CG3J4dLXC1Qfn,55ZNPyNU8rPoin41G5mkYugi1nAvWC1YSaGh7zMW92Gi,0.00203928,SOL,success
tZTzfc4oEy9w1cBvjQchcRyA53DAezZwQcwVNvA7TG7Hx32Sv4Hz7L7SFA2fn16vVkuvKK4sV1kvYFseaVtuE3q,2025-11-23T15:21:51.000Z,AF4jW3tHUQTgcPVPhpkgKbDr8fWeD87CG3J4dLXC1Qfn,CcTNKBhQKYu7nB4eRrRFQoXEvpd6H5QnGKh93pwniBtp,0.000009006,SOL,success
tZTzfc4oEy9w1cBvjQchcRyA53DAezZwQcwVNvA7TG7Hx32Sv4Hz7L7SFA2fn16vVkuvKK4sV1kvYFseaVtuE3q,2025-11-23T15:21:51.000Z,ARu4n5mFdZogZAravu7CcizaojWnS6oqka37gdLT5SZn,9yj3zvLS3fDMqi1F8zhkaWfq8TZpZWHe6cz1Sgt7djXf,0.000863861,SOL,success
tZTzfc4oEy9w1cBvjQchcRyA53DAezZwQcwVNvA7TG7Hx32Sv4Hz7L7SFA2fn16vVkuvKK4sV1kvYFseaVtuE3q,2025-11-23T15:21:51.000Z,ARu4n5mFdZogZAravu7CcizaojWnS6oqka37gdLT5SZn,AF4jW3tHUQTgcPVPhpkgKbDr8fWeD87CG3J4dLXC1Qfn,0.102806195,SOL,success
tZTzfc4oEy9w1cBvjQchcRyA53DAezZwQcwVNvA7TG7Hx32Sv4Hz7L7SFA2fn16vVkuvKK4sV1kvYFseaVtuE3q,2025-11-23T15:21:51.000Z,55ZNPyNU8rPoin41G5mkYugi1nAvWC1YSaGh7zMW92Gi,ARu4n5mFdZogZAravu7CcizaojWnS6oqka37gdLT5SZn,0.103670056,SOL,success
tZTzfc4oEy9w1cBvjQchcRyA53DAezZwQcwVNvA7TG7Hx32Sv4Hz7L7SFA2fn16vVkuvKK4sV1kvYFseaVtuE3q,2025-11-23T15:21:51.000Z,7z7dBNG7z8Cx7JXdiWuaBqwsTQxSfDrvz4kFsMa3K8KZ,ARu4n5mFdZogZAravu7CcizaojWnS6oqka37gdLT5SZn,0.101630776,TOKEN,success
tZTzfc4oEy9w1cBvjQchcRyA53DAezZwQcwVNvA7TG7Hx32Sv4Hz7L7SFA2fn16vVkuvKK4sV1kvYFseaVtuE3q,2025-11-23T15:21:51.000Z,7z7dBNG7z8Cx7JXdiWuaBqwsTQxSfDrvz4kFsMa3K8KZ,62qc2CNXwrYqQScmEdiZFFAnJR262PxWEuNQtxfafNgV,0.000051433,TOKEN,success
tZTzfc4oEy9w1cBvjQchcRyA53DAezZwQcwVNvA7TG7Hx32Sv4Hz7L7SFA2fn16vVkuvKK4sV1kvYFseaVtuE3q,2025-11-23T15:21:51.000Z,7z7dBNG7z8Cx7JXdiWuaBqwsTQxSfDrvz4kFsMa3K8KZ,Qvqn8kKmKmpG2vFadJzgDhCDLwhxKrJ7Xz7VUjg4cFM,0.00097722,TOKEN,success
tZTzfc4oEy9w1cBvjQchcRyA53DAezZwQcwVNvA7TG7Hx32Sv4Hz7L7SFA2fn16vVkuvKK4sV1kvYFseaVtuE3q,2025-11-23T15:21:51.000Z,ARu4n5mFdZogZAravu7CcizaojWnS6oqka37gdLT5SZn,AF4jW3tHUQTgcPVPhpkgKbDr8fWeD87CG3J4dLXC1Qfn,0.101630776,TOKEN,success
tZTzfc4oEy9w1cBvjQchcRyA53DAezZwQcwVNvA7TG7Hx32Sv4Hz7L7SFA2fn16vVkuvKK4sV1kvYFseaVtuE3q,2025-11-23T15:21:51.000Z,AF4jW3tHUQTgcPVPhpkgKbDr8fWeD87CG3J4dLXC1Qfn,ARu4n5mFdZogZAravu7CcizaojWnS6oqka37gdLT5SZn,102373.903967,TOKEN,success
tZTzfc4oEy9w1cBvjQchcRyA53DAezZwQcwVNvA7TG7Hx32Sv4Hz7L7SFA2fn16vVkuvKK4sV1kvYFseaVtuE3q,2025-11-23T15:21:51.000Z,ARu4n5mFdZogZAravu7CcizaojWnS6oqka37gdLT5SZn,7z7dBNG7z8Cx7JXdiWuaBqwsTQxSfDrvz4kFsMa3K8KZ,102373.903967,TOKEN,success
7qU7XS3MPG582jHzvwCL8EYmFJbR5TMwLfadni8VprVHzkkoiNwUuwUEoQEFcRmxi11CgnUNdCdoUUzerQnXqHB,2025-11-23T13:48:22.000Z,AF4jW3tHUQTgcPVPhpkgKbDr8fWeD87CG3J4dLXC1Qfn,55ZNPyNU8rPoin41G5mkYugi1nAvWC1YSaGh7zMW92Gi,0.08135928,SOL,success
7qU7XS3MPG582jHzvwCL8EYmFJbR5TMwLfadni8VprVHzkkoiNwUuwUEoQEFcRmxi11CgnUNdCdoUUzerQnXqHB,2025-11-23T13:48:22.000Z,AF4jW3tHUQTgcPVPhpkgKbDr8fWeD87CG3J4dLXC1Qfn,6HRgJMRmjaj2svP9GpRbUU5TPzLAHnBW3sHgYVbirWYE,0.000010983,SOL,success
7qU7XS3MPG582jHzvwCL8EYmFJbR5TMwLfadni8VprVHzkkoiNwUuwUEoQEFcRmxi11CgnUNdCdoUUzerQnXqHB,2025-11-23T13:48:22.000Z,AF4jW3tHUQTgcPVPhpkgKbDr8fWeD87CG3J4dLXC1Qfn,ALSfgZyroWG1yUZ7P1762sHnS2589TokHuqrunSeD9po,0.00203928,SOL,success
7qU7XS3MPG582jHzvwCL8EYmFJbR5TMwLfadni8VprVHzkkoiNwUuwUEoQEFcRmxi11CgnUNdCdoUUzerQnXqHB,2025-11-23T13:48:22.000Z,AF4jW3tHUQTgcPVPhpkgKbDr8fWeD87CG3J4dLXC1Qfn,ARu4n5mFdZogZAravu7CcizaojWnS6oqka37gdLT5SZn,0.00068,SOL,success
7qU7XS3MPG582jHzvwCL8EYmFJbR5TMwLfadni8VprVHzkkoiNwUuwUEoQEFcRmxi11CgnUNdCdoUUzerQnXqHB,2025-11-23T13:48:22.000Z,ARu4n5mFdZogZAravu7CcizaojWnS6oqka37gdLT5SZn,9yj3zvLS3fDMqi1F8zhkaWfq8TZpZWHe6cz1Sgt7djXf,0.00068,SOL,success
7qU7XS3MPG582jHzvwCL8EYmFJbR5TMwLfadni8VprVHzkkoiNwUuwUEoQEFcRmxi11CgnUNdCdoUUzerQnXqHB,2025-11-23T13:48:22.000Z,55ZNPyNU8rPoin41G5mkYugi1nAvWC1YSaGh7zMW92Gi,AF4jW3tHUQTgcPVPhpkgKbDr8fWeD87CG3J4dLXC1Qfn,0.00203928,SOL,success
7qU7XS3MPG582jHzvwCL8EYmFJbR5TMwLfadni8VprVHzkkoiNwUuwUEoQEFcRmxi11CgnUNdCdoUUzerQnXqHB,2025-11-23T13:48:22.000Z,AF4jW3tHUQTgcPVPhpkgKbDr8fWeD87CG3J4dLXC1Qfn,ARu4n5mFdZogZAravu7CcizaojWnS6oqka37gdLT5SZn,0.07932,TOKEN,success
7qU7XS3MPG582jHzvwCL8EYmFJbR5TMwLfadni8VprVHzkkoiNwUuwUEoQEFcRmxi11CgnUNdCdoUUzerQnXqHB,2025-11-23T13:48:22.000Z,ARu4n5mFdZogZAravu7CcizaojWnS6oqka37gdLT5SZn,AF4jW3tHUQTgcPVPhpkgKbDr8fWeD87CG3J4dLXC1Qfn,68192751.296822,TOKEN,success
7qU7XS3MPG582jHzvwCL8EYmFJbR5TMwLfadni8VprVHzkkoiNwUuwUEoQEFcRmxi11CgnUNdCdoUUzerQnXqHB,2025-11-23T13:48:22.000Z,ARu4n5mFdZogZAravu7CcizaojWnS6oqka37gdLT5SZn,5Q544fKrFoe6tsEbD7S8EmxGTJYAKtTVhAW5Q5pge4j1,0.07932,TOKEN,success
7qU7XS3MPG582jHzvwCL8EYmFJbR5TMwLfadni8VprVHzkkoiNwUuwUEoQEFcRmxi11CgnUNdCdoUUzerQnXqHB,2025-11-23T13:48:22.000Z,5Q544fKrFoe6tsEbD7S8EmxGTJYAKtTVhAW5Q5pge4j1,ARu4n5mFdZogZAravu7CcizaojWnS6oqka37gdLT5SZn,68192751.296822,TOKEN,success
xkXGD5DnNbPZTSGhpzoLJ9PAvpVnWGgsKKUKQQggtMH18zWRbEchmJgEfXNpeXed53T3ZLc7idzYokDawmMuWzr,2025-11-23T13:40:10.000Z,AF4jW3tHUQTgcPVPhpkgKbDr8fWeD87CG3J4dLXC1Qfn,55ZNPyNU8rPoin41G5mkYugi1nAvWC1YSaGh7zMW92Gi,0.00203928,SOL,success
xkXGD5DnNbPZTSGhpzoLJ9PAvpVnWGgsKKUKQQggtMH18zWRbEchmJgEfXNpeXed53T3ZLc7idzYokDawmMuWzr,2025-11-23T13:40:10.000Z,AF4jW3tHUQTgcPVPhpkgKbDr8fWeD87CG3J4dLXC1Qfn,4gQT88rvHr6ay8XvmUUriL5FTjsSuvkvH8ybz3etVLBb,0.000006,SOL,success
xkXGD5DnNbPZTSGhpzoLJ9PAvpVnWGgsKKUKQQggtMH18zWRbEchmJgEfXNpeXed53T3ZLc7idzYokDawmMuWzr,2025-11-23T13:40:10.000Z,ARu4n5mFdZogZAravu7CcizaojWnS6oqka37gdLT5SZn,9yj3zvLS3fDMqi1F8zhkaWfq8TZpZWHe6cz1Sgt7djXf,0.000468894,SOL,success
xkXGD5DnNbPZTSGhpzoLJ9PAvpVnWGgsKKUKQQggtMH18zWRbEchmJgEfXNpeXed53T3ZLc7idzYokDawmMuWzr,2025-11-23T13:40:10.000Z,ARu4n5mFdZogZAravu7CcizaojWnS6oqka37gdLT5SZn,AF4jW3tHUQTgcPVPhpkgKbDr8fWeD87CG3J4dLXC1Qfn,0.056734398,SOL,success
xkXGD5DnNbPZTSGhpzoLJ9PAvpVnWGgsKKUKQQggtMH18zWRbEchmJgEfXNpeXed53T3ZLc7idzYokDawmMuWzr,2025-11-23T13:40:10.000Z,55ZNPyNU8rPoin41G5mkYugi1nAvWC1YSaGh7zMW92Gi,ARu4n5mFdZogZAravu7CcizaojWnS6oqka37gdLT5SZn,0.057203292,SOL,success
xkXGD5DnNbPZTSGhpzoLJ9PAvpVnWGgsKKUKQQggtMH18zWRbEchmJgEfXNpeXed53T3ZLc7idzYokDawmMuWzr,2025-11-23T13:40:10.000Z,7z7dBNG7z8Cx7JXdiWuaBqwsTQxSfDrvz4kFsMa3K8KZ,ARu4n5mFdZogZAravu7CcizaojWnS6oqka37gdLT5SZn,0.055164012,TOKEN,success
xkXGD5DnNbPZTSGhpzoLJ9PAvpVnWGgsKKUKQQggtMH18zWRbEchmJgEfXNpeXed53T3ZLc7idzYokDawmMuWzr,2025-11-23T13:40:10.000Z,7z7dBNG7z8Cx7JXdiWuaBqwsTQxSfDrvz4kFsMa3K8KZ,62qc2CNXwrYqQScmEdiZFFAnJR262PxWEuNQtxfafNgV,0.000027918,TOKEN,success
xkXGD5DnNbPZTSGhpzoLJ9PAvpVnWGgsKKUKQQggtMH18zWRbEchmJgEfXNpeXed53T3ZLc7idzYokDawmMuWzr,2025-11-23T13:40:10.000Z,7z7dBNG7z8Cx7JXdiWuaBqwsTQxSfDrvz4kFsMa3K8KZ,Qvqn8kKmKmpG2vFadJzgDhCDLwhxKrJ7Xz7VUjg4cFM,0.000530424,TOKEN,success
xkXGD5DnNbPZTSGhpzoLJ9PAvpVnWGgsKKUKQQggtMH18zWRbEchmJgEfXNpeXed53T3ZLc7idzYokDawmMuWzr,2025-11-23T13:40:10.000Z,ARu4n5mFdZogZAravu7CcizaojWnS6oqka37gdLT5SZn,AF4jW3tHUQTgcPVPhpkgKbDr8fWeD87CG3J4dLXC1Qfn,0.055164012,TOKEN,success
xkXGD5DnNbPZTSGhpzoLJ9PAvpVnWGgsKKUKQQggtMH18zWRbEchmJgEfXNpeXed53T3ZLc7idzYokDawmMuWzr,2025-11-23T13:40:10.000Z,AF4jW3tHUQTgcPVPhpkgKbDr8fWeD87CG3J4dLXC1Qfn,ARu4n5mFdZogZAravu7CcizaojWnS6oqka37gdLT5SZn,80000,TOKEN,success
xkXGD5DnNbPZTSGhpzoLJ9PAvpVnWGgsKKUKQQggtMH18zWRbEchmJgEfXNpeXed53T3ZLc7idzYokDawmMuWzr,2025-11-23T13:40:10.000Z,ARu4n5mFdZogZAravu7CcizaojWnS6oqka37gdLT5SZn,7z7dBNG7z8Cx7JXdiWuaBqwsTQxSfDrvz4kFsMa3K8KZ,80000,TOKEN,success
5fRgeTBGHpC9Eu3EuMrd9Weh5kaLzLw8uD7m1Wrz2tnFs6buZ8563B29VyJRgiCkQrngyBFbLHouaAFXVDPmpsmw,2025-11-23T13:39:38.000Z,AF4jW3tHUQTgcPVPhpkgKbDr8fWeD87CG3J4dLXC1Qfn,55ZNPyNU8rPoin41G5mkYugi1nAvWC1YSaGh7zMW92Gi,0.00203928,SOL,success
5fRgeTBGHpC9Eu3EuMrd9Weh5kaLzLw8uD7m1Wrz2tnFs6buZ8563B29VyJRgiCkQrngyBFbLHouaAFXVDPmpsmw,2025-11-23T13:39:38.000Z,AF4jW3tHUQTgcPVPhpkgKbDr8fWeD87CG3J4dLXC1Qfn,6HRgJMRmjaj2svP9GpRbUU5TPzLAHnBW3sHgYVbirWYE,0.000006,SOL,success
5fRgeTBGHpC9Eu3EuMrd9Weh5kaLzLw8uD7m1Wrz2tnFs6buZ8563B29VyJRgiCkQrngyBFbLHouaAFXVDPmpsmw,2025-11-23T13:39:38.000Z,ARu4n5mFdZogZAravu7CcizaojWnS6oqka37gdLT5SZn,9yj3zvLS3fDMqi1F8zhkaWfq8TZpZWHe6cz1Sgt7djXf,0.000449561,SOL,success
5fRgeTBGHpC9Eu3EuMrd9Weh5kaLzLw8uD7m1Wrz2tnFs6buZ8563B29VyJRgiCkQrngyBFbLHouaAFXVDPmpsmw,2025-11-23T13:39:38.000Z,ARu4n5mFdZogZAravu7CcizaojWnS6oqka37gdLT5SZn,AF4jW3tHUQTgcPVPhpkgKbDr8fWeD87CG3J4dLXC1Qfn,0.054479296,SOL,success
5fRgeTBGHpC9Eu3EuMrd9Weh5kaLzLw8uD7m1Wrz2tnFs6buZ8563B29VyJRgiCkQrngyBFbLHouaAFXVDPmpsmw,2025-11-23T13:39:38.000Z,55ZNPyNU8rPoin41G5mkYugi1nAvWC1YSaGh7zMW92Gi,ARu4n5mFdZogZAravu7CcizaojWnS6oqka37gdLT5SZn,0.054928857,SOL,success
5fRgeTBGHpC9Eu3EuMrd9Weh5kaLzLw8uD7m1Wrz2tnFs6buZ8563B29VyJRgiCkQrngyBFbLHouaAFXVDPmpsmw,2025-11-23T13:39:38.000Z,AF4jW3tHUQTgcPVPhpkgKbDr8fWeD87CG3J4dLXC1Qfn,ARu4n5mFdZogZAravu7CcizaojWnS6oqka37gdLT5SZn,140000,TOKEN,success
5fRgeTBGHpC9Eu3EuMrd9Weh5kaLzLw8uD7m1Wrz2tnFs6buZ8563B29VyJRgiCkQrngyBFbLHouaAFXVDPmpsmw,2025-11-23T13:39:38.000Z,ARu4n5mFdZogZAravu7CcizaojWnS6oqka37gdLT5SZn,DaNEynNDmxtaSyQGyaqjabZTCkFj2TsYXyNPNRfwneCW,140000,TOKEN,success
5fRgeTBGHpC9Eu3EuMrd9Weh5kaLzLw8uD7m1Wrz2tnFs6buZ8563B29VyJRgiCkQrngyBFbLHouaAFXVDPmpsmw,2025-11-23T13:39:38.000Z,DaNEynNDmxtaSyQGyaqjabZTCkFj2TsYXyNPNRfwneCW,ARu4n5mFdZogZAravu7CcizaojWnS6oqka37gdLT5SZn,6.947849,TOKEN,success
5fRgeTBGHpC9Eu3EuMrd9Weh5kaLzLw8uD7m1Wrz2tnFs6buZ8563B29VyJRgiCkQrngyBFbLHouaAFXVDPmpsmw,2025-11-23T13:39:38.000Z,ARu4n5mFdZogZAravu7CcizaojWnS6oqka37gdLT5SZn,7imnGYfCovXjMWKdbQvETFVMe72MQDX4S5zW4GFxMJME,6.947849,TOKEN,success
5fRgeTBGHpC9Eu3EuMrd9Weh5kaLzLw8uD7m1Wrz2tnFs6buZ8563B29VyJRgiCkQrngyBFbLHouaAFXVDPmpsmw,2025-11-23T13:39:38.000Z,7imnGYfCovXjMWKdbQvETFVMe72MQDX4S5zW4GFxMJME,8UgoPZAR8ZLoEmV6pJ8SZ6JKESP2X8nbnrZSdSgNtg1y,0.000041,TOKEN,success
5fRgeTBGHpC9Eu3EuMrd9Weh5kaLzLw8uD7m1Wrz2tnFs6buZ8563B29VyJRgiCkQrngyBFbLHouaAFXVDPmpsmw,2025-11-23T13:39:38.000Z,7imnGYfCovXjMWKdbQvETFVMe72MQDX4S5zW4GFxMJME,ARu4n5mFdZogZAravu7CcizaojWnS6oqka37gdLT5SZn,6.943265,TOKEN,success
5fRgeTBGHpC9Eu3EuMrd9Weh5kaLzLw8uD7m1Wrz2tnFs6buZ8563B29VyJRgiCkQrngyBFbLHouaAFXVDPmpsmw,2025-11-23T13:39:38.000Z,ARu4n5mFdZogZAravu7CcizaojWnS6oqka37gdLT5SZn,AF4jW3tHUQTgcPVPhpkgKbDr8fWeD87CG3J4dLXC1Qfn,0.052889577,TOKEN,success
5fRgeTBGHpC9Eu3EuMrd9Weh5kaLzLw8uD7m1Wrz2tnFs6buZ8563B29VyJRgiCkQrngyBFbLHouaAFXVDPmpsmw,2025-11-23T13:39:38.000Z,3QYYvFWgSuGK8bbxMSAYkCqE8QfSuFtByagnZAuekia2,ARu4n5mFdZogZAravu7CcizaojWnS6oqka37gdLT5SZn,0.052889577,TOKEN,success
5fRgeTBGHpC9Eu3EuMrd9Weh5kaLzLw8uD7m1Wrz2tnFs6buZ8563B29VyJRgiCkQrngyBFbLHouaAFXVDPmpsmw,2025-11-23T13:39:38.000Z,ARu4n5mFdZogZAravu7CcizaojWnS6oqka37gdLT5SZn,3QYYvFWgSuGK8bbxMSAYkCqE8QfSuFtByagnZAuekia2,6.943265,TOKEN,success
3GSqscWRhsb2A75L6hLxGLemwTCUdSDXTkLbStsn2CKtU3dpRQVxXgHTmsbuyKHqLde7ZWmdW7m7szdbRwiBgVrn,2025-11-23T12:28:01.000Z,AF4jW3tHUQTgcPVPhpkgKbDr8fWeD87CG3J4dLXC1Qfn,55ZNPyNU8rPoin41G5mkYugi1nAvWC1YSaGh7zMW92Gi,0.10118928,SOL,success
3GSqscWRhsb2A75L6hLxGLemwTCUdSDXTkLbStsn2CKtU3dpRQVxXgHTmsbuyKHqLde7ZWmdW7m7szdbRwiBgVrn,2025-11-23T12:28:01.000Z,AF4jW3tHUQTgcPVPhpkgKbDr8fWeD87CG3J4dLXC1Qfn,6HRgJMRmjaj2svP9GpRbUU5TPzLAHnBW3sHgYVbirWYE,0.000008228,SOL,success
3GSqscWRhsb2A75L6hLxGLemwTCUdSDXTkLbStsn2CKtU3dpRQVxXgHTmsbuyKHqLde7ZWmdW7m7szdbRwiBgVrn,2025-11-23T12:28:01.000Z,AF4jW3tHUQTgcPVPhpkgKbDr8fWeD87CG3J4dLXC1Qfn,AWTGyGMnnBRAaVHtqqoX16jBzUAbm6e6tn3mvKL1J625,0.00203928,SOL,success
3GSqscWRhsb2A75L6hLxGLemwTCUdSDXTkLbStsn2CKtU3dpRQVxXgHTmsbuyKHqLde7ZWmdW7m7szdbRwiBgVrn,2025-11-23T12:28:01.000Z,AF4jW3tHUQTgcPVPhpkgKbDr8fWeD87CG3J4dLXC1Qfn,ARu4n5mFdZogZAravu7CcizaojWnS6oqka37gdLT5SZn,0.00085,SOL,success
3GSqscWRhsb2A75L6hLxGLemwTCUdSDXTkLbStsn2CKtU3dpRQVxXgHTmsbuyKHqLde7ZWmdW7m7szdbRwiBgVrn,2025-11-23T12:28:01.000Z,ARu4n5mFdZogZAravu7CcizaojWnS6oqka37gdLT5SZn,9yj3zvLS3fDMqi1F8zhkaWfq8TZpZWHe6cz1Sgt7djXf,0.00085,SOL,success
3GSqscWRhsb2A75L6hLxGLemwTCUdSDXTkLbStsn2CKtU3dpRQVxXgHTmsbuyKHqLde7ZWmdW7m7szdbRwiBgVrn,2025-11-23T12:28:01.000Z,55ZNPyNU8rPoin41G5mkYugi1nAvWC1YSaGh7zMW92Gi,AF4jW3tHUQTgcPVPhpkgKbDr8fWeD87CG3J4dLXC1Qfn,0.00203928,SOL,success
3GSqscWRhsb2A75L6hLxGLemwTCUdSDXTkLbStsn2CKtU3dpRQVxXgHTmsbuyKHqLde7ZWmdW7m7szdbRwiBgVrn,2025-11-23T12:28:01.000Z,AF4jW3tHUQTgcPVPhpkgKbDr8fWeD87CG3J4dLXC1Qfn,ARu4n5mFdZogZAravu7CcizaojWnS6oqka37gdLT5SZn,0.09915,TOKEN,success
3GSqscWRhsb2A75L6hLxGLemwTCUdSDXTkLbStsn2CKtU3dpRQVxXgHTmsbuyKHqLde7ZWmdW7m7szdbRwiBgVrn,2025-11-23T12:28:01.000Z,BKA7zC19FwWzVxPHwxAe7ZTbgyqoC3wUsioK6pGs5pVx,ARu4n5mFdZogZAravu7CcizaojWnS6oqka37gdLT5SZn,146941.585804,TOKEN,success
3GSqscWRhsb2A75L6hLxGLemwTCUdSDXTkLbStsn2CKtU3dpRQVxXgHTmsbuyKHqLde7ZWmdW7m7szdbRwiBgVrn,2025-11-23T12:28:01.000Z,ARu4n5mFdZogZAravu7CcizaojWnS6oqka37gdLT5SZn,BKA7zC19FwWzVxPHwxAe7ZTbgyqoC3wUsioK6pGs5pVx,0.098170256,TOKEN,success
3GSqscWRhsb2A75L6hLxGLemwTCUdSDXTkLbStsn2CKtU3dpRQVxXgHTmsbuyKHqLde7ZWmdW7m7szdbRwiBgVrn,2025-11-23T12:28:01.000Z,ARu4n5mFdZogZAravu7CcizaojWnS6oqka37gdLT5SZn,62qc2CNXwrYqQScmEdiZFFAnJR262PxWEuNQtxfafNgV,0.000048988,TOKEN,success
3GSqscWRhsb2A75L6hLxGLemwTCUdSDXTkLbStsn2CKtU3dpRQVxXgHTmsbuyKHqLde7ZWmdW7m7szdbRwiBgVrn,2025-11-23T12:28:01.000Z,ARu4n5mFdZogZAravu7CcizaojWnS6oqka37gdLT5SZn,Evn7AcwQTGKZUVZxNhX46SvyoNCrvcQiYxueFyLRGkmm,0.000930756,TOKEN,success
3GSqscWRhsb2A75L6hLxGLemwTCUdSDXTkLbStsn2CKtU3dpRQVxXgHTmsbuyKHqLde7ZWmdW7m7szdbRwiBgVrn,2025-11-23T12:28:01.000Z,ARu4n5mFdZogZAravu7CcizaojWnS6oqka37gdLT5SZn,AF4jW3tHUQTgcPVPhpkgKbDr8fWeD87CG3J4dLXC1Qfn,146941.585804,TOKEN,success
5btuDLNPGBZAC5mqKRvwYchVbiEBHycwyCNc9uWFAzaGY2tDJbEcAAgH5eSb5AJoYBcrecLANwkFZ8X567mARzd7,2025-11-23T03:51:56.000Z,AF4jW3tHUQTgcPVPhpkgKbDr8fWeD87CG3J4dLXC1Qfn,55ZNPyNU8rPoin41G5mkYugi1nAvWC1YSaGh7zMW92Gi,0.10118928,SOL,success
5btuDLNPGBZAC5mqKRvwYchVbiEBHycwyCNc9uWFAzaGY2tDJbEcAAgH5eSb5AJoYBcrecLANwkFZ8X567mARzd7,2025-11-23T03:51:56.000Z,AF4jW3tHUQTgcPVPhpkgKbDr8fWeD87CG3J4dLXC1Qfn,CcTNKBhQKYu7nB4eRrRFQoXEvpd6H5QnGKh93pwniBtp,0.000009011,SOL,success
5btuDLNPGBZAC5mqKRvwYchVbiEBHycwyCNc9uWFAzaGY2tDJbEcAAgH5eSb5AJoYBcrecLANwkFZ8X567mARzd7,2025-11-23T03:51:56.000Z,AF4jW3tHUQTgcPVPhpkgKbDr8fWeD87CG3J4dLXC1Qfn,3CPV4pNRWodCTeGVbb6M4iX28tQeME796UoAGYxfmvHu,0.00203928,SOL,success
5btuDLNPGBZAC5mqKRvwYchVbiEBHycwyCNc9uWFAzaGY2tDJbEcAAgH5eSb5AJoYBcrecLANwkFZ8X567mARzd7,2025-11-23T03:51:56.000Z,AF4jW3tHUQTgcPVPhpkgKbDr8fWeD87CG3J4dLXC1Qfn,ARu4n5mFdZogZAravu7CcizaojWnS6oqka37gdLT5SZn,0.00085,SOL,success
5btuDLNPGBZAC5mqKRvwYchVbiEBHycwyCNc9uWFAzaGY2tDJbEcAAgH5eSb5AJoYBcrecLANwkFZ8X567mARzd7,2025-11-23T03:51:56.000Z,ARu4n5mFdZogZAravu7CcizaojWnS6oqka37gdLT5SZn,9yj3zvLS3fDMqi1F8zhkaWfq8TZpZWHe6cz1Sgt7djXf,0.00085,SOL,success
5btuDLNPGBZAC5mqKRvwYchVbiEBHycwyCNc9uWFAzaGY2tDJbEcAAgH5eSb5AJoYBcrecLANwkFZ8X567mARzd7,2025-11-23T03:51:56.000Z,55ZNPyNU8rPoin41G5mkYugi1nAvWC1YSaGh7zMW92Gi,AF4jW3tHUQTgcPVPhpkgKbDr8fWeD87CG3J4dLXC1Qfn,0.00203928,SOL,success
5btuDLNPGBZAC5mqKRvwYchVbiEBHycwyCNc9uWFAzaGY2tDJbEcAAgH5eSb5AJoYBcrecLANwkFZ8X567mARzd7,2025-11-23T03:51:56.000Z,AF4jW3tHUQTgcPVPhpkgKbDr8fWeD87CG3J4dLXC1Qfn,ARu4n5mFdZogZAravu7CcizaojWnS6oqka37gdLT5SZn,0.09915,TOKEN,success
5btuDLNPGBZAC5mqKRvwYchVbiEBHycwyCNc9uWFAzaGY2tDJbEcAAgH5eSb5AJoYBcrecLANwkFZ8X567mARzd7,2025-11-23T03:51:56.000Z,ARu4n5mFdZogZAravu7CcizaojWnS6oqka37gdLT5SZn,HLnpSz9h2S4hiLQ43rnSD9XkcUThA7B8hQMKmDaiTLcC,0.09915,TOKEN,success
5btuDLNPGBZAC5mqKRvwYchVbiEBHycwyCNc9uWFAzaGY2tDJbEcAAgH5eSb5AJoYBcrecLANwkFZ8X567mARzd7,2025-11-23T03:51:56.000Z,HLnpSz9h2S4hiLQ43rnSD9XkcUThA7B8hQMKmDaiTLcC,ARu4n5mFdZogZAravu7CcizaojWnS6oqka37gdLT5SZn,126465.054114,TOKEN,success
5btuDLNPGBZAC5mqKRvwYchVbiEBHycwyCNc9uWFAzaGY2tDJbEcAAgH5eSb5AJoYBcrecLANwkFZ8X567mARzd7,2025-11-23T03:51:56.000Z,ARu4n5mFdZogZAravu7CcizaojWnS6oqka37gdLT5SZn,AF4jW3tHUQTgcPVPhpkgKbDr8fWeD87CG3J4dLXC1Qfn,126465.054114,TOKEN,success
mbo5xJaSqrAL42DdRHLjX6oUDv2gymFutzRdQv9VCDGXjrXqpraPRkDw2n3DCkxtXsvBGYqJQ2gcCB66fG61A1S,2025-11-23T03:50:05.000Z,AF4jW3tHUQTgcPVPhpkgKbDr8fWeD87CG3J4dLXC1Qfn,55ZNPyNU8rPoin41G5mkYugi1nAvWC1YSaGh7zMW92Gi,0.10118928,SOL,success
mbo5xJaSqrAL42DdRHLjX6oUDv2gymFutzRdQv9VCDGXjrXqpraPRkDw2n3DCkxtXsvBGYqJQ2gcCB66fG61A1S,2025-11-23T03:50:05.000Z,AF4jW3tHUQTgcPVPhpkgKbDr8fWeD87CG3J4dLXC1Qfn,6HRgJMRmjaj2svP9GpRbUU5TPzLAHnBW3sHgYVbirWYE,0.000014409,SOL,success
mbo5xJaSqrAL42DdRHLjX6oUDv2gymFutzRdQv9VCDGXjrXqpraPRkDw2n3DCkxtXsvBGYqJQ2gcCB66fG61A1S,2025-11-23T03:50:05.000Z,AF4jW3tHUQTgcPVPhpkgKbDr8fWeD87CG3J4dLXC1Qfn,CVVnvAxFzfKVx7S77fYHZfGugUUsmo49r4o4TukuejuM,0.00207408,SOL,success
mbo5xJaSqrAL42DdRHLjX6oUDv2gymFutzRdQv9VCDGXjrXqpraPRkDw2n3DCkxtXsvBGYqJQ2gcCB66fG61A1S,2025-11-23T03:50:05.000Z,AF4jW3tHUQTgcPVPhpkgKbDr8fWeD87CG3J4dLXC1Qfn,ARu4n5mFdZogZAravu7CcizaojWnS6oqka37gdLT5SZn,0.00085,SOL,success
mbo5xJaSqrAL42DdRHLjX6oUDv2gymFutzRdQv9VCDGXjrXqpraPRkDw2n3DCkxtXsvBGYqJQ2gcCB66fG61A1S,2025-11-23T03:50:05.000Z,ARu4n5mFdZogZAravu7CcizaojWnS6oqka37gdLT5SZn,9yj3zvLS3fDMqi1F8zhkaWfq8TZpZWHe6cz1Sgt7djXf,0.00085,SOL,success
mbo5xJaSqrAL42DdRHLjX6oUDv2gymFutzRdQv9VCDGXjrXqpraPRkDw2n3DCkxtXsvBGYqJQ2gcCB66fG61A1S,2025-11-23T03:50:05.000Z,55ZNPyNU8rPoin41G5mkYugi1nAvWC1YSaGh7zMW92Gi,AF4jW3tHUQTgcPVPhpkgKbDr8fWeD87CG3J4dLXC1Qfn,0.00203928,SOL,success
mbo5xJaSqrAL42DdRHLjX6oUDv2gymFutzRdQv9VCDGXjrXqpraPRkDw2n3DCkxtXsvBGYqJQ2gcCB66fG61A1S,2025-11-23T03:50:05.000Z,AF4jW3tHUQTgcPVPhpkgKbDr8fWeD87CG3J4dLXC1Qfn,ARu4n5mFdZogZAravu7CcizaojWnS6oqka37gdLT5SZn,0.09915,TOKEN,success
mbo5xJaSqrAL42DdRHLjX6oUDv2gymFutzRdQv9VCDGXjrXqpraPRkDw2n3DCkxtXsvBGYqJQ2gcCB66fG61A1S,2025-11-23T03:50:05.000Z,ARu4n5mFdZogZAravu7CcizaojWnS6oqka37gdLT5SZn,2sTTvgtp74LgKCND6fzUJMZpQ8zhi8b6rdeCPHQWPB4B,0.09794551,TOKEN,success
mbo5xJaSqrAL42DdRHLjX6oUDv2gymFutzRdQv9VCDGXjrXqpraPRkDw2n3DCkxtXsvBGYqJQ2gcCB66fG61A1S,2025-11-23T03:50:05.000Z,ARu4n5mFdZogZAravu7CcizaojWnS6oqka37gdLT5SZn,62qc2CNXwrYqQScmEdiZFFAnJR262PxWEuNQtxfafNgV,0.000910712,TOKEN,success
mbo5xJaSqrAL42DdRHLjX6oUDv2gymFutzRdQv9VCDGXjrXqpraPRkDw2n3DCkxtXsvBGYqJQ2gcCB66fG61A1S,2025-11-23T03:50:05.000Z,ARu4n5mFdZogZAravu7CcizaojWnS6oqka37gdLT5SZn,4rJBnNQiGaDmiNAFmEeHuZBdK7z5WYZ9P8uBQEGRB9H9,0.000293778,TOKEN,success
mbo5xJaSqrAL42DdRHLjX6oUDv2gymFutzRdQv9VCDGXjrXqpraPRkDw2n3DCkxtXsvBGYqJQ2gcCB66fG61A1S,2025-11-23T03:50:05.000Z,2sTTvgtp74LgKCND6fzUJMZpQ8zhi8b6rdeCPHQWPB4B,ARu4n5mFdZogZAravu7CcizaojWnS6oqka37gdLT5SZn,400842.188186,TOKEN,success
mbo5xJaSqrAL42DdRHLjX6oUDv2gymFutzRdQv9VCDGXjrXqpraPRkDw2n3DCkxtXsvBGYqJQ2gcCB66fG61A1S,2025-11-23T03:50:05.000Z,ARu4n5mFdZogZAravu7CcizaojWnS6oqka37gdLT5SZn,8psNvWTrdNTiVRNzAgsou9kETXNJm2SXZyaKuJraVRtf,19476.599136,TOKEN,success
mbo5xJaSqrAL42DdRHLjX6oUDv2gymFutzRdQv9VCDGXjrXqpraPRkDw2n3DCkxtXsvBGYqJQ2gcCB66fG61A1S,2025-11-23T03:50:05.000Z,ARu4n5mFdZogZAravu7CcizaojWnS6oqka37gdLT5SZn,AF4jW3tHUQTgcPVPhpkgKbDr8fWeD87CG3J4dLXC1Qfn,381365.58905,TOKEN,success
3jcJ1rGsTbPk4okq53tH5kVVYfJVpGCKPkssVuixuLfTtyMpyoC5FaCK1Lw6QD1TUVYiMnotDzuNjwxKqoUhn4Me,2025-11-23T03:43:46.000Z,AF4jW3tHUQTgcPVPhpkgKbDr8fWeD87CG3J4dLXC1Qfn,55ZNPyNU8rPoin41G5mkYugi1nAvWC1YSaGh7zMW92Gi,0.00699678,SOL,success
3jcJ1rGsTbPk4okq53tH5kVVYfJVpGCKPkssVuixuLfTtyMpyoC5FaCK1Lw6QD1TUVYiMnotDzuNjwxKqoUhn4Me,2025-11-23T03:43:46.000Z,AF4jW3tHUQTgcPVPhpkgKbDr8fWeD87CG3J4dLXC1Qfn,6HRgJMRmjaj2svP9GpRbUU5TPzLAHnBW3sHgYVbirWYE,0.000011169,SOL,success
3jcJ1rGsTbPk4okq53tH5kVVYfJVpGCKPkssVuixuLfTtyMpyoC5FaCK1Lw6QD1TUVYiMnotDzuNjwxKqoUhn4Me,2025-11-23T03:43:46.000Z,AF4jW3tHUQTgcPVPhpkgKbDr8fWeD87CG3J4dLXC1Qfn,ARu4n5mFdZogZAravu7CcizaojWnS6oqka37gdLT5SZn,0.0000425,SOL,success
3jcJ1rGsTbPk4okq53tH5kVVYfJVpGCKPkssVuixuLfTtyMpyoC5FaCK1Lw6QD1TUVYiMnotDzuNjwxKqoUhn4Me,2025-11-23T03:43:46.000Z,ARu4n5mFdZogZAravu7CcizaojWnS6oqka37gdLT5SZn,9yj3zvLS3fDMqi1F8zhkaWfq8TZpZWHe6cz1Sgt7djXf,0.0000425,SOL,success
3jcJ1rGsTbPk4okq53tH5kVVYfJVpGCKPkssVuixuLfTtyMpyoC5FaCK1Lw6QD1TUVYiMnotDzuNjwxKqoUhn4Me,2025-11-23T03:43:46.000Z,55ZNPyNU8rPoin41G5mkYugi1nAvWC1YSaGh7zMW92Gi,AF4jW3tHUQTgcPVPhpkgKbDr8fWeD87CG3J4dLXC1Qfn,0.00203928,SOL,success
3jcJ1rGsTbPk4okq53tH5kVVYfJVpGCKPkssVuixuLfTtyMpyoC5FaCK1Lw6QD1TUVYiMnotDzuNjwxKqoUhn4Me,2025-11-23T03:43:46.000Z,AF4jW3tHUQTgcPVPhpkgKbDr8fWeD87CG3J4dLXC1Qfn,ARu4n5mFdZogZAravu7CcizaojWnS6oqka37gdLT5SZn,0.0049575,TOKEN,success
3jcJ1rGsTbPk4okq53tH5kVVYfJVpGCKPkssVuixuLfTtyMpyoC5FaCK1Lw6QD1TUVYiMnotDzuNjwxKqoUhn4Me,2025-11-23T03:43:46.000Z,ARu4n5mFdZogZAravu7CcizaojWnS6oqka37gdLT5SZn,HLnpSz9h2S4hiLQ43rnSD9XkcUThA7B8hQMKmDaiTLcC,0.0049575,TOKEN,success
3jcJ1rGsTbPk4okq53tH5kVVYfJVpGCKPkssVuixuLfTtyMpyoC5FaCK1Lw6QD1TUVYiMnotDzuNjwxKqoUhn4Me,2025-11-23T03:43:46.000Z,HLnpSz9h2S4hiLQ43rnSD9XkcUThA7B8hQMKmDaiTLcC,ARu4n5mFdZogZAravu7CcizaojWnS6oqka37gdLT5SZn,129042329.569624,TOKEN,success
3jcJ1rGsTbPk4okq53tH5kVVYfJVpGCKPkssVuixuLfTtyMpyoC5FaCK1Lw6QD1TUVYiMnotDzuNjwxKqoUhn4Me,2025-11-23T03:43:46.000Z,ARu4n5mFdZogZAravu7CcizaojWnS6oqka37gdLT5SZn,8psNvWTrdNTiVRNzAgsou9kETXNJm2SXZyaKuJraVRtf,6452116.478481,TOKEN,success
3jcJ1rGsTbPk4okq53tH5kVVYfJVpGCKPkssVuixuLfTtyMpyoC5FaCK1Lw6QD1TUVYiMnotDzuNjwxKqoUhn4Me,2025-11-23T03:43:46.000Z,ARu4n5mFdZogZAravu7CcizaojWnS6oqka37gdLT5SZn,AF4jW3tHUQTgcPVPhpkgKbDr8fWeD87CG3J4dLXC1Qfn,122590213.091143,TOKEN,success
3KTGxrsBy1FnERfXZRtrKfwsL8TMQTXUobMPStUn2jm6zDRmUH9TqDowWP77xCeDxxpiQHNNLz9cwgM1psroKFG,2025-11-23T02:51:40.000Z,AF4jW3tHUQTgcPVPhpkgKbDr8fWeD87CG3J4dLXC1Qfn,55ZNPyNU8rPoin41G5mkYugi1nAvWC1YSaGh7zMW92Gi,0.00203928,SOL,success
3KTGxrsBy1FnERfXZRtrKfwsL8TMQTXUobMPStUn2jm6zDRmUH9TqDowWP77xCeDxxpiQHNNLz9cwgM1psroKFG,2025-11-23T02:51:40.000Z,AF4jW3tHUQTgcPVPhpkgKbDr8fWeD87CG3J4dLXC1Qfn,CcTNKBhQKYu7nB4eRrRFQoXEvpd6H5QnGKh93pwniBtp,0.000013523,SOL,success
3KTGxrsBy1FnERfXZRtrKfwsL8TMQTXUobMPStUn2jm6zDRmUH9TqDowWP77xCeDxxpiQHNNLz9cwgM1psroKFG,2025-11-23T02:51:40.000Z,ARu4n5mFdZogZAravu7CcizaojWnS6oqka37gdLT5SZn,9yj3zvLS3fDMqi1F8zhkaWfq8TZpZWHe6cz1Sgt7djXf,0.000916512,SOL,success
3KTGxrsBy1FnERfXZRtrKfwsL8TMQTXUobMPStUn2jm6zDRmUH9TqDowWP77xCeDxxpiQHNNLz9cwgM1psroKFG,2025-11-23T02:51:40.000Z,ARu4n5mFdZogZAravu7CcizaojWnS6oqka37gdLT5SZn,AF4jW3tHUQTgcPVPhpkgKbDr8fWeD87CG3J4dLXC1Qfn,0.108947714,SOL,success
3KTGxrsBy1FnERfXZRtrKfwsL8TMQTXUobMPStUn2jm6zDRmUH9TqDowWP77xCeDxxpiQHNNLz9cwgM1psroKFG,2025-11-23T02:51:40.000Z,55ZNPyNU8rPoin41G5mkYugi1nAvWC1YSaGh7zMW92Gi,ARu4n5mFdZogZAravu7CcizaojWnS6oqka37gdLT5SZn,0.109864226,SOL,success
3KTGxrsBy1FnERfXZRtrKfwsL8TMQTXUobMPStUn2jm6zDRmUH9TqDowWP77xCeDxxpiQHNNLz9cwgM1psroKFG,2025-11-23T02:51:40.000Z,AF4jW3tHUQTgcPVPhpkgKbDr8fWeD87CG3J4dLXC1Qfn,ARu4n5mFdZogZAravu7CcizaojWnS6oqka37gdLT5SZn,103165.407958,TOKEN,success
3KTGxrsBy1FnERfXZRtrKfwsL8TMQTXUobMPStUn2jm6zDRmUH9TqDowWP77xCeDxxpiQHNNLz9cwgM1psroKFG,2025-11-23T02:51:40.000Z,ARu4n5mFdZogZAravu7CcizaojWnS6oqka37gdLT5SZn,GpMZbSM2GgvTKHJirzeGfMFoaZ8UR2X7F4v8vHTvxFbL,103165.407958,TOKEN,success
3KTGxrsBy1FnERfXZRtrKfwsL8TMQTXUobMPStUn2jm6zDRmUH9TqDowWP77xCeDxxpiQHNNLz9cwgM1psroKFG,2025-11-23T02:51:40.000Z,GpMZbSM2GgvTKHJirzeGfMFoaZ8UR2X7F4v8vHTvxFbL,ARu4n5mFdZogZAravu7CcizaojWnS6oqka37gdLT5SZn,14.098443,TOKEN,success
3KTGxrsBy1FnERfXZRtrKfwsL8TMQTXUobMPStUn2jm6zDRmUH9TqDowWP77xCeDxxpiQHNNLz9cwgM1psroKFG,2025-11-23T02:51:40.000Z,ARu4n5mFdZogZAravu7CcizaojWnS6oqka37gdLT5SZn,AF4jW3tHUQTgcPVPhpkgKbDr8fWeD87CG3J4dLXC1Qfn,0.107824946,TOKEN,success
3KTGxrsBy1FnERfXZRtrKfwsL8TMQTXUobMPStUn2jm6zDRmUH9TqDowWP77xCeDxxpiQHNNLz9cwgM1psroKFG,2025-11-23T02:51:40.000Z,ARu4n5mFdZogZAravu7CcizaojWnS6oqka37gdLT5SZn,BkmQoLwdoseDsHZxSFo76XSGnyMixy6iUtMEHVzMuNP9,14.098443,TOKEN,success
3KTGxrsBy1FnERfXZRtrKfwsL8TMQTXUobMPStUn2jm6zDRmUH9TqDowWP77xCeDxxpiQHNNLz9cwgM1psroKFG,2025-11-23T02:51:40.000Z,BDVsoFu2GrvXG8HRjfp8aCyphSmEhb9Sm92siVSb6VES,ARu4n5mFdZogZAravu7CcizaojWnS6oqka37gdLT5SZn,14.083308,TOKEN,success
3KTGxrsBy1FnERfXZRtrKfwsL8TMQTXUobMPStUn2jm6zDRmUH9TqDowWP77xCeDxxpiQHNNLz9cwgM1psroKFG,2025-11-23T02:51:40.000Z,ARu4n5mFdZogZAravu7CcizaojWnS6oqka37gdLT5SZn,Bnwc3wzE8PYYvgtbriRn9RpRnDH1TvJJthJVacrbgiD7,14.083308,TOKEN,success
3KTGxrsBy1FnERfXZRtrKfwsL8TMQTXUobMPStUn2jm6zDRmUH9TqDowWP77xCeDxxpiQHNNLz9cwgM1psroKFG,2025-11-23T02:51:40.000Z,Bnwc3wzE8PYYvgtbriRn9RpRnDH1TvJJthJVacrbgiD7,ARu4n5mFdZogZAravu7CcizaojWnS6oqka37gdLT5SZn,0.107824946,TOKEN,success
26kRSSLYiTVJHpt5NxGHCXMM8SuKTH2QkyzkUZXMBn7YAVU6KttYw3k6YBBuU6MsJghyAQNekyruyenmMSVvNoF8,2025-11-23T02:48:43.000Z,AF4jW3tHUQTgcPVPhpkgKbDr8fWeD87CG3J4dLXC1Qfn,55ZNPyNU8rPoin41G5mkYugi1nAvWC1YSaGh7zMW92Gi,0.00203928,SOL,success
26kRSSLYiTVJHpt5NxGHCXMM8SuKTH2QkyzkUZXMBn7YAVU6KttYw3k6YBBuU6MsJghyAQNekyruyenmMSVvNoF8,2025-11-23T02:48:43.000Z,AF4jW3tHUQTgcPVPhpkgKbDr8fWeD87CG3J4dLXC1Qfn,CcTNKBhQKYu7nB4eRrRFQoXEvpd6H5QnGKh93pwniBtp,0.000006,SOL,success
26kRSSLYiTVJHpt5NxGHCXMM8SuKTH2QkyzkUZXMBn7YAVU6KttYw3k6YBBuU6MsJghyAQNekyruyenmMSVvNoF8,2025-11-23T02:48:43.000Z,ARu4n5mFdZogZAravu7CcizaojWnS6oqka37gdLT5SZn,9yj3zvLS3fDMqi1F8zhkaWfq8TZpZWHe6cz1Sgt7djXf,0.000790486,SOL,success
26kRSSLYiTVJHpt5NxGHCXMM8SuKTH2QkyzkUZXMBn7YAVU6KttYw3k6YBBuU6MsJghyAQNekyruyenmMSVvNoF8,2025-11-23T02:48:43.000Z,ARu4n5mFdZogZAravu7CcizaojWnS6oqka37gdLT5SZn,AF4jW3tHUQTgcPVPhpkgKbDr8fWeD87CG3J4dLXC1Qfn,0.094247163,SOL,success
26kRSSLYiTVJHpt5NxGHCXMM8SuKTH2QkyzkUZXMBn7YAVU6KttYw3k6YBBuU6MsJghyAQNekyruyenmMSVvNoF8,2025-11-23T02:48:43.000Z,55ZNPyNU8rPoin41G5mkYugi1nAvWC1YSaGh7zMW92Gi,ARu4n5mFdZogZAravu7CcizaojWnS6oqka37gdLT5SZn,0.095037649,SOL,success
26kRSSLYiTVJHpt5NxGHCXMM8SuKTH2QkyzkUZXMBn7YAVU6KttYw3k6YBBuU6MsJghyAQNekyruyenmMSVvNoF8,2025-11-23T02:48:43.000Z,AF4jW3tHUQTgcPVPhpkgKbDr8fWeD87CG3J4dLXC1Qfn,ARu4n5mFdZogZAravu7CcizaojWnS6oqka37gdLT5SZn,95101.21575,TOKEN,success
26kRSSLYiTVJHpt5NxGHCXMM8SuKTH2QkyzkUZXMBn7YAVU6KttYw3k6YBBuU6MsJghyAQNekyruyenmMSVvNoF8,2025-11-23T02:48:43.000Z,ARu4n5mFdZogZAravu7CcizaojWnS6oqka37gdLT5SZn,3UDRUc4RHo7o9nYcuNWZvkckPT48TiGZd4tEm6tqx33m,95101.21575,TOKEN,success
26kRSSLYiTVJHpt5NxGHCXMM8SuKTH2QkyzkUZXMBn7YAVU6KttYw3k6YBBuU6MsJghyAQNekyruyenmMSVvNoF8,2025-11-23T02:48:43.000Z,3UDRUc4RHo7o9nYcuNWZvkckPT48TiGZd4tEm6tqx33m,ARu4n5mFdZogZAravu7CcizaojWnS6oqka37gdLT5SZn,0.092998369,TOKEN,success
26kRSSLYiTVJHpt5NxGHCXMM8SuKTH2QkyzkUZXMBn7YAVU6KttYw3k6YBBuU6MsJghyAQNekyruyenmMSVvNoF8,2025-11-23T02:48:43.000Z,3UDRUc4RHo7o9nYcuNWZvkckPT48TiGZd4tEm6tqx33m,62qc2CNXwrYqQScmEdiZFFAnJR262PxWEuNQtxfafNgV,0.000047064,TOKEN,success
26kRSSLYiTVJHpt5NxGHCXMM8SuKTH2QkyzkUZXMBn7YAVU6KttYw3k6YBBuU6MsJghyAQNekyruyenmMSVvNoF8,2025-11-23T02:48:43.000Z,3UDRUc4RHo7o9nYcuNWZvkckPT48TiGZd4tEm6tqx33m,6P3xzFnXzk2VM6GS6bGQdwzrqv2rjiZggQQT7ACnWfYo,0.000894216,TOKEN,success
26kRSSLYiTVJHpt5NxGHCXMM8SuKTH2QkyzkUZXMBn7YAVU6KttYw3k6YBBuU6MsJghyAQNekyruyenmMSVvNoF8,2025-11-23T02:48:43.000Z,ARu4n5mFdZogZAravu7CcizaojWnS6oqka37gdLT5SZn,AF4jW3tHUQTgcPVPhpkgKbDr8fWeD87CG3J4dLXC1Qfn,0.092998369,TOKEN,success
4JqvZ9xHALwVwfcoGnnAXkMvrwJTZF6Dd5cZpCdhCzEccUwVAny8n5zBcRJPgMLiYTku99srpZTM75hh72EPDksF,2025-11-23T02:47:33.000Z,AF4jW3tHUQTgcPVPhpkgKbDr8fWeD87CG3J4dLXC1Qfn,55ZNPyNU8rPoin41G5mkYugi1nAvWC1YSaGh7zMW92Gi,0.10118928,SOL,success
4JqvZ9xHALwVwfcoGnnAXkMvrwJTZF6Dd5cZpCdhCzEccUwVAny8n5zBcRJPgMLiYTku99srpZTM75hh72EPDksF,2025-11-23T02:47:33.000Z,AF4jW3tHUQTgcPVPhpkgKbDr8fWeD87CG3J4dLXC1Qfn,6HRgJMRmjaj2svP9GpRbUU5TPzLAHnBW3sHgYVbirWYE,0.000011176,SOL,success
4JqvZ9xHALwVwfcoGnnAXkMvrwJTZF6Dd5cZpCdhCzEccUwVAny8n5zBcRJPgMLiYTku99srpZTM75hh72EPDksF,2025-11-23T02:47:33.000Z,AF4jW3tHUQTgcPVPhpkgKbDr8fWeD87CG3J4dLXC1Qfn,6h6QjfSWuDmF7rzXDehiafwsAo7ZRfBHockjwuxDxBYg,0.00207408,SOL,success
4JqvZ9xHALwVwfcoGnnAXkMvrwJTZF6Dd5cZpCdhCzEccUwVAny8n5zBcRJPgMLiYTku99srpZTM75hh72EPDksF,2025-11-23T02:47:33.000Z,AF4jW3tHUQTgcPVPhpkgKbDr8fWeD87CG3J4dLXC1Qfn,ARu4n5mFdZogZAravu7CcizaojWnS6oqka37gdLT5SZn,0.00085,SOL,success
4JqvZ9xHALwVwfcoGnnAXkMvrwJTZF6Dd5cZpCdhCzEccUwVAny8n5zBcRJPgMLiYTku99srpZTM75hh72EPDksF,2025-11-23T02:47:33.000Z,ARu4n5mFdZogZAravu7CcizaojWnS6oqka37gdLT5SZn,9yj3zvLS3fDMqi1F8zhkaWfq8TZpZWHe6cz1Sgt7djXf,0.00085,SOL,success
4JqvZ9xHALwVwfcoGnnAXkMvrwJTZF6Dd5cZpCdhCzEccUwVAny8n5zBcRJPgMLiYTku99srpZTM75hh72EPDksF,2025-11-23T02:47:33.000Z,55ZNPyNU8rPoin41G5mkYugi1nAvWC1YSaGh7zMW92Gi,AF4jW3tHUQTgcPVPhpkgKbDr8fWeD87CG3J4dLXC1Qfn,0.00203928,SOL,success
4JqvZ9xHALwVwfcoGnnAXkMvrwJTZF6Dd5cZpCdhCzEccUwVAny8n5zBcRJPgMLiYTku99srpZTM75hh72EPDksF,2025-11-23T02:47:33.000Z,AF4jW3tHUQTgcPVPhpkgKbDr8fWeD87CG3J4dLXC1Qfn,ARu4n5mFdZogZAravu7CcizaojWnS6oqka37gdLT5SZn,0.09915,TOKEN,success
4JqvZ9xHALwVwfcoGnnAXkMvrwJTZF6Dd5cZpCdhCzEccUwVAny8n5zBcRJPgMLiYTku99srpZTM75hh72EPDksF,2025-11-23T02:47:33.000Z,ARu4n5mFdZogZAravu7CcizaojWnS6oqka37gdLT5SZn,7z7dBNG7z8Cx7JXdiWuaBqwsTQxSfDrvz4kFsMa3K8KZ,0.09794551,TOKEN,success
4JqvZ9xHALwVwfcoGnnAXkMvrwJTZF6Dd5cZpCdhCzEccUwVAny8n5zBcRJPgMLiYTku99srpZTM75hh72EPDksF,2025-11-23T02:47:33.000Z,ARu4n5mFdZogZAravu7CcizaojWnS6oqka37gdLT5SZn,62qc2CNXwrYqQScmEdiZFFAnJR262PxWEuNQtxfafNgV,0.000910712,TOKEN,success
4JqvZ9xHALwVwfcoGnnAXkMvrwJTZF6Dd5cZpCdhCzEccUwVAny8n5zBcRJPgMLiYTku99srpZTM75hh72EPDksF,2025-11-23T02:47:33.000Z,ARu4n5mFdZogZAravu7CcizaojWnS6oqka37gdLT5SZn,Qvqn8kKmKmpG2vFadJzgDhCDLwhxKrJ7Xz7VUjg4cFM,0.000293778,TOKEN,success
4JqvZ9xHALwVwfcoGnnAXkMvrwJTZF6Dd5cZpCdhCzEccUwVAny8n5zBcRJPgMLiYTku99srpZTM75hh72EPDksF,2025-11-23T02:47:33.000Z,7z7dBNG7z8Cx7JXdiWuaBqwsTQxSfDrvz4kFsMa3K8KZ,ARu4n5mFdZogZAravu7CcizaojWnS6oqka37gdLT5SZn,284747.807933,TOKEN,success
4JqvZ9xHALwVwfcoGnnAXkMvrwJTZF6Dd5cZpCdhCzEccUwVAny8n5zBcRJPgMLiYTku99srpZTM75hh72EPDksF,2025-11-23T02:47:33.000Z,ARu4n5mFdZogZAravu7CcizaojWnS6oqka37gdLT5SZn,AF4jW3tHUQTgcPVPhpkgKbDr8fWeD87CG3J4dLXC1Qfn,284747.807933,TOKEN,success
45adUtmCNcw1C7qS8TkPDvTFxMVGepizSB7D7VGcheGrmRTPAM3gvhKsqwz6Y2JkLobgMWCmrui7Jr3xhAWSzULH,2025-11-23T02:26:58.000Z,AF4jW3tHUQTgcPVPhpkgKbDr8fWeD87CG3J4dLXC1Qfn,55ZNPyNU8rPoin41G5mkYugi1nAvWC1YSaGh7zMW92Gi,0.05161428,SOL,success
45adUtmCNcw1C7qS8TkPDvTFxMVGepizSB7D7VGcheGrmRTPAM3gvhKsqwz6Y2JkLobgMWCmrui7Jr3xhAWSzULH,2025-11-23T02:26:58.000Z,AF4jW3tHUQTgcPVPhpkgKbDr8fWeD87CG3J4dLXC1Qfn,CcTNKBhQKYu7nB4eRrRFQoXEvpd6H5QnGKh93pwniBtp,0.000024828,SOL,success
45adUtmCNcw1C7qS8TkPDvTFxMVGepizSB7D7VGcheGrmRTPAM3gvhKsqwz6Y2JkLobgMWCmrui7Jr3xhAWSzULH,2025-11-23T02:26:58.000Z,AF4jW3tHUQTgcPVPhpkgKbDr8fWeD87CG3J4dLXC1Qfn,ARu4n5mFdZogZAravu7CcizaojWnS6oqka37gdLT5SZn,0.000425,SOL,success
45adUtmCNcw1C7qS8TkPDvTFxMVGepizSB7D7VGcheGrmRTPAM3gvhKsqwz6Y2JkLobgMWCmrui7Jr3xhAWSzULH,2025-11-23T02:26:58.000Z,ARu4n5mFdZogZAravu7CcizaojWnS6oqka37gdLT5SZn,9yj3zvLS3fDMqi1F8zhkaWfq8TZpZWHe6cz1Sgt7djXf,0.000425,SOL,success
45adUtmCNcw1C7qS8TkPDvTFxMVGepizSB7D7VGcheGrmRTPAM3gvhKsqwz6Y2JkLobgMWCmrui7Jr3xhAWSzULH,2025-11-23T02:26:58.000Z,55ZNPyNU8rPoin41G5mkYugi1nAvWC1YSaGh7zMW92Gi,AF4jW3tHUQTgcPVPhpkgKbDr8fWeD87CG3J4dLXC1Qfn,0.00203928,SOL,success
45adUtmCNcw1C7qS8TkPDvTFxMVGepizSB7D7VGcheGrmRTPAM3gvhKsqwz6Y2JkLobgMWCmrui7Jr3xhAWSzULH,2025-11-23T02:26:58.000Z,AF4jW3tHUQTgcPVPhpkgKbDr8fWeD87CG3J4dLXC1Qfn,ARu4n5mFdZogZAravu7CcizaojWnS6oqka37gdLT5SZn,0.049575,TOKEN,success
45adUtmCNcw1C7qS8TkPDvTFxMVGepizSB7D7VGcheGrmRTPAM3gvhKsqwz6Y2JkLobgMWCmrui7Jr3xhAWSzULH,2025-11-23T02:26:58.000Z,ARu4n5mFdZogZAravu7CcizaojWnS6oqka37gdLT5SZn,5Gfh6dRhdbuzjGBPyDVgxUNwb2FNGaAQHLkig5Y3EPvi,0.049085128,TOKEN,success
45adUtmCNcw1C7qS8TkPDvTFxMVGepizSB7D7VGcheGrmRTPAM3gvhKsqwz6Y2JkLobgMWCmrui7Jr3xhAWSzULH,2025-11-23T02:26:58.000Z,ARu4n5mFdZogZAravu7CcizaojWnS6oqka37gdLT5SZn,62qc2CNXwrYqQScmEdiZFFAnJR262PxWEuNQtxfafNgV,0.000024494,TOKEN,success
45adUtmCNcw1C7qS8TkPDvTFxMVGepizSB7D7VGcheGrmRTPAM3gvhKsqwz6Y2JkLobgMWCmrui7Jr3xhAWSzULH,2025-11-23T02:26:58.000Z,ARu4n5mFdZogZAravu7CcizaojWnS6oqka37gdLT5SZn,EJrEtQk8VonW7UFobbuY7741tEBii61Hg5wXAM933CkW,0.000465378,TOKEN,success
45adUtmCNcw1C7qS8TkPDvTFxMVGepizSB7D7VGcheGrmRTPAM3gvhKsqwz6Y2JkLobgMWCmrui7Jr3xhAWSzULH,2025-11-23T02:26:58.000Z,5Gfh6dRhdbuzjGBPyDVgxUNwb2FNGaAQHLkig5Y3EPvi,ARu4n5mFdZogZAravu7CcizaojWnS6oqka37gdLT5SZn,36565.352685,TOKEN,success
45adUtmCNcw1C7qS8TkPDvTFxMVGepizSB7D7VGcheGrmRTPAM3gvhKsqwz6Y2JkLobgMWCmrui7Jr3xhAWSzULH,2025-11-23T02:26:58.000Z,ARu4n5mFdZogZAravu7CcizaojWnS6oqka37gdLT5SZn,AF4jW3tHUQTgcPVPhpkgKbDr8fWeD87CG3J4dLXC1Qfn,36565.352685,TOKEN,success
4bHVbkpwhXieWFnBwPnf6Un3N8tYxpzgSzzepL85Mr15aaB5MYgR6KKAnxJ13o1mXTUwYv5HBdEjEjjCSabNGFFv,2025-11-23T02:21:14.000Z,AF4jW3tHUQTgcPVPhpkgKbDr8fWeD87CG3J4dLXC1Qfn,55ZNPyNU8rPoin41G5mkYugi1nAvWC1YSaGh7zMW92Gi,0.10203928,SOL,success
4bHVbkpwhXieWFnBwPnf6Un3N8tYxpzgSzzepL85Mr15aaB5MYgR6KKAnxJ13o1mXTUwYv5HBdEjEjjCSabNGFFv,2025-11-23T02:21:14.000Z,AF4jW3tHUQTgcPVPhpkgKbDr8fWeD87CG3J4dLXC1Qfn,4gQT88rvHr6ay8XvmUUriL5FTjsSuvkvH8ybz3etVLBb,0.000006,SOL,success
4bHVbkpwhXieWFnBwPnf6Un3N8tYxpzgSzzepL85Mr15aaB5MYgR6KKAnxJ13o1mXTUwYv5HBdEjEjjCSabNGFFv,2025-11-23T02:21:14.000Z,AF4jW3tHUQTgcPVPhpkgKbDr8fWeD87CG3J4dLXC1Qfn,2ubjUCp6QmHyS1rkWQavvG8kvB8diPixPVDXXoyVrvdG,0.00203928,SOL,success
4bHVbkpwhXieWFnBwPnf6Un3N8tYxpzgSzzepL85Mr15aaB5MYgR6KKAnxJ13o1mXTUwYv5HBdEjEjjCSabNGFFv,2025-11-23T02:21:14.000Z,55ZNPyNU8rPoin41G5mkYugi1nAvWC1YSaGh7zMW92Gi,AF4jW3tHUQTgcPVPhpkgKbDr8fWeD87CG3J4dLXC1Qfn,0.00203928,SOL,success
4bHVbkpwhXieWFnBwPnf6Un3N8tYxpzgSzzepL85Mr15aaB5MYgR6KKAnxJ13o1mXTUwYv5HBdEjEjjCSabNGFFv,2025-11-23T02:21:14.000Z,AF4jW3tHUQTgcPVPhpkgKbDr8fWeD87CG3J4dLXC1Qfn,ARu4n5mFdZogZAravu7CcizaojWnS6oqka37gdLT5SZn,0.1,TOKEN,success
4bHVbkpwhXieWFnBwPnf6Un3N8tYxpzgSzzepL85Mr15aaB5MYgR6KKAnxJ13o1mXTUwYv5HBdEjEjjCSabNGFFv,2025-11-23T02:21:14.000Z,ARu4n5mFdZogZAravu7CcizaojWnS6oqka37gdLT5SZn,HLnpSz9h2S4hiLQ43rnSD9XkcUThA7B8hQMKmDaiTLcC,0.1,TOKEN,success
4bHVbkpwhXieWFnBwPnf6Un3N8tYxpzgSzzepL85Mr15aaB5MYgR6KKAnxJ13o1mXTUwYv5HBdEjEjjCSabNGFFv,2025-11-23T02:21:14.000Z,HLnpSz9h2S4hiLQ43rnSD9XkcUThA7B8hQMKmDaiTLcC,ARu4n5mFdZogZAravu7CcizaojWnS6oqka37gdLT5SZn,129945.098697,TOKEN,success
4bHVbkpwhXieWFnBwPnf6Un3N8tYxpzgSzzepL85Mr15aaB5MYgR6KKAnxJ13o1mXTUwYv5HBdEjEjjCSabNGFFv,2025-11-23T02:21:14.000Z,ARu4n5mFdZogZAravu7CcizaojWnS6oqka37gdLT5SZn,8psNvWTrdNTiVRNzAgsou9kETXNJm2SXZyaKuJraVRtf,1104.533338,TOKEN,success
4bHVbkpwhXieWFnBwPnf6Un3N8tYxpzgSzzepL85Mr15aaB5MYgR6KKAnxJ13o1mXTUwYv5HBdEjEjjCSabNGFFv,2025-11-23T02:21:14.000Z,ARu4n5mFdZogZAravu7CcizaojWnS6oqka37gdLT5SZn,8psNvWTrdNTiVRNzAgsou9kETXNJm2SXZyaKuJraVRtf,231.938794,TOKEN,success
4bHVbkpwhXieWFnBwPnf6Un3N8tYxpzgSzzepL85Mr15aaB5MYgR6KKAnxJ13o1mXTUwYv5HBdEjEjjCSabNGFFv,2025-11-23T02:21:14.000Z,ARu4n5mFdZogZAravu7CcizaojWnS6oqka37gdLT5SZn,AF4jW3tHUQTgcPVPhpkgKbDr8fWeD87CG3J4dLXC1Qfn,128608.626565,TOKEN,success
53SESrij9CsE1k3HWVb8M7f2Ye5txYFs19MRQHNQ6aHgigsrjAPsax4vpweJgAnQnjZoWby91cKsK1jJkQUkNPSm,2025-11-23T02:11:40.000Z,AF4jW3tHUQTgcPVPhpkgKbDr8fWeD87CG3J4dLXC1Qfn,55ZNPyNU8rPoin41G5mkYugi1nAvWC1YSaGh7zMW92Gi,0.00402228,SOL,success
53SESrij9CsE1k3HWVb8M7f2Ye5txYFs19MRQHNQ6aHgigsrjAPsax4vpweJgAnQnjZoWby91cKsK1jJkQUkNPSm,2025-11-23T02:11:40.000Z,AF4jW3tHUQTgcPVPhpkgKbDr8fWeD87CG3J4dLXC1Qfn,4gQT88rvHr6ay8XvmUUriL5FTjsSuvkvH8ybz3etVLBb,0.0000065,SOL,success
53SESrij9CsE1k3HWVb8M7f2Ye5txYFs19MRQHNQ6aHgigsrjAPsax4vpweJgAnQnjZoWby91cKsK1jJkQUkNPSm,2025-11-23T02:11:40.000Z,AF4jW3tHUQTgcPVPhpkgKbDr8fWeD87CG3J4dLXC1Qfn,ARu4n5mFdZogZAravu7CcizaojWnS6oqka37gdLT5SZn,0.000017,SOL,success
53SESrij9CsE1k3HWVb8M7f2Ye5txYFs19MRQHNQ6aHgigsrjAPsax4vpweJgAnQnjZoWby91cKsK1jJkQUkNPSm,2025-11-23T02:11:40.000Z,ARu4n5mFdZogZAravu7CcizaojWnS6oqka37gdLT5SZn,9yj3zvLS3fDMqi1F8zhkaWfq8TZpZWHe6cz1Sgt7djXf,0.000017,SOL,success
53SESrij9CsE1k3HWVb8M7f2Ye5txYFs19MRQHNQ6aHgigsrjAPsax4vpweJgAnQnjZoWby91cKsK1jJkQUkNPSm,2025-11-23T02:11:40.000Z,55ZNPyNU8rPoin41G5mkYugi1nAvWC1YSaGh7zMW92Gi,AF4jW3tHUQTgcPVPhpkgKbDr8fWeD87CG3J4dLXC1Qfn,0.00203928,SOL,success
53SESrij9CsE1k3HWVb8M7f2Ye5txYFs19MRQHNQ6aHgigsrjAPsax4vpweJgAnQnjZoWby91cKsK1jJkQUkNPSm,2025-11-23T02:11:40.000Z,AF4jW3tHUQTgcPVPhpkgKbDr8fWeD87CG3J4dLXC1Qfn,ARu4n5mFdZogZAravu7CcizaojWnS6oqka37gdLT5SZn,0.001983,TOKEN,success
53SESrij9CsE1k3HWVb8M7f2Ye5txYFs19MRQHNQ6aHgigsrjAPsax4vpweJgAnQnjZoWby91cKsK1jJkQUkNPSm,2025-11-23T02:11:40.000Z,ARu4n5mFdZogZAravu7CcizaojWnS6oqka37gdLT5SZn,HLnpSz9h2S4hiLQ43rnSD9XkcUThA7B8hQMKmDaiTLcC,0.001983,TOKEN,success
53SESrij9CsE1k3HWVb8M7f2Ye5txYFs19MRQHNQ6aHgigsrjAPsax4vpweJgAnQnjZoWby91cKsK1jJkQUkNPSm,2025-11-23T02:11:40.000Z,HLnpSz9h2S4hiLQ43rnSD9XkcUThA7B8hQMKmDaiTLcC,ARu4n5mFdZogZAravu7CcizaojWnS6oqka37gdLT5SZn,29975961.373858,TOKEN,success
53SESrij9CsE1k3HWVb8M7f2Ye5txYFs19MRQHNQ6aHgigsrjAPsax4vpweJgAnQnjZoWby91cKsK1jJkQUkNPSm,2025-11-23T02:11:40.000Z,ARu4n5mFdZogZAravu7CcizaojWnS6oqka37gdLT5SZn,AF4jW3tHUQTgcPVPhpkgKbDr8fWeD87CG3J4dLXC1Qfn,29975961.373858,TOKEN,success
j7PEQ4H9msheu6ABkMaJB1G3ePdTkDkJuwcHG5bQ5jHPyNhRdwuzGNABgt1fJNYAzzn7Ard5Wpb6KYzptoEvdDb,2025-11-23T01:42:33.000Z,AF4jW3tHUQTgcPVPhpkgKbDr8fWeD87CG3J4dLXC1Qfn,55ZNPyNU8rPoin41G5mkYugi1nAvWC1YSaGh7zMW92Gi,0.10203928,SOL,success
j7PEQ4H9msheu6ABkMaJB1G3ePdTkDkJuwcHG5bQ5jHPyNhRdwuzGNABgt1fJNYAzzn7Ard5Wpb6KYzptoEvdDb,2025-11-23T01:42:33.000Z,AF4jW3tHUQTgcPVPhpkgKbDr8fWeD87CG3J4dLXC1Qfn,CcTNKBhQKYu7nB4eRrRFQoXEvpd6H5QnGKh93pwniBtp,0.000006,SOL,success
j7PEQ4H9msheu6ABkMaJB1G3ePdTkDkJuwcHG5bQ5jHPyNhRdwuzGNABgt1fJNYAzzn7Ard5Wpb6KYzptoEvdDb,2025-11-23T01:42:33.000Z,AF4jW3tHUQTgcPVPhpkgKbDr8fWeD87CG3J4dLXC1Qfn,4GQxHNc6WBs9WBA7dsb5ECjzvDjcDhKNLLqRp2uJDDGu,0.00203928,SOL,success
j7PEQ4H9msheu6ABkMaJB1G3ePdTkDkJuwcHG5bQ5jHPyNhRdwuzGNABgt1fJNYAzzn7Ard5Wpb6KYzptoEvdDb,2025-11-23T01:42:33.000Z,55ZNPyNU8rPoin41G5mkYugi1nAvWC1YSaGh7zMW92Gi,AF4jW3tHUQTgcPVPhpkgKbDr8fWeD87CG3J4dLXC1Qfn,0.00203928,SOL,success
j7PEQ4H9msheu6ABkMaJB1G3ePdTkDkJuwcHG5bQ5jHPyNhRdwuzGNABgt1fJNYAzzn7Ard5Wpb6KYzptoEvdDb,2025-11-23T01:42:33.000Z,AF4jW3tHUQTgcPVPhpkgKbDr8fWeD87CG3J4dLXC1Qfn,ARu4n5mFdZogZAravu7CcizaojWnS6oqka37gdLT5SZn,0.1,TOKEN,success
j7PEQ4H9msheu6ABkMaJB1G3ePdTkDkJuwcHG5bQ5jHPyNhRdwuzGNABgt1fJNYAzzn7Ard5Wpb6KYzptoEvdDb,2025-11-23T01:42:33.000Z,ARu4n5mFdZogZAravu7CcizaojWnS6oqka37gdLT5SZn,HLnpSz9h2S4hiLQ43rnSD9XkcUThA7B8hQMKmDaiTLcC,0.1,TOKEN,success
j7PEQ4H9msheu6ABkMaJB1G3ePdTkDkJuwcHG5bQ5jHPyNhRdwuzGNABgt1fJNYAzzn7Ard5Wpb6KYzptoEvdDb,2025-11-23T01:42:33.000Z,HLnpSz9h2S4hiLQ43rnSD9XkcUThA7B8hQMKmDaiTLcC,ARu4n5mFdZogZAravu7CcizaojWnS6oqka37gdLT5SZn,136889.234806,TOKEN,success
j7PEQ4H9msheu6ABkMaJB1G3ePdTkDkJuwcHG5bQ5jHPyNhRdwuzGNABgt1fJNYAzzn7Ard5Wpb6KYzptoEvdDb,2025-11-23T01:42:33.000Z,ARu4n5mFdZogZAravu7CcizaojWnS6oqka37gdLT5SZn,8psNvWTrdNTiVRNzAgsou9kETXNJm2SXZyaKuJraVRtf,1163.558495,TOKEN,success
j7PEQ4H9msheu6ABkMaJB1G3ePdTkDkJuwcHG5bQ5jHPyNhRdwuzGNABgt1fJNYAzzn7Ard5Wpb6KYzptoEvdDb,2025-11-23T01:42:33.000Z,ARu4n5mFdZogZAravu7CcizaojWnS6oqka37gdLT5SZn,8psNvWTrdNTiVRNzAgsou9kETXNJm2SXZyaKuJraVRtf,0.000001,TOKEN,success
j7PEQ4H9msheu6ABkMaJB1G3ePdTkDkJuwcHG5bQ5jHPyNhRdwuzGNABgt1fJNYAzzn7Ard5Wpb6KYzptoEvdDb,2025-11-23T01:42:33.000Z,ARu4n5mFdZogZAravu7CcizaojWnS6oqka37gdLT5SZn,AF4jW3tHUQTgcPVPhpkgKbDr8fWeD87CG3J4dLXC1Qfn,135725.67631,TOKEN,success
3JtCyVv4fMvtFafXSKmpAWWT58q6avppmbmVKPeLNrDVmhZ85PgeNeEarAZ7z1sBFNoHZRtMd3W1A7ymFBFLHqBH,2025-11-23T01:27:53.000Z,AF4jW3tHUQTgcPVPhpkgKbDr8fWeD87CG3J4dLXC1Qfn,55ZNPyNU8rPoin41G5mkYugi1nAvWC1YSaGh7zMW92Gi,0.10118928,SOL,success
3JtCyVv4fMvtFafXSKmpAWWT58q6avppmbmVKPeLNrDVmhZ85PgeNeEarAZ7z1sBFNoHZRtMd3W1A7ymFBFLHqBH,2025-11-23T01:27:53.000Z,AF4jW3tHUQTgcPVPhpkgKbDr8fWeD87CG3J4dLXC1Qfn,4gQT88rvHr6ay8XvmUUriL5FTjsSuvkvH8ybz3etVLBb,0.000006,SOL,success
3JtCyVv4fMvtFafXSKmpAWWT58q6avppmbmVKPeLNrDVmhZ85PgeNeEarAZ7z1sBFNoHZRtMd3W1A7ymFBFLHqBH,2025-11-23T01:27:53.000Z,AF4jW3tHUQTgcPVPhpkgKbDr8fWeD87CG3J4dLXC1Qfn,73tJQF1RMi7Mw572Uk8h2Ktyniy7o9JiC3pyaeLKjnHK,0.00203928,SOL,success
3JtCyVv4fMvtFafXSKmpAWWT58q6avppmbmVKPeLNrDVmhZ85PgeNeEarAZ7z1sBFNoHZRtMd3W1A7ymFBFLHqBH,2025-11-23T01:27:53.000Z,AF4jW3tHUQTgcPVPhpkgKbDr8fWeD87CG3J4dLXC1Qfn,4JuSUyAWkoDsU3fvKG2tauFLpwqnf6CUPTR6jGW8FYF4,0.00203928,SOL,success
3JtCyVv4fMvtFafXSKmpAWWT58q6avppmbmVKPeLNrDVmhZ85PgeNeEarAZ7z1sBFNoHZRtMd3W1A7ymFBFLHqBH,2025-11-23T01:27:53.000Z,AF4jW3tHUQTgcPVPhpkgKbDr8fWeD87CG3J4dLXC1Qfn,AAdbDNeVyUnxFh84ua5fd4Jc8WmvTcwHXKmqPgoiDQDp,0.00203928,SOL,success
3JtCyVv4fMvtFafXSKmpAWWT58q6avppmbmVKPeLNrDVmhZ85PgeNeEarAZ7z1sBFNoHZRtMd3W1A7ymFBFLHqBH,2025-11-23T01:27:53.000Z,AF4jW3tHUQTgcPVPhpkgKbDr8fWeD87CG3J4dLXC1Qfn,ARu4n5mFdZogZAravu7CcizaojWnS6oqka37gdLT5SZn,0.00085,SOL,success
3JtCyVv4fMvtFafXSKmpAWWT58q6avppmbmVKPeLNrDVmhZ85PgeNeEarAZ7z1sBFNoHZRtMd3W1A7ymFBFLHqBH,2025-11-23T01:27:53.000Z,ARu4n5mFdZogZAravu7CcizaojWnS6oqka37gdLT5SZn,9yj3zvLS3fDMqi1F8zhkaWfq8TZpZWHe6cz1Sgt7djXf,0.00085,SOL,success
3JtCyVv4fMvtFafXSKmpAWWT58q6avppmbmVKPeLNrDVmhZ85PgeNeEarAZ7z1sBFNoHZRtMd3W1A7ymFBFLHqBH,2025-11-23T01:27:53.000Z,55ZNPyNU8rPoin41G5mkYugi1nAvWC1YSaGh7zMW92Gi,AF4jW3tHUQTgcPVPhpkgKbDr8fWeD87CG3J4dLXC1Qfn,0.00203928,SOL,success
3JtCyVv4fMvtFafXSKmpAWWT58q6avppmbmVKPeLNrDVmhZ85PgeNeEarAZ7z1sBFNoHZRtMd3W1A7ymFBFLHqBH,2025-11-23T01:27:53.000Z,AF4jW3tHUQTgcPVPhpkgKbDr8fWeD87CG3J4dLXC1Qfn,ARu4n5mFdZogZAravu7CcizaojWnS6oqka37gdLT5SZn,0.09915,TOKEN,success
3JtCyVv4fMvtFafXSKmpAWWT58q6avppmbmVKPeLNrDVmhZ85PgeNeEarAZ7z1sBFNoHZRtMd3W1A7ymFBFLHqBH,2025-11-23T01:27:53.000Z,ARu4n5mFdZogZAravu7CcizaojWnS6oqka37gdLT5SZn,HLnpSz9h2S4hiLQ43rnSD9XkcUThA7B8hQMKmDaiTLcC,0.09915,TOKEN,success
3JtCyVv4fMvtFafXSKmpAWWT58q6avppmbmVKPeLNrDVmhZ85PgeNeEarAZ7z1sBFNoHZRtMd3W1A7ymFBFLHqBH,2025-11-23T01:27:53.000Z,HLnpSz9h2S4hiLQ43rnSD9XkcUThA7B8hQMKmDaiTLcC,ARu4n5mFdZogZAravu7CcizaojWnS6oqka37gdLT5SZn,183286.861806,TOKEN,success
3JtCyVv4fMvtFafXSKmpAWWT58q6avppmbmVKPeLNrDVmhZ85PgeNeEarAZ7z1sBFNoHZRtMd3W1A7ymFBFLHqBH,2025-11-23T01:27:53.000Z,ARu4n5mFdZogZAravu7CcizaojWnS6oqka37gdLT5SZn,AF4jW3tHUQTgcPVPhpkgKbDr8fWeD87CG3J4dLXC1Qfn,183286.861806,TOKEN,success
4v7LUK1BAV5DSjBWbAi8KFRuLfNvp2ehh81n6aZYb5DKcymMQA5zswjRRYdpF8kw5rYYxEH7b99dQnWrrTvB1cZb,2025-11-23T00:22:48.000Z,AF4jW3tHUQTgcPVPhpkgKbDr8fWeD87CG3J4dLXC1Qfn,55ZNPyNU8rPoin41G5mkYugi1nAvWC1YSaGh7zMW92Gi,0.20033928,SOL,success
4v7LUK1BAV5DSjBWbAi8KFRuLfNvp2ehh81n6aZYb5DKcymMQA5zswjRRYdpF8kw5rYYxEH7b99dQnWrrTvB1cZb,2025-11-23T00:22:48.000Z,AF4jW3tHUQTgcPVPhpkgKbDr8fWeD87CG3J4dLXC1Qfn,6HRgJMRmjaj2svP9GpRbUU5TPzLAHnBW3sHgYVbirWYE,0.000006,SOL,success
4v7LUK1BAV5DSjBWbAi8KFRuLfNvp2ehh81n6aZYb5DKcymMQA5zswjRRYdpF8kw5rYYxEH7b99dQnWrrTvB1cZb,2025-11-23T00:22:48.000Z,AF4jW3tHUQTgcPVPhpkgKbDr8fWeD87CG3J4dLXC1Qfn,6VxzDLTp735ib4WVgEPcrnAjnrxqAVUzawPjPFtw5m3D,0.00203928,SOL,success
4v7LUK1BAV5DSjBWbAi8KFRuLfNvp2ehh81n6aZYb5DKcymMQA5zswjRRYdpF8kw5rYYxEH7b99dQnWrrTvB1cZb,2025-11-23T00:22:48.000Z,AF4jW3tHUQTgcPVPhpkgKbDr8fWeD87CG3J4dLXC1Qfn,ARu4n5mFdZogZAravu7CcizaojWnS6oqka37gdLT5SZn,0.0017,SOL,success
4v7LUK1BAV5DSjBWbAi8KFRuLfNvp2ehh81n6aZYb5DKcymMQA5zswjRRYdpF8kw5rYYxEH7b99dQnWrrTvB1cZb,2025-11-23T00:22:48.000Z,ARu4n5mFdZogZAravu7CcizaojWnS6oqka37gdLT5SZn,9yj3zvLS3fDMqi1F8zhkaWfq8TZpZWHe6cz1Sgt7djXf,0.0017,SOL,success
4v7LUK1BAV5DSjBWbAi8KFRuLfNvp2ehh81n6aZYb5DKcymMQA5zswjRRYdpF8kw5rYYxEH7b99dQnWrrTvB1cZb,2025-11-23T00:22:48.000Z,55ZNPyNU8rPoin41G5mkYugi1nAvWC1YSaGh7zMW92Gi,AF4jW3tHUQTgcPVPhpkgKbDr8fWeD87CG3J4dLXC1Qfn,0.00203928,SOL,success
4v7LUK1BAV5DSjBWbAi8KFRuLfNvp2ehh81n6aZYb5DKcymMQA5zswjRRYdpF8kw5rYYxEH7b99dQnWrrTvB1cZb,2025-11-23T00:22:48.000Z,AF4jW3tHUQTgcPVPhpkgKbDr8fWeD87CG3J4dLXC1Qfn,ARu4n5mFdZogZAravu7CcizaojWnS6oqka37gdLT5SZn,0.1983,TOKEN,success
4v7LUK1BAV5DSjBWbAi8KFRuLfNvp2ehh81n6aZYb5DKcymMQA5zswjRRYdpF8kw5rYYxEH7b99dQnWrrTvB1cZb,2025-11-23T00:22:48.000Z,ARu4n5mFdZogZAravu7CcizaojWnS6oqka37gdLT5SZn,GpMZbSM2GgvTKHJirzeGfMFoaZ8UR2X7F4v8vHTvxFbL,0.015864,TOKEN,success
4v7LUK1BAV5DSjBWbAi8KFRuLfNvp2ehh81n6aZYb5DKcymMQA5zswjRRYdpF8kw5rYYxEH7b99dQnWrrTvB1cZb,2025-11-23T00:22:48.000Z,GpMZbSM2GgvTKHJirzeGfMFoaZ8UR2X7F4v8vHTvxFbL,ARu4n5mFdZogZAravu7CcizaojWnS6oqka37gdLT5SZn,16597.021988,TOKEN,success
4v7LUK1BAV5DSjBWbAi8KFRuLfNvp2ehh81n6aZYb5DKcymMQA5zswjRRYdpF8kw5rYYxEH7b99dQnWrrTvB1cZb,2025-11-23T00:22:48.000Z,ARu4n5mFdZogZAravu7CcizaojWnS6oqka37gdLT5SZn,GpMZbSM2GgvTKHJirzeGfMFoaZ8UR2X7F4v8vHTvxFbL,23.423603,TOKEN,success
4v7LUK1BAV5DSjBWbAi8KFRuLfNvp2ehh81n6aZYb5DKcymMQA5zswjRRYdpF8kw5rYYxEH7b99dQnWrrTvB1cZb,2025-11-23T00:22:48.000Z,GpMZbSM2GgvTKHJirzeGfMFoaZ8UR2X7F4v8vHTvxFbL,ARu4n5mFdZogZAravu7CcizaojWnS6oqka37gdLT5SZn,189733.793928,TOKEN,success
4v7LUK1BAV5DSjBWbAi8KFRuLfNvp2ehh81n6aZYb5DKcymMQA5zswjRRYdpF8kw5rYYxEH7b99dQnWrrTvB1cZb,2025-11-23T00:22:48.000Z,ARu4n5mFdZogZAravu7CcizaojWnS6oqka37gdLT5SZn,AF4jW3tHUQTgcPVPhpkgKbDr8fWeD87CG3J4dLXC1Qfn,206330.815916,TOKEN,success
4v7LUK1BAV5DSjBWbAi8KFRuLfNvp2ehh81n6aZYb5DKcymMQA5zswjRRYdpF8kw5rYYxEH7b99dQnWrrTvB1cZb,2025-11-23T00:22:48.000Z,ARu4n5mFdZogZAravu7CcizaojWnS6oqka37gdLT5SZn,Bnwc3wzE8PYYvgtbriRn9RpRnDH1TvJJthJVacrbgiD7,0.182436,TOKEN,success
4v7LUK1BAV5DSjBWbAi8KFRuLfNvp2ehh81n6aZYb5DKcymMQA5zswjRRYdpF8kw5rYYxEH7b99dQnWrrTvB1cZb,2025-11-23T00:22:48.000Z,Bnwc3wzE8PYYvgtbriRn9RpRnDH1TvJJthJVacrbgiD7,ARu4n5mFdZogZAravu7CcizaojWnS6oqka37gdLT5SZn,23.395793,TOKEN,success
4v7LUK1BAV5DSjBWbAi8KFRuLfNvp2ehh81n6aZYb5DKcymMQA5zswjRRYdpF8kw5rYYxEH7b99dQnWrrTvB1cZb,2025-11-23T00:22:48.000Z,ARu4n5mFdZogZAravu7CcizaojWnS6oqka37gdLT5SZn,BDVsoFu2GrvXG8HRjfp8aCyphSmEhb9Sm92siVSb6VES,23.395793,TOKEN,success
4v7LUK1BAV5DSjBWbAi8KFRuLfNvp2ehh81n6aZYb5DKcymMQA5zswjRRYdpF8kw5rYYxEH7b99dQnWrrTvB1cZb,2025-11-23T00:22:48.000Z,BkmQoLwdoseDsHZxSFo76XSGnyMixy6iUtMEHVzMuNP9,ARu4n5mFdZogZAravu7CcizaojWnS6oqka37gdLT5SZn,23.423603,TOKEN,success
3aPyVjp7WRzg6HZmxysYSqq1ZLLq2KzSoUgw1qmat74Dw7RvQhznz2sxLTtnEUvpz75bC93R5niuvEikeiJoyrK9,2025-11-22T23:33:53.000Z,AF4jW3tHUQTgcPVPhpkgKbDr8fWeD87CG3J4dLXC1Qfn,55ZNPyNU8rPoin41G5mkYugi1nAvWC1YSaGh7zMW92Gi,0.11110428,SOL,success
3aPyVjp7WRzg6HZmxysYSqq1ZLLq2KzSoUgw1qmat74Dw7RvQhznz2sxLTtnEUvpz75bC93R5niuvEikeiJoyrK9,2025-11-22T23:33:53.000Z,AF4jW3tHUQTgcPVPhpkgKbDr8fWeD87CG3J4dLXC1Qfn,4gQT88rvHr6ay8XvmUUriL5FTjsSuvkvH8ybz3etVLBb,0.0000102,SOL,success
3aPyVjp7WRzg6HZmxysYSqq1ZLLq2KzSoUgw1qmat74Dw7RvQhznz2sxLTtnEUvpz75bC93R5niuvEikeiJoyrK9,2025-11-22T23:33:53.000Z,AF4jW3tHUQTgcPVPhpkgKbDr8fWeD87CG3J4dLXC1Qfn,EAmZWWPscb7k9H3md11GtHajvjLuWh5gQWXeFxcrQpbG,0.00203928,SOL,success
3aPyVjp7WRzg6HZmxysYSqq1ZLLq2KzSoUgw1qmat74Dw7RvQhznz2sxLTtnEUvpz75bC93R5niuvEikeiJoyrK9,2025-11-22T23:33:53.000Z,AF4jW3tHUQTgcPVPhpkgKbDr8fWeD87CG3J4dLXC1Qfn,ARu4n5mFdZogZAravu7CcizaojWnS6oqka37gdLT5SZn,0.000935,SOL,success
3aPyVjp7WRzg6HZmxysYSqq1ZLLq2KzSoUgw1qmat74Dw7RvQhznz2sxLTtnEUvpz75bC93R5niuvEikeiJoyrK9,2025-11-22T23:33:53.000Z,ARu4n5mFdZogZAravu7CcizaojWnS6oqka37gdLT5SZn,9yj3zvLS3fDMqi1F8zhkaWfq8TZpZWHe6cz1Sgt7djXf,0.000935,SOL,success
3aPyVjp7WRzg6HZmxysYSqq1ZLLq2KzSoUgw1qmat74Dw7RvQhznz2sxLTtnEUvpz75bC93R5niuvEikeiJoyrK9,2025-11-22T23:33:53.000Z,55ZNPyNU8rPoin41G5mkYugi1nAvWC1YSaGh7zMW92Gi,AF4jW3tHUQTgcPVPhpkgKbDr8fWeD87CG3J4dLXC1Qfn,0.00203928,SOL,success
3aPyVjp7WRzg6HZmxysYSqq1ZLLq2KzSoUgw1qmat74Dw7RvQhznz2sxLTtnEUvpz75bC93R5niuvEikeiJoyrK9,2025-11-22T23:33:53.000Z,AF4jW3tHUQTgcPVPhpkgKbDr8fWeD87CG3J4dLXC1Qfn,ARu4n5mFdZogZAravu7CcizaojWnS6oqka37gdLT5SZn,0.109065,TOKEN,success
3aPyVjp7WRzg6HZmxysYSqq1ZLLq2KzSoUgw1qmat74Dw7RvQhznz2sxLTtnEUvpz75bC93R5niuvEikeiJoyrK9,2025-11-22T23:33:53.000Z,ARu4n5mFdZogZAravu7CcizaojWnS6oqka37gdLT5SZn,DxRU32MHBowov4i8vTah9faoxTVeGZXfcUbSywRV8nwi,13.931956,TOKEN,success
3aPyVjp7WRzg6HZmxysYSqq1ZLLq2KzSoUgw1qmat74Dw7RvQhznz2sxLTtnEUvpz75bC93R5niuvEikeiJoyrK9,2025-11-22T23:33:53.000Z,DxRU32MHBowov4i8vTah9faoxTVeGZXfcUbSywRV8nwi,ARu4n5mFdZogZAravu7CcizaojWnS6oqka37gdLT5SZn,470888.082508,TOKEN,success
3aPyVjp7WRzg6HZmxysYSqq1ZLLq2KzSoUgw1qmat74Dw7RvQhznz2sxLTtnEUvpz75bC93R5niuvEikeiJoyrK9,2025-11-22T23:33:53.000Z,ARu4n5mFdZogZAravu7CcizaojWnS6oqka37gdLT5SZn,AF4jW3tHUQTgcPVPhpkgKbDr8fWeD87CG3J4dLXC1Qfn,470888.082508,TOKEN,success
3aPyVjp7WRzg6HZmxysYSqq1ZLLq2KzSoUgw1qmat74Dw7RvQhznz2sxLTtnEUvpz75bC93R5niuvEikeiJoyrK9,2025-11-22T23:33:53.000Z,AvGeFw71N5sNfV97mZ1uNrHg4yfufRicCJUrS9j2ehTX,ARu4n5mFdZogZAravu7CcizaojWnS6oqka37gdLT5SZn,13.931956,TOKEN,success
3aPyVjp7WRzg6HZmxysYSqq1ZLLq2KzSoUgw1qmat74Dw7RvQhznz2sxLTtnEUvpz75bC93R5niuvEikeiJoyrK9,2025-11-22T23:33:53.000Z,ARu4n5mFdZogZAravu7CcizaojWnS6oqka37gdLT5SZn,AvGeFw71N5sNfV97mZ1uNrHg4yfufRicCJUrS9j2ehTX,0.109065,TOKEN,success
3yR6eY1qwZFpZHFvtveUTJsrafzRLAUTzev4cPP4oKWK77JwrBhVJRLHR8MMXKbcTpjhDX5uJcssPQnHyWKH9g8z,2025-11-21T23:41:40.000Z,AF4jW3tHUQTgcPVPhpkgKbDr8fWeD87CG3J4dLXC1Qfn,55ZNPyNU8rPoin41G5mkYugi1nAvWC1YSaGh7zMW92Gi,0.00203928,SOL,success
3yR6eY1qwZFpZHFvtveUTJsrafzRLAUTzev4cPP4oKWK77JwrBhVJRLHR8MMXKbcTpjhDX5uJcssPQnHyWKH9g8z,2025-11-21T23:41:40.000Z,AF4jW3tHUQTgcPVPhpkgKbDr8fWeD87CG3J4dLXC1Qfn,4gQT88rvHr6ay8XvmUUriL5FTjsSuvkvH8ybz3etVLBb,0.000006,SOL,success
3yR6eY1qwZFpZHFvtveUTJsrafzRLAUTzev4cPP4oKWK77JwrBhVJRLHR8MMXKbcTpjhDX5uJcssPQnHyWKH9g8z,2025-11-21T23:41:40.000Z,55ZNPyNU8rPoin41G5mkYugi1nAvWC1YSaGh7zMW92Gi,AF4jW3tHUQTgcPVPhpkgKbDr8fWeD87CG3J4dLXC1Qfn,0.301640661,SOL,success
3yR6eY1qwZFpZHFvtveUTJsrafzRLAUTzev4cPP4oKWK77JwrBhVJRLHR8MMXKbcTpjhDX5uJcssPQnHyWKH9g8z,2025-11-21T23:41:40.000Z,AF4jW3tHUQTgcPVPhpkgKbDr8fWeD87CG3J4dLXC1Qfn,ARu4n5mFdZogZAravu7CcizaojWnS6oqka37gdLT5SZn,38.79925,TOKEN,success
3yR6eY1qwZFpZHFvtveUTJsrafzRLAUTzev4cPP4oKWK77JwrBhVJRLHR8MMXKbcTpjhDX5uJcssPQnHyWKH9g8z,2025-11-21T23:41:40.000Z,ARu4n5mFdZogZAravu7CcizaojWnS6oqka37gdLT5SZn,8psNvWTrdNTiVRNzAgsou9kETXNJm2SXZyaKuJraVRtf,0.329793,TOKEN,success
3yR6eY1qwZFpZHFvtveUTJsrafzRLAUTzev4cPP4oKWK77JwrBhVJRLHR8MMXKbcTpjhDX5uJcssPQnHyWKH9g8z,2025-11-21T23:41:40.000Z,ARu4n5mFdZogZAravu7CcizaojWnS6oqka37gdLT5SZn,AF4jW3tHUQTgcPVPhpkgKbDr8fWeD87CG3J4dLXC1Qfn,0.299601381,TOKEN,success
3yR6eY1qwZFpZHFvtveUTJsrafzRLAUTzev4cPP4oKWK77JwrBhVJRLHR8MMXKbcTpjhDX5uJcssPQnHyWKH9g8z,2025-11-21T23:41:40.000Z,ARu4n5mFdZogZAravu7CcizaojWnS6oqka37gdLT5SZn,FkEB6uvyzuoaGpgs4yRtFtxC4WJxhejNFbUkj5R6wR32,38.469457,TOKEN,success
3yR6eY1qwZFpZHFvtveUTJsrafzRLAUTzev4cPP4oKWK77JwrBhVJRLHR8MMXKbcTpjhDX5uJcssPQnHyWKH9g8z,2025-11-21T23:41:40.000Z,FkEB6uvyzuoaGpgs4yRtFtxC4WJxhejNFbUkj5R6wR32,ARu4n5mFdZogZAravu7CcizaojWnS6oqka37gdLT5SZn,38.450481,TOKEN,success
3yR6eY1qwZFpZHFvtveUTJsrafzRLAUTzev4cPP4oKWK77JwrBhVJRLHR8MMXKbcTpjhDX5uJcssPQnHyWKH9g8z,2025-11-21T23:41:40.000Z,ARu4n5mFdZogZAravu7CcizaojWnS6oqka37gdLT5SZn,Bnwc3wzE8PYYvgtbriRn9RpRnDH1TvJJthJVacrbgiD7,38.450481,TOKEN,success
3yR6eY1qwZFpZHFvtveUTJsrafzRLAUTzev4cPP4oKWK77JwrBhVJRLHR8MMXKbcTpjhDX5uJcssPQnHyWKH9g8z,2025-11-21T23:41:40.000Z,Bnwc3wzE8PYYvgtbriRn9RpRnDH1TvJJthJVacrbgiD7,ARu4n5mFdZogZAravu7CcizaojWnS6oqka37gdLT5SZn,0.299601381,TOKEN,success
4Pn8tanPRmAdyJNT9ZteUsdBwBwimDGQkqcuUDFffGqwFrJ6mQkRBFgcBAAMQXtrSpFZAS46PfT7Lw9S7a7TgfqN,2025-11-21T11:54:05.000Z,AF4jW3tHUQTgcPVPhpkgKbDr8fWeD87CG3J4dLXC1Qfn,55ZNPyNU8rPoin41G5mkYugi1nAvWC1YSaGh7zMW92Gi,0.55727928,SOL,success
4Pn8tanPRmAdyJNT9ZteUsdBwBwimDGQkqcuUDFffGqwFrJ6mQkRBFgcBAAMQXtrSpFZAS46PfT7Lw9S7a7TgfqN,2025-11-21T11:54:05.000Z,AF4jW3tHUQTgcPVPhpkgKbDr8fWeD87CG3J4dLXC1Qfn,4gQT88rvHr6ay8XvmUUriL5FTjsSuvkvH8ybz3etVLBb,0.0000175,SOL,success
4Pn8tanPRmAdyJNT9ZteUsdBwBwimDGQkqcuUDFffGqwFrJ6mQkRBFgcBAAMQXtrSpFZAS46PfT7Lw9S7a7TgfqN,2025-11-21T11:54:05.000Z,AF4jW3tHUQTgcPVPhpkgKbDr8fWeD87CG3J4dLXC1Qfn,CLb5ssazDxWSv5UZ8BkTiC61rAdAfHKTHq367JzErEhB,0.00203928,SOL,success
4Pn8tanPRmAdyJNT9ZteUsdBwBwimDGQkqcuUDFffGqwFrJ6mQkRBFgcBAAMQXtrSpFZAS46PfT7Lw9S7a7TgfqN,2025-11-21T11:54:05.000Z,AF4jW3tHUQTgcPVPhpkgKbDr8fWeD87CG3J4dLXC1Qfn,ARu4n5mFdZogZAravu7CcizaojWnS6oqka37gdLT5SZn,0.00476,SOL,success
4Pn8tanPRmAdyJNT9ZteUsdBwBwimDGQkqcuUDFffGqwFrJ6mQkRBFgcBAAMQXtrSpFZAS46PfT7Lw9S7a7TgfqN,2025-11-21T11:54:05.000Z,ARu4n5mFdZogZAravu7CcizaojWnS6oqka37gdLT5SZn,9yj3zvLS3fDMqi1F8zhkaWfq8TZpZWHe6cz1Sgt7djXf,0.00476,SOL,success
4Pn8tanPRmAdyJNT9ZteUsdBwBwimDGQkqcuUDFffGqwFrJ6mQkRBFgcBAAMQXtrSpFZAS46PfT7Lw9S7a7TgfqN,2025-11-21T11:54:05.000Z,55ZNPyNU8rPoin41G5mkYugi1nAvWC1YSaGh7zMW92Gi,AF4jW3tHUQTgcPVPhpkgKbDr8fWeD87CG3J4dLXC1Qfn,0.00203928,SOL,success
4Pn8tanPRmAdyJNT9ZteUsdBwBwimDGQkqcuUDFffGqwFrJ6mQkRBFgcBAAMQXtrSpFZAS46PfT7Lw9S7a7TgfqN,2025-11-21T11:54:05.000Z,AF4jW3tHUQTgcPVPhpkgKbDr8fWeD87CG3J4dLXC1Qfn,ARu4n5mFdZogZAravu7CcizaojWnS6oqka37gdLT5SZn,0.55524,TOKEN,success
4Pn8tanPRmAdyJNT9ZteUsdBwBwimDGQkqcuUDFffGqwFrJ6mQkRBFgcBAAMQXtrSpFZAS46PfT7Lw9S7a7TgfqN,2025-11-21T11:54:05.000Z,ARu4n5mFdZogZAravu7CcizaojWnS6oqka37gdLT5SZn,AF4jW3tHUQTgcPVPhpkgKbDr8fWeD87CG3J4dLXC1Qfn,68.799251,TOKEN,success
4Pn8tanPRmAdyJNT9ZteUsdBwBwimDGQkqcuUDFffGqwFrJ6mQkRBFgcBAAMQXtrSpFZAS46PfT7Lw9S7a7TgfqN,2025-11-21T11:54:05.000Z,3QYYvFWgSuGK8bbxMSAYkCqE8QfSuFtByagnZAuekia2,ARu4n5mFdZogZAravu7CcizaojWnS6oqka37gdLT5SZn,68.799251,TOKEN,success
4Pn8tanPRmAdyJNT9ZteUsdBwBwimDGQkqcuUDFffGqwFrJ6mQkRBFgcBAAMQXtrSpFZAS46PfT7Lw9S7a7TgfqN,2025-11-21T11:54:05.000Z,ARu4n5mFdZogZAravu7CcizaojWnS6oqka37gdLT5SZn,3QYYvFWgSuGK8bbxMSAYkCqE8QfSuFtByagnZAuekia2,0.55524,TOKEN,success