signature,timestamp,from,to,amount_sol,type,status
3UXwbUpqJ6ZCY3oUnrKeUtsn6FT7Dw8nYjboqMkpDDtxPNGsxvRjenkaFV1HT8BJ5SrvS6v5QaoWPbFixLVAFpXb,2026-02-17T14:12:32.000Z,VzurNCf8yjJp1RmTuHU32wT1XbeGoJXJEqQAgYhEj32,HU23r7UoZbqTUuh3vA7emAGztFtqwTeVips789vqxxBw,5.994,TOKEN,success
3UXwbUpqJ6ZCY3oUnrKeUtsn6FT7Dw8nYjboqMkpDDtxPNGsxvRjenkaFV1HT8BJ5SrvS6v5QaoWPbFixLVAFpXb,2026-02-17T14:12:32.000Z,HU23r7UoZbqTUuh3vA7emAGztFtqwTeVips789vqxxBw,GMCJvYGf5Ex2ARiMquaBDqU6iKM8uiEQkB8jCnoNfHpC,5.994,TOKEN,success
3UXwbUpqJ6ZCY3oUnrKeUtsn6FT7Dw8nYjboqMkpDDtxPNGsxvRjenkaFV1HT8BJ5SrvS6v5QaoWPbFixLVAFpXb,2026-02-17T14:12:32.000Z,GMCJvYGf5Ex2ARiMquaBDqU6iKM8uiEQkB8jCnoNfHpC,HU23r7UoZbqTUuh3vA7emAGztFtqwTeVips789vqxxBw,0.07040672,TOKEN,success
3UXwbUpqJ6ZCY3oUnrKeUtsn6FT7Dw8nYjboqMkpDDtxPNGsxvRjenkaFV1HT8BJ5SrvS6v5QaoWPbFixLVAFpXb,2026-02-17T14:12:32.000Z,HU23r7UoZbqTUuh3vA7emAGztFtqwTeVips789vqxxBw,2AXXcN6oN9bBT5owwmTH53C7QHUXvhLeu718Kqt8rvY2,0.07040672,TOKEN,success
3UXwbUpqJ6ZCY3oUnrKeUtsn6FT7Dw8nYjboqMkpDDtxPNGsxvRjenkaFV1HT8BJ5SrvS6v5QaoWPbFixLVAFpXb,2026-02-17T14:12:32.000Z,2AXXcN6oN9bBT5owwmTH53C7QHUXvhLeu718Kqt8rvY2,HU23r7UoZbqTUuh3vA7emAGztFtqwTeVips789vqxxBw,8.892555,TOKEN,success
3UXwbUpqJ6ZCY3oUnrKeUtsn6FT7Dw8nYjboqMkpDDtxPNGsxvRjenkaFV1HT8BJ5SrvS6v5QaoWPbFixLVAFpXb,2026-02-17T14:12:32.000Z,HU23r7UoZbqTUuh3vA7emAGztFtqwTeVips789vqxxBw,5Q544fKrFoe6tsEbD7S8EmxGTJYAKtTVhAW5Q5pge4j1,8.892555,TOKEN,success
3UXwbUpqJ6ZCY3oUnrKeUtsn6FT7Dw8nYjboqMkpDDtxPNGsxvRjenkaFV1HT8BJ5SrvS6v5QaoWPbFixLVAFpXb,2026-02-17T14:12:32.000Z,5Q544fKrFoe6tsEbD7S8EmxGTJYAKtTVhAW5Q5pge4j1,HU23r7UoZbqTUuh3vA7emAGztFtqwTeVips789vqxxBw,11656.6038438,TOKEN,success
3UXwbUpqJ6ZCY3oUnrKeUtsn6FT7Dw8nYjboqMkpDDtxPNGsxvRjenkaFV1HT8BJ5SrvS6v5QaoWPbFixLVAFpXb,2026-02-17T14:12:32.000Z,VzurNCf8yjJp1RmTuHU32wT1XbeGoJXJEqQAgYhEj32,HU23r7UoZbqTUuh3vA7emAGztFtqwTeVips789vqxxBw,0.006,TOKEN,success
3UXwbUpqJ6ZCY3oUnrKeUtsn6FT7Dw8nYjboqMkpDDtxPNGsxvRjenkaFV1HT8BJ5SrvS6v5QaoWPbFixLVAFpXb,2026-02-17T14:12:32.000Z,HU23r7UoZbqTUuh3vA7emAGztFtqwTeVips789vqxxBw,VzurNCf8yjJp1RmTuHU32wT1XbeGoJXJEqQAgYhEj32,11656.6038438,TOKEN,success
3J2R99VwngoXNu6yY9AcWrEGVg1fwmBePdaux6biF7TW8edJmJVy1k8yxEGiwMM4e52kXtbrXuGaiRWmtV8d2Tqs,2026-02-17T14:02:30.000Z,7bBp5pLeQx5iHEfZCD2zZPMSg1hzV9fprA46cEi6Jp8Z,AVedewo4W5E5C9vtjFeAe13DGq6L5WNN2Kk3yuWZGNUN,0.01,TOKEN,success
3J2R99VwngoXNu6yY9AcWrEGVg1fwmBePdaux6biF7TW8edJmJVy1k8yxEGiwMM4e52kXtbrXuGaiRWmtV8d2Tqs,2026-02-17T14:02:30.000Z,D5YqVMoSxnqeZAKAUUE1Dm3bmjtdxQ5DCF356ozqN9cM,2AXXcN6oN9bBT5owwmTH53C7QHUXvhLeu718Kqt8rvY2,0.01,TOKEN,success
3J2R99VwngoXNu6yY9AcWrEGVg1fwmBePdaux6biF7TW8edJmJVy1k8yxEGiwMM4e52kXtbrXuGaiRWmtV8d2Tqs,2026-02-17T14:02:30.000Z,2AXXcN6oN9bBT5owwmTH53C7QHUXvhLeu718Kqt8rvY2,D5YqVMoSxnqeZAKAUUE1Dm3bmjtdxQ5DCF356ozqN9cM,1.25943,TOKEN,success
3J2R99VwngoXNu6yY9AcWrEGVg1fwmBePdaux6biF7TW8edJmJVy1k8yxEGiwMM4e52kXtbrXuGaiRWmtV8d2Tqs,2026-02-17T14:02:30.000Z,D5YqVMoSxnqeZAKAUUE1Dm3bmjtdxQ5DCF356ozqN9cM,9vqYJjDUFecLL2xPUC4Rc7hyCtZ6iJ4mDiVZX7aFXoAe,1306.796043529,TOKEN,success
3J2R99VwngoXNu6yY9AcWrEGVg1fwmBePdaux6biF7TW8edJmJVy1k8yxEGiwMM4e52kXtbrXuGaiRWmtV8d2Tqs,2026-02-17T14:02:30.000Z,9vqYJjDUFecLL2xPUC4Rc7hyCtZ6iJ4mDiVZX7aFXoAe,D5YqVMoSxnqeZAKAUUE1Dm3bmjtdxQ5DCF356ozqN9cM,0.670448,TOKEN,success
3J2R99VwngoXNu6yY9AcWrEGVg1fwmBePdaux6biF7TW8edJmJVy1k8yxEGiwMM4e52kXtbrXuGaiRWmtV8d2Tqs,2026-02-17T14:02:30.000Z,AVedewo4W5E5C9vtjFeAe13DGq6L5WNN2Kk3yuWZGNUN,D5YqVMoSxnqeZAKAUUE1Dm3bmjtdxQ5DCF356ozqN9cM,0.01,TOKEN,success
3J2R99VwngoXNu6yY9AcWrEGVg1fwmBePdaux6biF7TW8edJmJVy1k8yxEGiwMM4e52kXtbrXuGaiRWmtV8d2Tqs,2026-02-17T14:02:30.000Z,D5YqVMoSxnqeZAKAUUE1Dm3bmjtdxQ5DCF356ozqN9cM,5Q544fKrFoe6tsEbD7S8EmxGTJYAKtTVhAW5Q5pge4j1,1.25943,TOKEN,success
3J2R99VwngoXNu6yY9AcWrEGVg1fwmBePdaux6biF7TW8edJmJVy1k8yxEGiwMM4e52kXtbrXuGaiRWmtV8d2Tqs,2026-02-17T14:02:30.000Z,5Q544fKrFoe6tsEbD7S8EmxGTJYAKtTVhAW5Q5pge4j1,D5YqVMoSxnqeZAKAUUE1Dm3bmjtdxQ5DCF356ozqN9cM,1655.147449208,TOKEN,success
3J2R99VwngoXNu6yY9AcWrEGVg1fwmBePdaux6biF7TW8edJmJVy1k8yxEGiwMM4e52kXtbrXuGaiRWmtV8d2Tqs,2026-02-17T14:02:30.000Z,D5YqVMoSxnqeZAKAUUE1Dm3bmjtdxQ5DCF356ozqN9cM,5Q544fKrFoe6tsEbD7S8EmxGTJYAKtTVhAW5Q5pge4j1,348.351405679,TOKEN,success
3J2R99VwngoXNu6yY9AcWrEGVg1fwmBePdaux6biF7TW8edJmJVy1k8yxEGiwMM4e52kXtbrXuGaiRWmtV8d2Tqs,2026-02-17T14:02:30.000Z,5Q544fKrFoe6tsEbD7S8EmxGTJYAKtTVhAW5Q5pge4j1,D5YqVMoSxnqeZAKAUUE1Dm3bmjtdxQ5DCF356ozqN9cM,0.178628,TOKEN,success
3J2R99VwngoXNu6yY9AcWrEGVg1fwmBePdaux6biF7TW8edJmJVy1k8yxEGiwMM4e52kXtbrXuGaiRWmtV8d2Tqs,2026-02-17T14:02:30.000Z,D5YqVMoSxnqeZAKAUUE1Dm3bmjtdxQ5DCF356ozqN9cM,AVedewo4W5E5C9vtjFeAe13DGq6L5WNN2Kk3yuWZGNUN,0.849076,TOKEN,success
3J2R99VwngoXNu6yY9AcWrEGVg1fwmBePdaux6biF7TW8edJmJVy1k8yxEGiwMM4e52kXtbrXuGaiRWmtV8d2Tqs,2026-02-17T14:02:30.000Z,AVedewo4W5E5C9vtjFeAe13DGq6L5WNN2Kk3yuWZGNUN,FmiBEriWps99eg63dC66UZfS5Mypa8W5s9J5SFpNGQMX,0.849076,TOKEN,success
3J2R99VwngoXNu6yY9AcWrEGVg1fwmBePdaux6biF7TW8edJmJVy1k8yxEGiwMM4e52kXtbrXuGaiRWmtV8d2Tqs,2026-02-17T14:02:30.000Z,FmiBEriWps99eg63dC66UZfS5Mypa8W5s9J5SFpNGQMX,AVedewo4W5E5C9vtjFeAe13DGq6L5WNN2Kk3yuWZGNUN,0.010026215,TOKEN,success
3J2R99VwngoXNu6yY9AcWrEGVg1fwmBePdaux6biF7TW8edJmJVy1k8yxEGiwMM4e52kXtbrXuGaiRWmtV8d2Tqs,2026-02-17T14:02:30.000Z,AVedewo4W5E5C9vtjFeAe13DGq6L5WNN2Kk3yuWZGNUN,7bBp5pLeQx5iHEfZCD2zZPMSg1hzV9fprA46cEi6Jp8Z,0.010026215,TOKEN,success
7M7v6uMS3ooJ8qHLjejxvQeZPtHDEeCYtYnbY7yTkzW8KQktdgCQtANyN4kAES2u7ERL4UrdkKEKQiS9HG85rav,2026-02-17T14:02:10.000Z,2dRR9CaNrEsHm3UqZacEf8AoDuDx4NGQyMhGxG71NzkN,GQmkEVUbWqX9wXcXHrTmsJL2LN2TnmNghpERLBjCxZUA,0.001036941,SOL,success
7M7v6uMS3ooJ8qHLjejxvQeZPtHDEeCYtYnbY7yTkzW8KQktdgCQtANyN4kAES2u7ERL4UrdkKEKQiS9HG85rav,2026-02-17T14:02:10.000Z,2dRR9CaNrEsHm3UqZacEf8AoDuDx4NGQyMhGxG71NzkN,2AXXcN6oN9bBT5owwmTH53C7QHUXvhLeu718Kqt8rvY2,0.0685,TOKEN,success
7M7v6uMS3ooJ8qHLjejxvQeZPtHDEeCYtYnbY7yTkzW8KQktdgCQtANyN4kAES2u7ERL4UrdkKEKQiS9HG85rav,2026-02-17T14:02:10.000Z,2AXXcN6oN9bBT5owwmTH53C7QHUXvhLeu718Kqt8rvY2,2dRR9CaNrEsHm3UqZacEf8AoDuDx4NGQyMhGxG71NzkN,8.612153,TOKEN,success
7M7v6uMS3ooJ8qHLjejxvQeZPtHDEeCYtYnbY7yTkzW8KQktdgCQtANyN4kAES2u7ERL4UrdkKEKQiS9HG85rav,2026-02-17T14:02:10.000Z,2dRR9CaNrEsHm3UqZacEf8AoDuDx4NGQyMhGxG71NzkN,5Q544fKrFoe6tsEbD7S8EmxGTJYAKtTVhAW5Q5pge4j1,8.612153,TOKEN,success
7M7v6uMS3ooJ8qHLjejxvQeZPtHDEeCYtYnbY7yTkzW8KQktdgCQtANyN4kAES2u7ERL4UrdkKEKQiS9HG85rav,2026-02-17T14:02:10.000Z,5Q544fKrFoe6tsEbD7S8EmxGTJYAKtTVhAW5Q5pge4j1,2dRR9CaNrEsHm3UqZacEf8AoDuDx4NGQyMhGxG71NzkN,11333.015153225,TOKEN,success
7M7v6uMS3ooJ8qHLjejxvQeZPtHDEeCYtYnbY7yTkzW8KQktdgCQtANyN4kAES2u7ERL4UrdkKEKQiS9HG85rav,2026-02-17T14:02:10.000Z,2dRR9CaNrEsHm3UqZacEf8AoDuDx4NGQyMhGxG71NzkN,AB4rTE2JiKFhnfynUQCovbW75CUxT9LxcJX2SDTbY9gy,11333.014231605,TOKEN,success
7M7v6uMS3ooJ8qHLjejxvQeZPtHDEeCYtYnbY7yTkzW8KQktdgCQtANyN4kAES2u7ERL4UrdkKEKQiS9HG85rav,2026-02-17T14:02:10.000Z,AB4rTE2JiKFhnfynUQCovbW75CUxT9LxcJX2SDTbY9gy,2dRR9CaNrEsHm3UqZacEf8AoDuDx4NGQyMhGxG71NzkN,5.809085,TOKEN,success
7M7v6uMS3ooJ8qHLjejxvQeZPtHDEeCYtYnbY7yTkzW8KQktdgCQtANyN4kAES2u7ERL4UrdkKEKQiS9HG85rav,2026-02-17T14:02:10.000Z,2dRR9CaNrEsHm3UqZacEf8AoDuDx4NGQyMhGxG71NzkN,2QdhepnKRTLjjSqPL1PtKNwqrUkoLee5Gqs8bvZhRdMv,5.809085,TOKEN,success
7M7v6uMS3ooJ8qHLjejxvQeZPtHDEeCYtYnbY7yTkzW8KQktdgCQtANyN4kAES2u7ERL4UrdkKEKQiS9HG85rav,2026-02-17T14:02:10.000Z,2QdhepnKRTLjjSqPL1PtKNwqrUkoLee5Gqs8bvZhRdMv,2dRR9CaNrEsHm3UqZacEf8AoDuDx4NGQyMhGxG71NzkN,0.068554083,TOKEN,success
7M7v6uMS3ooJ8qHLjejxvQeZPtHDEeCYtYnbY7yTkzW8KQktdgCQtANyN4kAES2u7ERL4UrdkKEKQiS9HG85rav,2026-02-17T14:02:10.000Z,,2YM8LrJGRtsDcWeqsjX2EQwJfhArxyDdtDzgt7vrwwbV,0.002866,TOKEN,success
5bB5JKxSAY51rHekcNJm9EFYgZxVuC3bEqPcgpgfd5fxAKa7qqV8wzRJ5ZUuyiPikfyL9NVPc2sqdKr2zyqHcSk,2026-02-17T13:09:48.000Z,3wQdDJus1wVmCEHQAnThwSoA46YkCFxK9snb7CtkpesP,3CgvbiM3op4vjrrjH2zcrQUwsqh5veNVRjFCB9N6sRoD,1.027472,TOKEN,success
5bB5JKxSAY51rHekcNJm9EFYgZxVuC3bEqPcgpgfd5fxAKa7qqV8wzRJ5ZUuyiPikfyL9NVPc2sqdKr2zyqHcSk,2026-02-17T13:09:48.000Z,3CgvbiM3op4vjrrjH2zcrQUwsqh5veNVRjFCB9N6sRoD,GMCJvYGf5Ex2ARiMquaBDqU6iKM8uiEQkB8jCnoNfHpC,1.027472,TOKEN,success
5bB5JKxSAY51rHekcNJm9EFYgZxVuC3bEqPcgpgfd5fxAKa7qqV8wzRJ5ZUuyiPikfyL9NVPc2sqdKr2zyqHcSk,2026-02-17T13:09:48.000Z,GMCJvYGf5Ex2ARiMquaBDqU6iKM8uiEQkB8jCnoNfHpC,3CgvbiM3op4vjrrjH2zcrQUwsqh5veNVRjFCB9N6sRoD,0.012120663,TOKEN,success
5bB5JKxSAY51rHekcNJm9EFYgZxVuC3bEqPcgpgfd5fxAKa7qqV8wzRJ5ZUuyiPikfyL9NVPc2sqdKr2zyqHcSk,2026-02-17T13:09:48.000Z,3CgvbiM3op4vjrrjH2zcrQUwsqh5veNVRjFCB9N6sRoD,2AXXcN6oN9bBT5owwmTH53C7QHUXvhLeu718Kqt8rvY2,0.012120663,TOKEN,success
5bB5JKxSAY51rHekcNJm9EFYgZxVuC3bEqPcgpgfd5fxAKa7qqV8wzRJ5ZUuyiPikfyL9NVPc2sqdKr2zyqHcSk,2026-02-17T13:09:48.000Z,2AXXcN6oN9bBT5owwmTH53C7QHUXvhLeu718Kqt8rvY2,3CgvbiM3op4vjrrjH2zcrQUwsqh5veNVRjFCB9N6sRoD,1.519994,TOKEN,success
5bB5JKxSAY51rHekcNJm9EFYgZxVuC3bEqPcgpgfd5fxAKa7qqV8wzRJ5ZUuyiPikfyL9NVPc2sqdKr2zyqHcSk,2026-02-17T13:09:48.000Z,3CgvbiM3op4vjrrjH2zcrQUwsqh5veNVRjFCB9N6sRoD,5Q544fKrFoe6tsEbD7S8EmxGTJYAKtTVhAW5Q5pge4j1,1.519994,TOKEN,success
5bB5JKxSAY51rHekcNJm9EFYgZxVuC3bEqPcgpgfd5fxAKa7qqV8wzRJ5ZUuyiPikfyL9NVPc2sqdKr2zyqHcSk,2026-02-17T13:09:48.000Z,5Q544fKrFoe6tsEbD7S8EmxGTJYAKtTVhAW5Q5pge4j1,3CgvbiM3op4vjrrjH2zcrQUwsqh5veNVRjFCB9N6sRoD,2002.095978566,TOKEN,success
5bB5JKxSAY51rHekcNJm9EFYgZxVuC3bEqPcgpgfd5fxAKa7qqV8wzRJ5ZUuyiPikfyL9NVPc2sqdKr2zyqHcSk,2026-02-17T13:09:48.000Z,3wQdDJus1wVmCEHQAnThwSoA46YkCFxK9snb7CtkpesP,3CgvbiM3op4vjrrjH2zcrQUwsqh5veNVRjFCB9N6sRoD,0.001028,TOKEN,success
5bB5JKxSAY51rHekcNJm9EFYgZxVuC3bEqPcgpgfd5fxAKa7qqV8wzRJ5ZUuyiPikfyL9NVPc2sqdKr2zyqHcSk,2026-02-17T13:09:48.000Z,3CgvbiM3op4vjrrjH2zcrQUwsqh5veNVRjFCB9N6sRoD,3wQdDJus1wVmCEHQAnThwSoA46YkCFxK9snb7CtkpesP,2002.095978566,TOKEN,success
Q2SWLPC7X3J5LuiRaosdzVx13Y5mdrgQJjCMH4sKFLLhXEwfxDbDbCxB4ybsLSH47b7rHKT386S3nphtMfPmWVN,2026-02-17T12:53:59.000Z,3nMNd89AxwHUa1AFvQGqohRkxFEQsTsgiEyEyqXFHyyH,DSrWMsh9bjY6irevhJUrQgi1W9TeH5X3B4NkPyDdV7fq,0.001006,SOL,success
Q2SWLPC7X3J5LuiRaosdzVx13Y5mdrgQJjCMH4sKFLLhXEwfxDbDbCxB4ybsLSH47b7rHKT386S3nphtMfPmWVN,2026-02-17T12:53:59.000Z,3nMNd89AxwHUa1AFvQGqohRkxFEQsTsgiEyEyqXFHyyH,2ySwA2Suk8dCRTwdPUC79CBeL7sJRAqFLnVpP9GGGrKN,0.002962434,TOKEN,success
Q2SWLPC7X3J5LuiRaosdzVx13Y5mdrgQJjCMH4sKFLLhXEwfxDbDbCxB4ybsLSH47b7rHKT386S3nphtMfPmWVN,2026-02-17T12:53:59.000Z,2ySwA2Suk8dCRTwdPUC79CBeL7sJRAqFLnVpP9GGGrKN,3nMNd89AxwHUa1AFvQGqohRkxFEQsTsgiEyEyqXFHyyH,31370.6982,TOKEN,success
Q2SWLPC7X3J5LuiRaosdzVx13Y5mdrgQJjCMH4sKFLLhXEwfxDbDbCxB4ybsLSH47b7rHKT386S3nphtMfPmWVN,2026-02-17T12:53:59.000Z,3nMNd89AxwHUa1AFvQGqohRkxFEQsTsgiEyEyqXFHyyH,F662n6Ac6EPcMzc6Ra5DMhoXo9U3utVX9fNUiGWnBXvA,31370.6982,TOKEN,success
Q2SWLPC7X3J5LuiRaosdzVx13Y5mdrgQJjCMH4sKFLLhXEwfxDbDbCxB4ybsLSH47b7rHKT386S3nphtMfPmWVN,2026-02-17T12:53:59.000Z,F662n6Ac6EPcMzc6Ra5DMhoXo9U3utVX9fNUiGWnBXvA,3nMNd89AxwHUa1AFvQGqohRkxFEQsTsgiEyEyqXFHyyH,488.762199464,TOKEN,success
Q2SWLPC7X3J5LuiRaosdzVx13Y5mdrgQJjCMH4sKFLLhXEwfxDbDbCxB4ybsLSH47b7rHKT386S3nphtMfPmWVN,2026-02-17T12:53:59.000Z,3nMNd89AxwHUa1AFvQGqohRkxFEQsTsgiEyEyqXFHyyH,2AXXcN6oN9bBT5owwmTH53C7QHUXvhLeu718Kqt8rvY2,0.367011,TOKEN,success
Q2SWLPC7X3J5LuiRaosdzVx13Y5mdrgQJjCMH4sKFLLhXEwfxDbDbCxB4ybsLSH47b7rHKT386S3nphtMfPmWVN,2026-02-17T12:53:59.000Z,2AXXcN6oN9bBT5owwmTH53C7QHUXvhLeu718Kqt8rvY2,3nMNd89AxwHUa1AFvQGqohRkxFEQsTsgiEyEyqXFHyyH,0.002976147,TOKEN,success
Q2SWLPC7X3J5LuiRaosdzVx13Y5mdrgQJjCMH4sKFLLhXEwfxDbDbCxB4ybsLSH47b7rHKT386S3nphtMfPmWVN,2026-02-17T12:53:59.000Z,3nMNd89AxwHUa1AFvQGqohRkxFEQsTsgiEyEyqXFHyyH,5Q544fKrFoe6tsEbD7S8EmxGTJYAKtTVhAW5Q5pge4j1,488.762199464,TOKEN,success
Q2SWLPC7X3J5LuiRaosdzVx13Y5mdrgQJjCMH4sKFLLhXEwfxDbDbCxB4ybsLSH47b7rHKT386S3nphtMfPmWVN,2026-02-17T12:53:59.000Z,5Q544fKrFoe6tsEbD7S8EmxGTJYAKtTVhAW5Q5pge4j1,3nMNd89AxwHUa1AFvQGqohRkxFEQsTsgiEyEyqXFHyyH,0.367011,TOKEN,success
2Lr4YCLHXNYNUNwDVqEqpbtx661jAhuWEExzSfSGqJz66dHwAnFBwYpXpYZ9BD2wRyQYbRKguZtea4H5TXESDV5X,2026-02-17T12:39:02.000Z,3nMNd89AxwHUa1AFvQGqohRkxFEQsTsgiEyEyqXFHyyH,HYKcdQF5CX7mwdvmqyustAvuqaFBQHCV6U29s7RtpKyg,0.001006189,SOL,success
2Lr4YCLHXNYNUNwDVqEqpbtx661jAhuWEExzSfSGqJz66dHwAnFBwYpXpYZ9BD2wRyQYbRKguZtea4H5TXESDV5X,2026-02-17T12:39:02.000Z,3nMNd89AxwHUa1AFvQGqohRkxFEQsTsgiEyEyqXFHyyH,Czfq3xZZDmsdGdUyrNLtRhGc47cXcZtLG4crryfu44zE,0.012634222,TOKEN,success
2Lr4YCLHXNYNUNwDVqEqpbtx661jAhuWEExzSfSGqJz66dHwAnFBwYpXpYZ9BD2wRyQYbRKguZtea4H5TXESDV5X,2026-02-17T12:39:02.000Z,Czfq3xZZDmsdGdUyrNLtRhGc47cXcZtLG4crryfu44zE,3nMNd89AxwHUa1AFvQGqohRkxFEQsTsgiEyEyqXFHyyH,1.078445,TOKEN,success
2Lr4YCLHXNYNUNwDVqEqpbtx661jAhuWEExzSfSGqJz66dHwAnFBwYpXpYZ9BD2wRyQYbRKguZtea4H5TXESDV5X,2026-02-17T12:39:02.000Z,3nMNd89AxwHUa1AFvQGqohRkxFEQsTsgiEyEyqXFHyyH,9vqYJjDUFecLL2xPUC4Rc7hyCtZ6iJ4mDiVZX7aFXoAe,1.078445,TOKEN,success
2Lr4YCLHXNYNUNwDVqEqpbtx661jAhuWEExzSfSGqJz66dHwAnFBwYpXpYZ9BD2wRyQYbRKguZtea4H5TXESDV5X,2026-02-17T12:39:02.000Z,9vqYJjDUFecLL2xPUC4Rc7hyCtZ6iJ4mDiVZX7aFXoAe,3nMNd89AxwHUa1AFvQGqohRkxFEQsTsgiEyEyqXFHyyH,2090.363593835,TOKEN,success
2Lr4YCLHXNYNUNwDVqEqpbtx661jAhuWEExzSfSGqJz66dHwAnFBwYpXpYZ9BD2wRyQYbRKguZtea4H5TXESDV5X,2026-02-17T12:39:02.000Z,3nMNd89AxwHUa1AFvQGqohRkxFEQsTsgiEyEyqXFHyyH,2AXXcN6oN9bBT5owwmTH53C7QHUXvhLeu718Kqt8rvY2,1.575196,TOKEN,success
2Lr4YCLHXNYNUNwDVqEqpbtx661jAhuWEExzSfSGqJz66dHwAnFBwYpXpYZ9BD2wRyQYbRKguZtea4H5TXESDV5X,2026-02-17T12:39:02.000Z,2AXXcN6oN9bBT5owwmTH53C7QHUXvhLeu718Kqt8rvY2,3nMNd89AxwHUa1AFvQGqohRkxFEQsTsgiEyEyqXFHyyH,0.012648698,TOKEN,success
2Lr4YCLHXNYNUNwDVqEqpbtx661jAhuWEExzSfSGqJz66dHwAnFBwYpXpYZ9BD2wRyQYbRKguZtea4H5TXESDV5X,2026-02-17T12:39:02.000Z,3nMNd89AxwHUa1AFvQGqohRkxFEQsTsgiEyEyqXFHyyH,5Q544fKrFoe6tsEbD7S8EmxGTJYAKtTVhAW5Q5pge4j1,2090.363593835,TOKEN,success
2Lr4YCLHXNYNUNwDVqEqpbtx661jAhuWEExzSfSGqJz66dHwAnFBwYpXpYZ9BD2wRyQYbRKguZtea4H5TXESDV5X,2026-02-17T12:39:02.000Z,5Q544fKrFoe6tsEbD7S8EmxGTJYAKtTVhAW5Q5pge4j1,3nMNd89AxwHUa1AFvQGqohRkxFEQsTsgiEyEyqXFHyyH,1.575196,TOKEN,success
poAbArD9yVfRxXbq2DYcKUszQ5xHuhgn6z1HNJi9qRHMJTPSr6SVx4Ugr9umnSLVRrxWHXcxYugp7h9ezRYZHzh,2026-02-17T12:39:02.000Z,3nMNd89AxwHUa1AFvQGqohRkxFEQsTsgiEyEyqXFHyyH,4z5bQSCbqkRU54LkEDCnaZayUVxGZ3trtdp1xoja96vT,0.001006499,SOL,success
poAbArD9yVfRxXbq2DYcKUszQ5xHuhgn6z1HNJi9qRHMJTPSr6SVx4Ugr9umnSLVRrxWHXcxYugp7h9ezRYZHzh,2026-02-17T12:39:02.000Z,3nMNd89AxwHUa1AFvQGqohRkxFEQsTsgiEyEyqXFHyyH,7BZzoP3QB2zK3R7WqRzjS5fpeeErgdy3HGzxXrN97aEY,0.005813837,TOKEN,success
poAbArD9yVfRxXbq2DYcKUszQ5xHuhgn6z1HNJi9qRHMJTPSr6SVx4Ugr9umnSLVRrxWHXcxYugp7h9ezRYZHzh,2026-02-17T12:39:02.000Z,7BZzoP3QB2zK3R7WqRzjS5fpeeErgdy3HGzxXrN97aEY,3nMNd89AxwHUa1AFvQGqohRkxFEQsTsgiEyEyqXFHyyH,61803.21031,TOKEN,success
poAbArD9yVfRxXbq2DYcKUszQ5xHuhgn6z1HNJi9qRHMJTPSr6SVx4Ugr9umnSLVRrxWHXcxYugp7h9ezRYZHzh,2026-02-17T12:39:02.000Z,3nMNd89AxwHUa1AFvQGqohRkxFEQsTsgiEyEyqXFHyyH,F662n6Ac6EPcMzc6Ra5DMhoXo9U3utVX9fNUiGWnBXvA,61803.21031,TOKEN,success
poAbArD9yVfRxXbq2DYcKUszQ5xHuhgn6z1HNJi9qRHMJTPSr6SVx4Ugr9umnSLVRrxWHXcxYugp7h9ezRYZHzh,2026-02-17T12:39:02.000Z,F662n6Ac6EPcMzc6Ra5DMhoXo9U3utVX9fNUiGWnBXvA,3nMNd89AxwHUa1AFvQGqohRkxFEQsTsgiEyEyqXFHyyH,965.816563827,TOKEN,success
poAbArD9yVfRxXbq2DYcKUszQ5xHuhgn6z1HNJi9qRHMJTPSr6SVx4Ugr9umnSLVRrxWHXcxYugp7h9ezRYZHzh,2026-02-17T12:39:02.000Z,3nMNd89AxwHUa1AFvQGqohRkxFEQsTsgiEyEyqXFHyyH,2AXXcN6oN9bBT5owwmTH53C7QHUXvhLeu718Kqt8rvY2,0.728358,TOKEN,success
poAbArD9yVfRxXbq2DYcKUszQ5xHuhgn6z1HNJi9qRHMJTPSr6SVx4Ugr9umnSLVRrxWHXcxYugp7h9ezRYZHzh,2026-02-17T12:39:02.000Z,2AXXcN6oN9bBT5owwmTH53C7QHUXvhLeu718Kqt8rvY2,3nMNd89AxwHUa1AFvQGqohRkxFEQsTsgiEyEyqXFHyyH,0.00584068,TOKEN,success
poAbArD9yVfRxXbq2DYcKUszQ5xHuhgn6z1HNJi9qRHMJTPSr6SVx4Ugr9umnSLVRrxWHXcxYugp7h9ezRYZHzh,2026-02-17T12:39:02.000Z,3nMNd89AxwHUa1AFvQGqohRkxFEQsTsgiEyEyqXFHyyH,5Q544fKrFoe6tsEbD7S8EmxGTJYAKtTVhAW5Q5pge4j1,965.816563827,TOKEN,success
poAbArD9yVfRxXbq2DYcKUszQ5xHuhgn6z1HNJi9qRHMJTPSr6SVx4Ugr9umnSLVRrxWHXcxYugp7h9ezRYZHzh,2026-02-17T12:39:02.000Z,5Q544fKrFoe6tsEbD7S8EmxGTJYAKtTVhAW5Q5pge4j1,3nMNd89AxwHUa1AFvQGqohRkxFEQsTsgiEyEyqXFHyyH,0.728358,TOKEN,success
HeFrb62tnU7zPGzJN9XKE7xmbkA65VCZW5sc7ZJ8sMvFAviNTydxD5HSFUnBJ2X7KpFDsCNHPoSMDhWFmZYyoq2,2026-02-17T12:39:01.000Z,UUAhspPgUdGuXUnokmxERH1VvNGNh1ouN3mfcbfV8yd,2AXXcN6oN9bBT5owwmTH53C7QHUXvhLeu718Kqt8rvY2,7.3908,TOKEN,success
HeFrb62tnU7zPGzJN9XKE7xmbkA65VCZW5sc7ZJ8sMvFAviNTydxD5HSFUnBJ2X7KpFDsCNHPoSMDhWFmZYyoq2,2026-02-17T12:39:01.000Z,2AXXcN6oN9bBT5owwmTH53C7QHUXvhLeu718Kqt8rvY2,UUAhspPgUdGuXUnokmxERH1VvNGNh1ouN3mfcbfV8yd,0.059251128,TOKEN,success
HeFrb62tnU7zPGzJN9XKE7xmbkA65VCZW5sc7ZJ8sMvFAviNTydxD5HSFUnBJ2X7KpFDsCNHPoSMDhWFmZYyoq2,2026-02-17T12:39:01.000Z,UUAhspPgUdGuXUnokmxERH1VvNGNh1ouN3mfcbfV8yd,3uZcofBKVBYFrQ7jVjTFLEMWAQiZcih4AES5tKBqdo7m,0.059223919,TOKEN,success
HeFrb62tnU7zPGzJN9XKE7xmbkA65VCZW5sc7ZJ8sMvFAviNTydxD5HSFUnBJ2X7KpFDsCNHPoSMDhWFmZYyoq2,2026-02-17T12:39:01.000Z,3uZcofBKVBYFrQ7jVjTFLEMWAQiZcih4AES5tKBqdo7m,UUAhspPgUdGuXUnokmxERH1VvNGNh1ouN3mfcbfV8yd,9785.301003882,TOKEN,success
HeFrb62tnU7zPGzJN9XKE7xmbkA65VCZW5sc7ZJ8sMvFAviNTydxD5HSFUnBJ2X7KpFDsCNHPoSMDhWFmZYyoq2,2026-02-17T12:39:01.000Z,UUAhspPgUdGuXUnokmxERH1VvNGNh1ouN3mfcbfV8yd,5Q544fKrFoe6tsEbD7S8EmxGTJYAKtTVhAW5Q5pge4j1,9785.301003882,TOKEN,success
HeFrb62tnU7zPGzJN9XKE7xmbkA65VCZW5sc7ZJ8sMvFAviNTydxD5HSFUnBJ2X7KpFDsCNHPoSMDhWFmZYyoq2,2026-02-17T12:39:01.000Z,5Q544fKrFoe6tsEbD7S8EmxGTJYAKtTVhAW5Q5pge4j1,UUAhspPgUdGuXUnokmxERH1VvNGNh1ouN3mfcbfV8yd,7.3908,TOKEN,success
HeFrb62tnU7zPGzJN9XKE7xmbkA65VCZW5sc7ZJ8sMvFAviNTydxD5HSFUnBJ2X7KpFDsCNHPoSMDhWFmZYyoq2,2026-02-17T12:39:01.000Z,,2YM8LrJGRtsDcWeqsjX2EQwJfhArxyDdtDzgt7vrwwbV,0.001955,TOKEN,success
5i21MCKwBcB2ytNF2damndd695nsuAhj5RJyMACKfgQFBWRXhknvi4dtAGe4GvgteQ7yCLbz4ybvb2WkwTLiwiNb,2026-02-17T12:35:12.000Z,2qPu25VWn8Lpe6RneNNUUhTGyFFAVU4bnCC9STwq1RDs,2kim6ccZHZPvHMASSQY855aXts3e4zNZ173aC7Va4kwb,0.116913,TOKEN,success
5i21MCKwBcB2ytNF2damndd695nsuAhj5RJyMACKfgQFBWRXhknvi4dtAGe4GvgteQ7yCLbz4ybvb2WkwTLiwiNb,2026-02-17T12:35:12.000Z,2kim6ccZHZPvHMASSQY855aXts3e4zNZ173aC7Va4kwb,2qPu25VWn8Lpe6RneNNUUhTGyFFAVU4bnCC9STwq1RDs,0.08389238,TOKEN,success
5i21MCKwBcB2ytNF2damndd695nsuAhj5RJyMACKfgQFBWRXhknvi4dtAGe4GvgteQ7yCLbz4ybvb2WkwTLiwiNb,2026-02-17T12:35:12.000Z,2qPu25VWn8Lpe6RneNNUUhTGyFFAVU4bnCC9STwq1RDs,9nnLbotNTcUhvbrsA6Mdkx45Sm82G35zo28AqUvjExn8,0.08389238,TOKEN,success
5i21MCKwBcB2ytNF2damndd695nsuAhj5RJyMACKfgQFBWRXhknvi4dtAGe4GvgteQ7yCLbz4ybvb2WkwTLiwiNb,2026-02-17T12:35:12.000Z,9nnLbotNTcUhvbrsA6Mdkx45Sm82G35zo28AqUvjExn8,5Q544fKrFoe6tsEbD7S8EmxGTJYAKtTVhAW5Q5pge4j1,0.08389238,TOKEN,success
5i21MCKwBcB2ytNF2damndd695nsuAhj5RJyMACKfgQFBWRXhknvi4dtAGe4GvgteQ7yCLbz4ybvb2WkwTLiwiNb,2026-02-17T12:35:12.000Z,5Q544fKrFoe6tsEbD7S8EmxGTJYAKtTVhAW5Q5pge4j1,9nnLbotNTcUhvbrsA6Mdkx45Sm82G35zo28AqUvjExn8,0.001363296,TOKEN,success
5i21MCKwBcB2ytNF2damndd695nsuAhj5RJyMACKfgQFBWRXhknvi4dtAGe4GvgteQ7yCLbz4ybvb2WkwTLiwiNb,2026-02-17T12:35:12.000Z,9nnLbotNTcUhvbrsA6Mdkx45Sm82G35zo28AqUvjExn8,7nDSrtf8iak4if2t1zydxz9AKHt1TXdDp4drzmmhUFDP,0.001363296,TOKEN,success
5i21MCKwBcB2ytNF2damndd695nsuAhj5RJyMACKfgQFBWRXhknvi4dtAGe4GvgteQ7yCLbz4ybvb2WkwTLiwiNb,2026-02-17T12:35:12.000Z,7nDSrtf8iak4if2t1zydxz9AKHt1TXdDp4drzmmhUFDP,9nnLbotNTcUhvbrsA6Mdkx45Sm82G35zo28AqUvjExn8,225.209060712,TOKEN,success
5i21MCKwBcB2ytNF2damndd695nsuAhj5RJyMACKfgQFBWRXhknvi4dtAGe4GvgteQ7yCLbz4ybvb2WkwTLiwiNb,2026-02-17T12:35:12.000Z,9nnLbotNTcUhvbrsA6Mdkx45Sm82G35zo28AqUvjExn8,2qPu25VWn8Lpe6RneNNUUhTGyFFAVU4bnCC9STwq1RDs,225.209060712,TOKEN,success
5i21MCKwBcB2ytNF2damndd695nsuAhj5RJyMACKfgQFBWRXhknvi4dtAGe4GvgteQ7yCLbz4ybvb2WkwTLiwiNb,2026-02-17T12:35:12.000Z,2qPu25VWn8Lpe6RneNNUUhTGyFFAVU4bnCC9STwq1RDs,2kim6ccZHZPvHMASSQY855aXts3e4zNZ173aC7Va4kwb,225.186705476,TOKEN,success
5i21MCKwBcB2ytNF2damndd695nsuAhj5RJyMACKfgQFBWRXhknvi4dtAGe4GvgteQ7yCLbz4ybvb2WkwTLiwiNb,2026-02-17T12:35:12.000Z,2kim6ccZHZPvHMASSQY855aXts3e4zNZ173aC7Va4kwb,2qPu25VWn8Lpe6RneNNUUhTGyFFAVU4bnCC9STwq1RDs,0.117194,TOKEN,success
953bRyEUgnCcBn2qj96t4nfwTfPMKvbgfaJvdU6ewZPskoGzLMUwQBSDfi7QDD6bwfoJuTnCgCetPAgme6NLogC,2026-02-17T12:30:46.000Z,2fvGE11dFMsS6pcXTD6yjrtKfwQc2bJJp2h4YmE8tsWS,CommjpK7mVSaP9HwypJWAHmbxLgVGEaCSXMSt7AFs6Ps,2571.048907368,TOKEN,success
953bRyEUgnCcBn2qj96t4nfwTfPMKvbgfaJvdU6ewZPskoGzLMUwQBSDfi7QDD6bwfoJuTnCgCetPAgme6NLogC,2026-02-17T12:30:46.000Z,CommjpK7mVSaP9HwypJWAHmbxLgVGEaCSXMSt7AFs6Ps,3uZcofBKVBYFrQ7jVjTFLEMWAQiZcih4AES5tKBqdo7m,2571.048853277,TOKEN,success
953bRyEUgnCcBn2qj96t4nfwTfPMKvbgfaJvdU6ewZPskoGzLMUwQBSDfi7QDD6bwfoJuTnCgCetPAgme6NLogC,2026-02-17T12:30:46.000Z,3uZcofBKVBYFrQ7jVjTFLEMWAQiZcih4AES5tKBqdo7m,CommjpK7mVSaP9HwypJWAHmbxLgVGEaCSXMSt7AFs6Ps,0.01547993,TOKEN,success
953bRyEUgnCcBn2qj96t4nfwTfPMKvbgfaJvdU6ewZPskoGzLMUwQBSDfi7QDD6bwfoJuTnCgCetPAgme6NLogC,2026-02-17T12:30:46.000Z,,2YM8LrJGRtsDcWeqsjX2EQwJfhArxyDdtDzgt7vrwwbV,0.000513,TOKEN,success
953bRyEUgnCcBn2qj96t4nfwTfPMKvbgfaJvdU6ewZPskoGzLMUwQBSDfi7QDD6bwfoJuTnCgCetPAgme6NLogC,2026-02-17T12:30:46.000Z,CommjpK7mVSaP9HwypJWAHmbxLgVGEaCSXMSt7AFs6Ps,2fvGE11dFMsS6pcXTD6yjrtKfwQc2bJJp2h4YmE8tsWS,0.01547993,TOKEN,success
5V6mUqFPVcvKmqnokvBjeja3d9z7sehhYGJC3Sj9RtC5jCbMLiXbWs8BJfUwRQi5sAgdr2VPcn7GSrpkSVfpEhUN,2026-02-17T12:18:54.000Z,3nMNd89AxwHUa1AFvQGqohRkxFEQsTsgiEyEyqXFHyyH,9eY6XRgG9VsDxNNhkChWMQjyBN5c9rDJsDvHSkVFP6NH,0.001006,SOL,success
5V6mUqFPVcvKmqnokvBjeja3d9z7sehhYGJC3Sj9RtC5jCbMLiXbWs8BJfUwRQi5sAgdr2VPcn7GSrpkSVfpEhUN,2026-02-17T12:18:54.000Z,3nMNd89AxwHUa1AFvQGqohRkxFEQsTsgiEyEyqXFHyyH,9vqYJjDUFecLL2xPUC4Rc7hyCtZ6iJ4mDiVZX7aFXoAe,1.164611,TOKEN,success
5V6mUqFPVcvKmqnokvBjeja3d9z7sehhYGJC3Sj9RtC5jCbMLiXbWs8BJfUwRQi5sAgdr2VPcn7GSrpkSVfpEhUN,2026-02-17T12:18:54.000Z,9vqYJjDUFecLL2xPUC4Rc7hyCtZ6iJ4mDiVZX7aFXoAe,3nMNd89AxwHUa1AFvQGqohRkxFEQsTsgiEyEyqXFHyyH,2262.882372545,TOKEN,success
5V6mUqFPVcvKmqnokvBjeja3d9z7sehhYGJC3Sj9RtC5jCbMLiXbWs8BJfUwRQi5sAgdr2VPcn7GSrpkSVfpEhUN,2026-02-17T12:18:54.000Z,3nMNd89AxwHUa1AFvQGqohRkxFEQsTsgiEyEyqXFHyyH,2AXXcN6oN9bBT5owwmTH53C7QHUXvhLeu718Kqt8rvY2,1.700415,TOKEN,success
5V6mUqFPVcvKmqnokvBjeja3d9z7sehhYGJC3Sj9RtC5jCbMLiXbWs8BJfUwRQi5sAgdr2VPcn7GSrpkSVfpEhUN,2026-02-17T12:18:54.000Z,2AXXcN6oN9bBT5owwmTH53C7QHUXvhLeu718Kqt8rvY2,3nMNd89AxwHUa1AFvQGqohRkxFEQsTsgiEyEyqXFHyyH,0.013684218,TOKEN,success
5V6mUqFPVcvKmqnokvBjeja3d9z7sehhYGJC3Sj9RtC5jCbMLiXbWs8BJfUwRQi5sAgdr2VPcn7GSrpkSVfpEhUN,2026-02-17T12:18:54.000Z,3nMNd89AxwHUa1AFvQGqohRkxFEQsTsgiEyEyqXFHyyH,3ucNos4NbumPLZNWztqGHNFFgkHeRMBQAVemeeomsUxv,0.013684218,TOKEN,success
5V6mUqFPVcvKmqnokvBjeja3d9z7sehhYGJC3Sj9RtC5jCbMLiXbWs8BJfUwRQi5sAgdr2VPcn7GSrpkSVfpEhUN,2026-02-17T12:18:54.000Z,3ucNos4NbumPLZNWztqGHNFFgkHeRMBQAVemeeomsUxv,3nMNd89AxwHUa1AFvQGqohRkxFEQsTsgiEyEyqXFHyyH,1.166159,TOKEN,success
5V6mUqFPVcvKmqnokvBjeja3d9z7sehhYGJC3Sj9RtC5jCbMLiXbWs8BJfUwRQi5sAgdr2VPcn7GSrpkSVfpEhUN,2026-02-17T12:18:54.000Z,3nMNd89AxwHUa1AFvQGqohRkxFEQsTsgiEyEyqXFHyyH,5Q544fKrFoe6tsEbD7S8EmxGTJYAKtTVhAW5Q5pge4j1,2262.882372545,TOKEN,success
5V6mUqFPVcvKmqnokvBjeja3d9z7sehhYGJC3Sj9RtC5jCbMLiXbWs8BJfUwRQi5sAgdr2VPcn7GSrpkSVfpEhUN,2026-02-17T12:18:54.000Z,5Q544fKrFoe6tsEbD7S8EmxGTJYAKtTVhAW5Q5pge4j1,3nMNd89AxwHUa1AFvQGqohRkxFEQsTsgiEyEyqXFHyyH,1.700415,TOKEN,success
3nLypob77W19ngzzHkaVjdyfzsoDZ5m88gwkDoR3vfa24zEa4ySkWcwKw19UHX4143QAGhiWMhqM9s7WVQRYe5cK,2026-02-17T12:13:22.000Z,9KHAL3haQwXF4xnHMYf1ppAi3RCB8rJWoUr3wfj3KnoD,J9pm7akNvEz2VkBaLECk5J8hSj3tnrMrPDLHq9zcHDuN,180122.838904677,TOKEN,success
3e5CzvEmTKP413moQVk66i5tpwKzL9rTMAzZZNbaFN5bYCXZohm4ZjXz1EJraHnBNp7bQRwN9UBKdNfKr7W8Uz1z,2026-02-17T12:13:10.000Z,69yhtoJR4JYPPABZcSNkzuqbaFbwHsCkja1sP1Q2aVT5,HDhWhQCBrSh9xNWmNtsTi86eWj3yCoEiaRodjgNydo1b,0.00032266,TOKEN,success
3e5CzvEmTKP413moQVk66i5tpwKzL9rTMAzZZNbaFN5bYCXZohm4ZjXz1EJraHnBNp7bQRwN9UBKdNfKr7W8Uz1z,2026-02-17T12:13:10.000Z,HDhWhQCBrSh9xNWmNtsTi86eWj3yCoEiaRodjgNydo1b,69yhtoJR4JYPPABZcSNkzuqbaFbwHsCkja1sP1Q2aVT5,0.257507877,TOKEN,success
3e5CzvEmTKP413moQVk66i5tpwKzL9rTMAzZZNbaFN5bYCXZohm4ZjXz1EJraHnBNp7bQRwN9UBKdNfKr7W8Uz1z,2026-02-17T12:13:10.000Z,9KHAL3haQwXF4xnHMYf1ppAi3RCB8rJWoUr3wfj3KnoD,69yhtoJR4JYPPABZcSNkzuqbaFbwHsCkja1sP1Q2aVT5,93,TOKEN,success
3e5CzvEmTKP413moQVk66i5tpwKzL9rTMAzZZNbaFN5bYCXZohm4ZjXz1EJraHnBNp7bQRwN9UBKdNfKr7W8Uz1z,2026-02-17T12:13:10.000Z,69yhtoJR4JYPPABZcSNkzuqbaFbwHsCkja1sP1Q2aVT5,AB4rTE2JiKFhnfynUQCovbW75CUxT9LxcJX2SDTbY9gy,71.0427,TOKEN,success
3e5CzvEmTKP413moQVk66i5tpwKzL9rTMAzZZNbaFN5bYCXZohm4ZjXz1EJraHnBNp7bQRwN9UBKdNfKr7W8Uz1z,2026-02-17T12:13:10.000Z,AB4rTE2JiKFhnfynUQCovbW75CUxT9LxcJX2SDTbY9gy,69yhtoJR4JYPPABZcSNkzuqbaFbwHsCkja1sP1Q2aVT5,137588.404278287,TOKEN,success
3e5CzvEmTKP413moQVk66i5tpwKzL9rTMAzZZNbaFN5bYCXZohm4ZjXz1EJraHnBNp7bQRwN9UBKdNfKr7W8Uz1z,2026-02-17T12:13:10.000Z,69yhtoJR4JYPPABZcSNkzuqbaFbwHsCkja1sP1Q2aVT5,4o9kDwyuBhcCF6mmp78HZHPc5Kdw1AmcSwBpcdyQhZvT,21.9573,TOKEN,success
3e5CzvEmTKP413moQVk66i5tpwKzL9rTMAzZZNbaFN5bYCXZohm4ZjXz1EJraHnBNp7bQRwN9UBKdNfKr7W8Uz1z,2026-02-17T12:13:10.000Z,4o9kDwyuBhcCF6mmp78HZHPc5Kdw1AmcSwBpcdyQhZvT,69yhtoJR4JYPPABZcSNkzuqbaFbwHsCkja1sP1Q2aVT5,0.00032266,TOKEN,success
3e5CzvEmTKP413moQVk66i5tpwKzL9rTMAzZZNbaFN5bYCXZohm4ZjXz1EJraHnBNp7bQRwN9UBKdNfKr7W8Uz1z,2026-02-17T12:13:10.000Z,69yhtoJR4JYPPABZcSNkzuqbaFbwHsCkja1sP1Q2aVT5,7nDSrtf8iak4if2t1zydxz9AKHt1TXdDp4drzmmhUFDP,0.107638292,TOKEN,success
3e5CzvEmTKP413moQVk66i5tpwKzL9rTMAzZZNbaFN5bYCXZohm4ZjXz1EJraHnBNp7bQRwN9UBKdNfKr7W8Uz1z,2026-02-17T12:13:10.000Z,7nDSrtf8iak4if2t1zydxz9AKHt1TXdDp4drzmmhUFDP,69yhtoJR4JYPPABZcSNkzuqbaFbwHsCkja1sP1Q2aVT5,17774.00053622,TOKEN,success
3e5CzvEmTKP413moQVk66i5tpwKzL9rTMAzZZNbaFN5bYCXZohm4ZjXz1EJraHnBNp7bQRwN9UBKdNfKr7W8Uz1z,2026-02-17T12:13:10.000Z,69yhtoJR4JYPPABZcSNkzuqbaFbwHsCkja1sP1Q2aVT5,3uZcofBKVBYFrQ7jVjTFLEMWAQiZcih4AES5tKBqdo7m,0.149869585,TOKEN,success
3e5CzvEmTKP413moQVk66i5tpwKzL9rTMAzZZNbaFN5bYCXZohm4ZjXz1EJraHnBNp7bQRwN9UBKdNfKr7W8Uz1z,2026-02-17T12:13:10.000Z,3uZcofBKVBYFrQ7jVjTFLEMWAQiZcih4AES5tKBqdo7m,69yhtoJR4JYPPABZcSNkzuqbaFbwHsCkja1sP1Q2aVT5,24760.43409017,TOKEN,success
3e5CzvEmTKP413moQVk66i5tpwKzL9rTMAzZZNbaFN5bYCXZohm4ZjXz1EJraHnBNp7bQRwN9UBKdNfKr7W8Uz1z,2026-02-17T12:13:10.000Z,69yhtoJR4JYPPABZcSNkzuqbaFbwHsCkja1sP1Q2aVT5,9KHAL3haQwXF4xnHMYf1ppAi3RCB8rJWoUr3wfj3KnoD,180122.838904677,TOKEN,success
3e5CzvEmTKP413moQVk66i5tpwKzL9rTMAzZZNbaFN5bYCXZohm4ZjXz1EJraHnBNp7bQRwN9UBKdNfKr7W8Uz1z,2026-02-17T12:13:10.000Z,,2YM8LrJGRtsDcWeqsjX2EQwJfhArxyDdtDzgt7vrwwbV,0.034892,TOKEN,success
3e5CzvEmTKP413moQVk66i5tpwKzL9rTMAzZZNbaFN5bYCXZohm4ZjXz1EJraHnBNp7bQRwN9UBKdNfKr7W8Uz1z,2026-02-17T12:13:10.000Z,,2YM8LrJGRtsDcWeqsjX2EQwJfhArxyDdtDzgt7vrwwbV,0.004943,TOKEN,success
3LUs2qQbaBvdPtQbwdD3Dzc5DdegZ7AUY1GeW1ETVkEdJLpTzmiwMuPUqLXbUQjWS5NidJ9FCEZFXByDYuMpbGS4,2026-02-17T12:04:54.000Z,CY1GP2iTMAYtWDkYU8CUFSunmHwZPyux7emitAeotnfA,6HRgJMRmjaj2svP9GpRbUU5TPzLAHnBW3sHgYVbirWYE,0.000006,SOL,success
3LUs2qQbaBvdPtQbwdD3Dzc5DdegZ7AUY1GeW1ETVkEdJLpTzmiwMuPUqLXbUQjWS5NidJ9FCEZFXByDYuMpbGS4,2026-02-17T12:04:54.000Z,CY1GP2iTMAYtWDkYU8CUFSunmHwZPyux7emitAeotnfA,ARu4n5mFdZogZAravu7CcizaojWnS6oqka37gdLT5SZn,87350.196791723,TOKEN,success
3LUs2qQbaBvdPtQbwdD3Dzc5DdegZ7AUY1GeW1ETVkEdJLpTzmiwMuPUqLXbUQjWS5NidJ9FCEZFXByDYuMpbGS4,2026-02-17T12:04:54.000Z,ARu4n5mFdZogZAravu7CcizaojWnS6oqka37gdLT5SZn,Enfoa5Xdtirwa46xxa5LUVcQWe7EUb2pGzTjfvU7EBS1,24.305379,TOKEN,success
3LUs2qQbaBvdPtQbwdD3Dzc5DdegZ7AUY1GeW1ETVkEdJLpTzmiwMuPUqLXbUQjWS5NidJ9FCEZFXByDYuMpbGS4,2026-02-17T12:04:54.000Z,Enfoa5Xdtirwa46xxa5LUVcQWe7EUb2pGzTjfvU7EBS1,ARu4n5mFdZogZAravu7CcizaojWnS6oqka37gdLT5SZn,0.194710942,TOKEN,success
3LUs2qQbaBvdPtQbwdD3Dzc5DdegZ7AUY1GeW1ETVkEdJLpTzmiwMuPUqLXbUQjWS5NidJ9FCEZFXByDYuMpbGS4,2026-02-17T12:04:54.000Z,ARu4n5mFdZogZAravu7CcizaojWnS6oqka37gdLT5SZn,DJNtGuBGEQiUCWE8F981M2C3ZghZt2XLD8f2sQdZ6rsZ,0.194710942,TOKEN,success
3LUs2qQbaBvdPtQbwdD3Dzc5DdegZ7AUY1GeW1ETVkEdJLpTzmiwMuPUqLXbUQjWS5NidJ9FCEZFXByDYuMpbGS4,2026-02-17T12:04:54.000Z,DJNtGuBGEQiUCWE8F981M2C3ZghZt2XLD8f2sQdZ6rsZ,ARu4n5mFdZogZAravu7CcizaojWnS6oqka37gdLT5SZn,16.579077,TOKEN,success
3LUs2qQbaBvdPtQbwdD3Dzc5DdegZ7AUY1GeW1ETVkEdJLpTzmiwMuPUqLXbUQjWS5NidJ9FCEZFXByDYuMpbGS4,2026-02-17T12:04:54.000Z,ARu4n5mFdZogZAravu7CcizaojWnS6oqka37gdLT5SZn,9yj3zvLS3fDMqi1F8zhkaWfq8TZpZWHe6cz1Sgt7djXf,0.380822,TOKEN,success
3LUs2qQbaBvdPtQbwdD3Dzc5DdegZ7AUY1GeW1ETVkEdJLpTzmiwMuPUqLXbUQjWS5NidJ9FCEZFXByDYuMpbGS4,2026-02-17T12:04:54.000Z,ARu4n5mFdZogZAravu7CcizaojWnS6oqka37gdLT5SZn,CY1GP2iTMAYtWDkYU8CUFSunmHwZPyux7emitAeotnfA,44.421843,TOKEN,success
3LUs2qQbaBvdPtQbwdD3Dzc5DdegZ7AUY1GeW1ETVkEdJLpTzmiwMuPUqLXbUQjWS5NidJ9FCEZFXByDYuMpbGS4,2026-02-17T12:04:54.000Z,ARu4n5mFdZogZAravu7CcizaojWnS6oqka37gdLT5SZn,5Q544fKrFoe6tsEbD7S8EmxGTJYAKtTVhAW5Q5pge4j1,32319.572812937,TOKEN,success
3LUs2qQbaBvdPtQbwdD3Dzc5DdegZ7AUY1GeW1ETVkEdJLpTzmiwMuPUqLXbUQjWS5NidJ9FCEZFXByDYuMpbGS4,2026-02-17T12:04:54.000Z,5Q544fKrFoe6tsEbD7S8EmxGTJYAKtTVhAW5Q5pge4j1,ARu4n5mFdZogZAravu7CcizaojWnS6oqka37gdLT5SZn,24.305379,TOKEN,success
3LUs2qQbaBvdPtQbwdD3Dzc5DdegZ7AUY1GeW1ETVkEdJLpTzmiwMuPUqLXbUQjWS5NidJ9FCEZFXByDYuMpbGS4,2026-02-17T12:04:54.000Z,ARu4n5mFdZogZAravu7CcizaojWnS6oqka37gdLT5SZn,AB4rTE2JiKFhnfynUQCovbW75CUxT9LxcJX2SDTbY9gy,55030.623802193,TOKEN,success
3LUs2qQbaBvdPtQbwdD3Dzc5DdegZ7AUY1GeW1ETVkEdJLpTzmiwMuPUqLXbUQjWS5NidJ9FCEZFXByDYuMpbGS4,2026-02-17T12:04:54.000Z,AB4rTE2JiKFhnfynUQCovbW75CUxT9LxcJX2SDTbY9gy,ARu4n5mFdZogZAravu7CcizaojWnS6oqka37gdLT5SZn,28.223588,TOKEN,success
3LUs2qQbaBvdPtQbwdD3Dzc5DdegZ7AUY1GeW1ETVkEdJLpTzmiwMuPUqLXbUQjWS5NidJ9FCEZFXByDYuMpbGS4,2026-02-17T12:04:54.000Z,,2YM8LrJGRtsDcWeqsjX2EQwJfhArxyDdtDzgt7vrwwbV,0.013914,TOKEN,success
dWetWCFrkKUMNL7FyBruJfUHxAnsXsxURWvh64ruvCj7Gx7zVuWZK4eTsrvoniKsTLVnj3hNDLWbmK3zsP7SU1m,2026-02-17T12:03:05.000Z,9KHAL3haQwXF4xnHMYf1ppAi3RCB8rJWoUr3wfj3KnoD,J9pm7akNvEz2VkBaLECk5J8hSj3tnrMrPDLHq9zcHDuN,600916.445970538,TOKEN,success
QVkmaTWb9ZeezSn1HgPsJVpFy2Yjq98TTZF93hRspFvngPsTA39ZVcVn1WNYRw4YnJEAyQPw2MrCi5SoXWPoEA2,2026-02-17T12:02:46.000Z,9KHAL3haQwXF4xnHMYf1ppAi3RCB8rJWoUr3wfj3KnoD,HU23r7UoZbqTUuh3vA7emAGztFtqwTeVips789vqxxBw,258.239027,TOKEN,success
QVkmaTWb9ZeezSn1HgPsJVpFy2Yjq98TTZF93hRspFvngPsTA39ZVcVn1WNYRw4YnJEAyQPw2MrCi5SoXWPoEA2,2026-02-17T12:02:46.000Z,HU23r7UoZbqTUuh3vA7emAGztFtqwTeVips789vqxxBw,4QU2NpRaqmKMvPSwVKQDeW4V6JFEKJdkzbzdauumD9qN,123.334959,TOKEN,success
QVkmaTWb9ZeezSn1HgPsJVpFy2Yjq98TTZF93hRspFvngPsTA39ZVcVn1WNYRw4YnJEAyQPw2MrCi5SoXWPoEA2,2026-02-17T12:02:46.000Z,4QU2NpRaqmKMvPSwVKQDeW4V6JFEKJdkzbzdauumD9qN,HU23r7UoZbqTUuh3vA7emAGztFtqwTeVips789vqxxBw,1.448513187,TOKEN,success
QVkmaTWb9ZeezSn1HgPsJVpFy2Yjq98TTZF93hRspFvngPsTA39ZVcVn1WNYRw4YnJEAyQPw2MrCi5SoXWPoEA2,2026-02-17T12:02:46.000Z,HU23r7UoZbqTUuh3vA7emAGztFtqwTeVips789vqxxBw,2AXXcN6oN9bBT5owwmTH53C7QHUXvhLeu718Kqt8rvY2,1.448513187,TOKEN,success
QVkmaTWb9ZeezSn1HgPsJVpFy2Yjq98TTZF93hRspFvngPsTA39ZVcVn1WNYRw4YnJEAyQPw2MrCi5SoXWPoEA2,2026-02-17T12:02:46.000Z,2AXXcN6oN9bBT5owwmTH53C7QHUXvhLeu718Kqt8rvY2,HU23r7UoZbqTUuh3vA7emAGztFtqwTeVips789vqxxBw,180.665613,TOKEN,success
QVkmaTWb9ZeezSn1HgPsJVpFy2Yjq98TTZF93hRspFvngPsTA39ZVcVn1WNYRw4YnJEAyQPw2MrCi5SoXWPoEA2,2026-02-17T12:02:46.000Z,HU23r7UoZbqTUuh3vA7emAGztFtqwTeVips789vqxxBw,5Q544fKrFoe6tsEbD7S8EmxGTJYAKtTVhAW5Q5pge4j1,180.665613,TOKEN,success
QVkmaTWb9ZeezSn1HgPsJVpFy2Yjq98TTZF93hRspFvngPsTA39ZVcVn1WNYRw4YnJEAyQPw2MrCi5SoXWPoEA2,2026-02-17T12:02:46.000Z,5Q544fKrFoe6tsEbD7S8EmxGTJYAKtTVhAW5Q5pge4j1,HU23r7UoZbqTUuh3vA7emAGztFtqwTeVips789vqxxBw,240069.923919562,TOKEN,success
QVkmaTWb9ZeezSn1HgPsJVpFy2Yjq98TTZF93hRspFvngPsTA39ZVcVn1WNYRw4YnJEAyQPw2MrCi5SoXWPoEA2,2026-02-17T12:02:46.000Z,HU23r7UoZbqTUuh3vA7emAGztFtqwTeVips789vqxxBw,AB4rTE2JiKFhnfynUQCovbW75CUxT9LxcJX2SDTbY9gy,134.904068,TOKEN,success
QVkmaTWb9ZeezSn1HgPsJVpFy2Yjq98TTZF93hRspFvngPsTA39ZVcVn1WNYRw4YnJEAyQPw2MrCi5SoXWPoEA2,2026-02-17T12:02:46.000Z,AB4rTE2JiKFhnfynUQCovbW75CUxT9LxcJX2SDTbY9gy,HU23r7UoZbqTUuh3vA7emAGztFtqwTeVips789vqxxBw,261946.292687282,TOKEN,success
QVkmaTWb9ZeezSn1HgPsJVpFy2Yjq98TTZF93hRspFvngPsTA39ZVcVn1WNYRw4YnJEAyQPw2MrCi5SoXWPoEA2,2026-02-17T12:02:46.000Z,HU23r7UoZbqTUuh3vA7emAGztFtqwTeVips789vqxxBw,9KHAL3haQwXF4xnHMYf1ppAi3RCB8rJWoUr3wfj3KnoD,502016.216606844,TOKEN,success
QVkmaTWb9ZeezSn1HgPsJVpFy2Yjq98TTZF93hRspFvngPsTA39ZVcVn1WNYRw4YnJEAyQPw2MrCi5SoXWPoEA2,2026-02-17T12:02:46.000Z,,2YM8LrJGRtsDcWeqsjX2EQwJfhArxyDdtDzgt7vrwwbV,0.066307,TOKEN,success
tYUc8mmNqBkQXRDyPu48pAusQm8g4BDxWFoAjDbDAmAJUqopRCBKaJbuQEJYZ4Qjw64YqeHdKhRg6hGBLi2UkBA,2026-02-17T12:02:42.000Z,4MWFZV2PV4xbgF54Yx7mCdUgusDGbP2ZLSXd54k9iwQ8,81m8jgZCST4nSrsAmVPVPyEex3aJTrtGNxvmUH274JAW,1e-9,SOL,success
tYUc8mmNqBkQXRDyPu48pAusQm8g4BDxWFoAjDbDAmAJUqopRCBKaJbuQEJYZ4Qjw64YqeHdKhRg6hGBLi2UkBA,2026-02-17T12:02:42.000Z,4MWFZV2PV4xbgF54Yx7mCdUgusDGbP2ZLSXd54k9iwQ8,7xKXtg2CW87d97TXJSDpbD5jBkheTqA83TZRuJosgAsU,1e-9,SOL,success
tYUc8mmNqBkQXRDyPu48pAusQm8g4BDxWFoAjDbDAmAJUqopRCBKaJbuQEJYZ4Qjw64YqeHdKhRg6hGBLi2UkBA,2026-02-17T12:02:42.000Z,4MWFZV2PV4xbgF54Yx7mCdUgusDGbP2ZLSXd54k9iwQ8,6ALT9pay5XQcAXjmtaRbgQXJ88mixpsxVNNt9Qpq66jn,1e-9,SOL,success
tYUc8mmNqBkQXRDyPu48pAusQm8g4BDxWFoAjDbDAmAJUqopRCBKaJbuQEJYZ4Qjw64YqeHdKhRg6hGBLi2UkBA,2026-02-17T12:02:42.000Z,4MWFZV2PV4xbgF54Yx7mCdUgusDGbP2ZLSXd54k9iwQ8,EFE3j1pcSP1paUzA86zW7989ZjsFP2J7ginyUqo4ewqR,1e-9,SOL,success
2JgXRis7S21RDivUNbsEPE9eeGP2UKwk6Qr8ef2L4znvdp578ZrFyWG71KDL9KfSiMFcoxe8nkBiy1NwfPE99fQM,2026-02-17T12:01:19.000Z,6LY1JzAFVZsP2a2xKrtU6znQMQ5h4i7tocWdgrkZzkzF,EFE3j1pcSP1paUzA86zW7989ZjsFP2J7ginyUqo4ewqR,27943.188029,TOKEN,success
2EUdir8n9gYuAw9VSvSwknKTf5t3nW81bwm86M2XmiMDRUuvyiKF8vhsXy3QUZh1kNa4KLKyJzKzwfVyS3RPFRK4,2026-02-17T11:28:18.000Z,BGHKaN8qT6f6aRnNvy1SEWBzupuoTCidFVfp3NxZyH9X,CvZebBXLbSUjziAnnpFwCBX3VTxj6JBG28N3z4TTGRHT,0.582109607,SOL,success
2EUdir8n9gYuAw9VSvSwknKTf5t3nW81bwm86M2XmiMDRUuvyiKF8vhsXy3QUZh1kNa4KLKyJzKzwfVyS3RPFRK4,2026-02-17T11:28:18.000Z,BGHKaN8qT6f6aRnNvy1SEWBzupuoTCidFVfp3NxZyH9X,BYpBPSRkVSvutxHngtxnqeoTBrENZ8iM56Ywnsmy829w,0.0002,SOL,success
2EUdir8n9gYuAw9VSvSwknKTf5t3nW81bwm86M2XmiMDRUuvyiKF8vhsXy3QUZh1kNa4KLKyJzKzwfVyS3RPFRK4,2026-02-17T11:28:18.000Z,BGHKaN8qT6f6aRnNvy1SEWBzupuoTCidFVfp3NxZyH9X,8ckLnP69xhSeoNbZCUrbJZ8aYSR86QNjRVZdpHmFfigk,0.004990349,SOL,success
2EUdir8n9gYuAw9VSvSwknKTf5t3nW81bwm86M2XmiMDRUuvyiKF8vhsXy3QUZh1kNa4KLKyJzKzwfVyS3RPFRK4,2026-02-17T11:28:18.000Z,BGHKaN8qT6f6aRnNvy1SEWBzupuoTCidFVfp3NxZyH9X,ARu4n5mFdZogZAravu7CcizaojWnS6oqka37gdLT5SZn,0.582109607,TOKEN,success
2EUdir8n9gYuAw9VSvSwknKTf5t3nW81bwm86M2XmiMDRUuvyiKF8vhsXy3QUZh1kNa4KLKyJzKzwfVyS3RPFRK4,2026-02-17T11:28:18.000Z,ARu4n5mFdZogZAravu7CcizaojWnS6oqka37gdLT5SZn,2AXXcN6oN9bBT5owwmTH53C7QHUXvhLeu718Kqt8rvY2,0.582109607,TOKEN,success
2EUdir8n9gYuAw9VSvSwknKTf5t3nW81bwm86M2XmiMDRUuvyiKF8vhsXy3QUZh1kNa4KLKyJzKzwfVyS3RPFRK4,2026-02-17T11:28:18.000Z,2AXXcN6oN9bBT5owwmTH53C7QHUXvhLeu718Kqt8rvY2,ARu4n5mFdZogZAravu7CcizaojWnS6oqka37gdLT5SZn,72.282899,TOKEN,success
2EUdir8n9gYuAw9VSvSwknKTf5t3nW81bwm86M2XmiMDRUuvyiKF8vhsXy3QUZh1kNa4KLKyJzKzwfVyS3RPFRK4,2026-02-17T11:28:18.000Z,ARu4n5mFdZogZAravu7CcizaojWnS6oqka37gdLT5SZn,BGHKaN8qT6f6aRnNvy1SEWBzupuoTCidFVfp3NxZyH9X,96867.557394674,TOKEN,success
2EUdir8n9gYuAw9VSvSwknKTf5t3nW81bwm86M2XmiMDRUuvyiKF8vhsXy3QUZh1kNa4KLKyJzKzwfVyS3RPFRK4,2026-02-17T11:28:18.000Z,ARu4n5mFdZogZAravu7CcizaojWnS6oqka37gdLT5SZn,5Q544fKrFoe6tsEbD7S8EmxGTJYAKtTVhAW5Q5pge4j1,72.282899,TOKEN,success
2EUdir8n9gYuAw9VSvSwknKTf5t3nW81bwm86M2XmiMDRUuvyiKF8vhsXy3QUZh1kNa4KLKyJzKzwfVyS3RPFRK4,2026-02-17T11:28:18.000Z,5Q544fKrFoe6tsEbD7S8EmxGTJYAKtTVhAW5Q5pge4j1,ARu4n5mFdZogZAravu7CcizaojWnS6oqka37gdLT5SZn,96867.557394674,TOKEN,success
2Pk5Mf8ohNk7WK99cFBJoZEgkVgjJrKtVC8o2EXq1haXSxykr9jgwpgQGLbru7HsH5NdZ5FSVY1P2HEZzE7nP7Li,2026-02-17T11:28:17.000Z,HydraXoSz7oE3774DoWQQaofKb31Kbn2cbcqG4ShKy85,2AXXcN6oN9bBT5owwmTH53C7QHUXvhLeu718Kqt8rvY2,0.430840424,TOKEN,success
2Pk5Mf8ohNk7WK99cFBJoZEgkVgjJrKtVC8o2EXq1haXSxykr9jgwpgQGLbru7HsH5NdZ5FSVY1P2HEZzE7nP7Li,2026-02-17T11:28:17.000Z,2AXXcN6oN9bBT5owwmTH53C7QHUXvhLeu718Kqt8rvY2,HydraXoSz7oE3774DoWQQaofKb31Kbn2cbcqG4ShKy85,53.4744,TOKEN,success
2Pk5Mf8ohNk7WK99cFBJoZEgkVgjJrKtVC8o2EXq1haXSxykr9jgwpgQGLbru7HsH5NdZ5FSVY1P2HEZzE7nP7Li,2026-02-17T11:28:17.000Z,HydraXoSz7oE3774DoWQQaofKb31Kbn2cbcqG4ShKy85,4nAiqm5QiZiwh1sMpmuJJdVUH12Fst2kPPzApNfppQGd,71958.5849378,TOKEN,success
2Pk5Mf8ohNk7WK99cFBJoZEgkVgjJrKtVC8o2EXq1haXSxykr9jgwpgQGLbru7HsH5NdZ5FSVY1P2HEZzE7nP7Li,2026-02-17T11:28:17.000Z,4nAiqm5QiZiwh1sMpmuJJdVUH12Fst2kPPzApNfppQGd,HydraXoSz7oE3774DoWQQaofKb31Kbn2cbcqG4ShKy85,0.431603804,TOKEN,success
2Pk5Mf8ohNk7WK99cFBJoZEgkVgjJrKtVC8o2EXq1haXSxykr9jgwpgQGLbru7HsH5NdZ5FSVY1P2HEZzE7nP7Li,2026-02-17T11:28:17.000Z,HydraXoSz7oE3774DoWQQaofKb31Kbn2cbcqG4ShKy85,5Q544fKrFoe6tsEbD7S8EmxGTJYAKtTVhAW5Q5pge4j1,53.4744,TOKEN,success
2Pk5Mf8ohNk7WK99cFBJoZEgkVgjJrKtVC8o2EXq1haXSxykr9jgwpgQGLbru7HsH5NdZ5FSVY1P2HEZzE7nP7Li,2026-02-17T11:28:17.000Z,5Q544fKrFoe6tsEbD7S8EmxGTJYAKtTVhAW5Q5pge4j1,HydraXoSz7oE3774DoWQQaofKb31Kbn2cbcqG4ShKy85,71958.5849378,TOKEN,success
42WYNgLVZmkPhWfUR4rgba5g3Mmhmx4f9J5PLXWTFVYmDCTE57xQFLwZc72YUfG8YzqBuvhzR628mUL47DuKTbRY,2026-02-17T11:28:17.000Z,UUAhspPgUdGuXUnokmxERH1VvNGNh1ouN3mfcbfV8yd,2AXXcN6oN9bBT5owwmTH53C7QHUXvhLeu718Kqt8rvY2,0.065803526,TOKEN,success
42WYNgLVZmkPhWfUR4rgba5g3Mmhmx4f9J5PLXWTFVYmDCTE57xQFLwZc72YUfG8YzqBuvhzR628mUL47DuKTbRY,2026-02-17T11:28:17.000Z,2AXXcN6oN9bBT5owwmTH53C7QHUXvhLeu718Kqt8rvY2,UUAhspPgUdGuXUnokmxERH1VvNGNh1ouN3mfcbfV8yd,8.171255,TOKEN,success
42WYNgLVZmkPhWfUR4rgba5g3Mmhmx4f9J5PLXWTFVYmDCTE57xQFLwZc72YUfG8YzqBuvhzR628mUL47DuKTbRY,2026-02-17T11:28:17.000Z,UUAhspPgUdGuXUnokmxERH1VvNGNh1ouN3mfcbfV8yd,5Q544fKrFoe6tsEbD7S8EmxGTJYAKtTVhAW5Q5pge4j1,8.171255,TOKEN,success
42WYNgLVZmkPhWfUR4rgba5g3Mmhmx4f9J5PLXWTFVYmDCTE57xQFLwZc72YUfG8YzqBuvhzR628mUL47DuKTbRY,2026-02-17T11:28:17.000Z,5Q544fKrFoe6tsEbD7S8EmxGTJYAKtTVhAW5Q5pge4j1,UUAhspPgUdGuXUnokmxERH1VvNGNh1ouN3mfcbfV8yd,11015.882816374,TOKEN,success
42WYNgLVZmkPhWfUR4rgba5g3Mmhmx4f9J5PLXWTFVYmDCTE57xQFLwZc72YUfG8YzqBuvhzR628mUL47DuKTbRY,2026-02-17T11:28:17.000Z,UUAhspPgUdGuXUnokmxERH1VvNGNh1ouN3mfcbfV8yd,3uZcofBKVBYFrQ7jVjTFLEMWAQiZcih4AES5tKBqdo7m,11015.882796701,TOKEN,success
42WYNgLVZmkPhWfUR4rgba5g3Mmhmx4f9J5PLXWTFVYmDCTE57xQFLwZc72YUfG8YzqBuvhzR628mUL47DuKTbRY,2026-02-17T11:28:17.000Z,3uZcofBKVBYFrQ7jVjTFLEMWAQiZcih4AES5tKBqdo7m,UUAhspPgUdGuXUnokmxERH1VvNGNh1ouN3mfcbfV8yd,0.066189613,TOKEN,success
42WYNgLVZmkPhWfUR4rgba5g3Mmhmx4f9J5PLXWTFVYmDCTE57xQFLwZc72YUfG8YzqBuvhzR628mUL47DuKTbRY,2026-02-17T11:28:17.000Z,,2YM8LrJGRtsDcWeqsjX2EQwJfhArxyDdtDzgt7vrwwbV,0.002193,TOKEN,success
VAq6RFYaNejUBugyhTFo4TELsyT52v1xrhbej2NBLm73xS9ua58zvMpeqPh7GW9kYkRoVkXH11pVjzoyxnYMcKY,2026-02-17T11:28:17.000Z,En3NPq8o9Cynf1Q3eP69AqZmPKmBaDugYnE832o2YuzP,4vieeGHPYPG2MmyPRcYjdiDmmhN3ww7hsFNap8pVN3Ey,0.000005,SOL,success
VAq6RFYaNejUBugyhTFo4TELsyT52v1xrhbej2NBLm73xS9ua58zvMpeqPh7GW9kYkRoVkXH11pVjzoyxnYMcKY,2026-02-17T11:28:17.000Z,En3NPq8o9Cynf1Q3eP69AqZmPKmBaDugYnE832o2YuzP,9vqYJjDUFecLL2xPUC4Rc7hyCtZ6iJ4mDiVZX7aFXoAe,2934.193508671,TOKEN,success
VAq6RFYaNejUBugyhTFo4TELsyT52v1xrhbej2NBLm73xS9ua58zvMpeqPh7GW9kYkRoVkXH11pVjzoyxnYMcKY,2026-02-17T11:28:17.000Z,9vqYJjDUFecLL2xPUC4Rc7hyCtZ6iJ4mDiVZX7aFXoAe,En3NPq8o9Cynf1Q3eP69AqZmPKmBaDugYnE832o2YuzP,1.501615,TOKEN,success
VAq6RFYaNejUBugyhTFo4TELsyT52v1xrhbej2NBLm73xS9ua58zvMpeqPh7GW9kYkRoVkXH11pVjzoyxnYMcKY,2026-02-17T11:28:17.000Z,En3NPq8o9Cynf1Q3eP69AqZmPKmBaDugYnE832o2YuzP,5Q544fKrFoe6tsEbD7S8EmxGTJYAKtTVhAW5Q5pge4j1,1.5,TOKEN,success
VAq6RFYaNejUBugyhTFo4TELsyT52v1xrhbej2NBLm73xS9ua58zvMpeqPh7GW9kYkRoVkXH11pVjzoyxnYMcKY,2026-02-17T11:28:17.000Z,5Q544fKrFoe6tsEbD7S8EmxGTJYAKtTVhAW5Q5pge4j1,En3NPq8o9Cynf1Q3eP69AqZmPKmBaDugYnE832o2YuzP,2.177123,TOKEN,success
VAq6RFYaNejUBugyhTFo4TELsyT52v1xrhbej2NBLm73xS9ua58zvMpeqPh7GW9kYkRoVkXH11pVjzoyxnYMcKY,2026-02-17T11:28:17.000Z,En3NPq8o9Cynf1Q3eP69AqZmPKmBaDugYnE832o2YuzP,5Q544fKrFoe6tsEbD7S8EmxGTJYAKtTVhAW5Q5pge4j1,2.177123,TOKEN,success
VAq6RFYaNejUBugyhTFo4TELsyT52v1xrhbej2NBLm73xS9ua58zvMpeqPh7GW9kYkRoVkXH11pVjzoyxnYMcKY,2026-02-17T11:28:17.000Z,5Q544fKrFoe6tsEbD7S8EmxGTJYAKtTVhAW5Q5pge4j1,En3NPq8o9Cynf1Q3eP69AqZmPKmBaDugYnE832o2YuzP,2934.193508671,TOKEN,success
5mNgzaQEG25CXd9Hv5ezdfSu7R3a38mjzdnE86PHKcj1kQMYUt1UGgxC7fsj1qNAGacPKLqE2v84yXDf3xtNuFTQ,2026-02-17T11:28:14.000Z,SUPErMoycPz71hmZXr78P7cXFYQhdpV39Roeoe2DxUC,astraEJ2fEj8Xmy6KLG7B3VfbKfsHXhHrNdCQx7iGJK,0.000031228,SOL,success
5mNgzaQEG25CXd9Hv5ezdfSu7R3a38mjzdnE86PHKcj1kQMYUt1UGgxC7fsj1qNAGacPKLqE2v84yXDf3xtNuFTQ,2026-02-17T11:28:14.000Z,SUPErMoycPz71hmZXr78P7cXFYQhdpV39Roeoe2DxUC,2AXXcN6oN9bBT5owwmTH53C7QHUXvhLeu718Kqt8rvY2,0.204636403,TOKEN,success
5mNgzaQEG25CXd9Hv5ezdfSu7R3a38mjzdnE86PHKcj1kQMYUt1UGgxC7fsj1qNAGacPKLqE2v84yXDf3xtNuFTQ,2026-02-17T11:28:14.000Z,2AXXcN6oN9bBT5owwmTH53C7QHUXvhLeu718Kqt8rvY2,SUPErMoycPz71hmZXr78P7cXFYQhdpV39Roeoe2DxUC,25.230784,TOKEN,success
5mNgzaQEG25CXd9Hv5ezdfSu7R3a38mjzdnE86PHKcj1kQMYUt1UGgxC7fsj1qNAGacPKLqE2v84yXDf3xtNuFTQ,2026-02-17T11:28:14.000Z,SUPErMoycPz71hmZXr78P7cXFYQhdpV39Roeoe2DxUC,4nAiqm5QiZiwh1sMpmuJJdVUH12Fst2kPPzApNfppQGd,34074.097708466,TOKEN,success
5mNgzaQEG25CXd9Hv5ezdfSu7R3a38mjzdnE86PHKcj1kQMYUt1UGgxC7fsj1qNAGacPKLqE2v84yXDf3xtNuFTQ,2026-02-17T11:28:14.000Z,4nAiqm5QiZiwh1sMpmuJJdVUH12Fst2kPPzApNfppQGd,SUPErMoycPz71hmZXr78P7cXFYQhdpV39Roeoe2DxUC,0.20474049,TOKEN,success
5mNgzaQEG25CXd9Hv5ezdfSu7R3a38mjzdnE86PHKcj1kQMYUt1UGgxC7fsj1qNAGacPKLqE2v84yXDf3xtNuFTQ,2026-02-17T11:28:14.000Z,SUPErMoycPz71hmZXr78P7cXFYQhdpV39Roeoe2DxUC,5Q544fKrFoe6tsEbD7S8EmxGTJYAKtTVhAW5Q5pge4j1,25.230784,TOKEN,success
5mNgzaQEG25CXd9Hv5ezdfSu7R3a38mjzdnE86PHKcj1kQMYUt1UGgxC7fsj1qNAGacPKLqE2v84yXDf3xtNuFTQ,2026-02-17T11:28:14.000Z,5Q544fKrFoe6tsEbD7S8EmxGTJYAKtTVhAW5Q5pge4j1,SUPErMoycPz71hmZXr78P7cXFYQhdpV39Roeoe2DxUC,34074.097708466,TOKEN,success
JWdqKyBgA5eEfVtzZ59dMd2zARpp8v5r7veAgLsEJEbx7oTfu8YYfDsEKj6Tp8f6U6R4uWPFh6E5Qdnsg7CD8zJ,2026-02-17T11:28:08.000Z,HydraXoSz7oE3774DoWQQaofKb31Kbn2cbcqG4ShKy85,3U8NeCADPzG84G15VGiHeAUaiyrWa6vChpNCR1kmUzdA,0.00100992,SOL,success
JWdqKyBgA5eEfVtzZ59dMd2zARpp8v5r7veAgLsEJEbx7oTfu8YYfDsEKj6Tp8f6U6R4uWPFh6E5Qdnsg7CD8zJ,2026-02-17T11:28:08.000Z,HydraXoSz7oE3774DoWQQaofKb31Kbn2cbcqG4ShKy85,2AXXcN6oN9bBT5owwmTH53C7QHUXvhLeu718Kqt8rvY2,0.053879274,TOKEN,success
JWdqKyBgA5eEfVtzZ59dMd2zARpp8v5r7veAgLsEJEbx7oTfu8YYfDsEKj6Tp8f6U6R4uWPFh6E5Qdnsg7CD8zJ,2026-02-17T11:28:08.000Z,2AXXcN6oN9bBT5owwmTH53C7QHUXvhLeu718Kqt8rvY2,HydraXoSz7oE3774DoWQQaofKb31Kbn2cbcqG4ShKy85,6.631084,TOKEN,success
JWdqKyBgA5eEfVtzZ59dMd2zARpp8v5r7veAgLsEJEbx7oTfu8YYfDsEKj6Tp8f6U6R4uWPFh6E5Qdnsg7CD8zJ,2026-02-17T11:28:08.000Z,HydraXoSz7oE3774DoWQQaofKb31Kbn2cbcqG4ShKy85,4nAiqm5QiZiwh1sMpmuJJdVUH12Fst2kPPzApNfppQGd,8963.179584028,TOKEN,success
JWdqKyBgA5eEfVtzZ59dMd2zARpp8v5r7veAgLsEJEbx7oTfu8YYfDsEKj6Tp8f6U6R4uWPFh6E5Qdnsg7CD8zJ,2026-02-17T11:28:08.000Z,4nAiqm5QiZiwh1sMpmuJJdVUH12Fst2kPPzApNfppQGd,HydraXoSz7oE3774DoWQQaofKb31Kbn2cbcqG4ShKy85,0.053896051,TOKEN,success
JWdqKyBgA5eEfVtzZ59dMd2zARpp8v5r7veAgLsEJEbx7oTfu8YYfDsEKj6Tp8f6U6R4uWPFh6E5Qdnsg7CD8zJ,2026-02-17T11:28:08.000Z,HydraXoSz7oE3774DoWQQaofKb31Kbn2cbcqG4ShKy85,5Q544fKrFoe6tsEbD7S8EmxGTJYAKtTVhAW5Q5pge4j1,6.631084,TOKEN,success
JWdqKyBgA5eEfVtzZ59dMd2zARpp8v5r7veAgLsEJEbx7oTfu8YYfDsEKj6Tp8f6U6R4uWPFh6E5Qdnsg7CD8zJ,2026-02-17T11:28:08.000Z,5Q544fKrFoe6tsEbD7S8EmxGTJYAKtTVhAW5Q5pge4j1,HydraXoSz7oE3774DoWQQaofKb31Kbn2cbcqG4ShKy85,8963.179584028,TOKEN,success
3NZ9CQTJEHbyb4359N2dw3rU1aR5GXMQdAd3Z1LWzvTmevyPdzv1yFfU6uU6mxcRNzoLcfb5bgQ5zrXC5HR3L7K9,2026-02-17T11:28:05.000Z,moat5sFf2DwfL53x8WP8vZCMf5jP6W9k37G9Ex32nXH,HFqU5x63VTqvQss8hp11i4wVV8bD44PvwucfZ2bU7gRe,0.000035083,SOL,success
3NZ9CQTJEHbyb4359N2dw3rU1aR5GXMQdAd3Z1LWzvTmevyPdzv1yFfU6uU6mxcRNzoLcfb5bgQ5zrXC5HR3L7K9,2026-02-17T11:28:05.000Z,moat5sFf2DwfL53x8WP8vZCMf5jP6W9k37G9Ex32nXH,2AXXcN6oN9bBT5owwmTH53C7QHUXvhLeu718Kqt8rvY2,0.106775984,TOKEN,success
3NZ9CQTJEHbyb4359N2dw3rU1aR5GXMQdAd3Z1LWzvTmevyPdzv1yFfU6uU6mxcRNzoLcfb5bgQ5zrXC5HR3L7K9,2026-02-17T11:28:05.000Z,2AXXcN6oN9bBT5owwmTH53C7QHUXvhLeu718Kqt8rvY2,moat5sFf2DwfL53x8WP8vZCMf5jP6W9k37G9Ex32nXH,13.132268,TOKEN,success
3NZ9CQTJEHbyb4359N2dw3rU1aR5GXMQdAd3Z1LWzvTmevyPdzv1yFfU6uU6mxcRNzoLcfb5bgQ5zrXC5HR3L7K9,2026-02-17T11:28:05.000Z,moat5sFf2DwfL53x8WP8vZCMf5jP6W9k37G9Ex32nXH,4nAiqm5QiZiwh1sMpmuJJdVUH12Fst2kPPzApNfppQGd,17760.528365068,TOKEN,success
3NZ9CQTJEHbyb4359N2dw3rU1aR5GXMQdAd3Z1LWzvTmevyPdzv1yFfU6uU6mxcRNzoLcfb5bgQ5zrXC5HR3L7K9,2026-02-17T11:28:05.000Z,4nAiqm5QiZiwh1sMpmuJJdVUH12Fst2kPPzApNfppQGd,moat5sFf2DwfL53x8WP8vZCMf5jP6W9k37G9Ex32nXH,0.106843157,TOKEN,success
3NZ9CQTJEHbyb4359N2dw3rU1aR5GXMQdAd3Z1LWzvTmevyPdzv1yFfU6uU6mxcRNzoLcfb5bgQ5zrXC5HR3L7K9,2026-02-17T11:28:05.000Z,moat5sFf2DwfL53x8WP8vZCMf5jP6W9k37G9Ex32nXH,5Q544fKrFoe6tsEbD7S8EmxGTJYAKtTVhAW5Q5pge4j1,13.132268,TOKEN,success
3NZ9CQTJEHbyb4359N2dw3rU1aR5GXMQdAd3Z1LWzvTmevyPdzv1yFfU6uU6mxcRNzoLcfb5bgQ5zrXC5HR3L7K9,2026-02-17T11:28:05.000Z,5Q544fKrFoe6tsEbD7S8EmxGTJYAKtTVhAW5Q5pge4j1,moat5sFf2DwfL53x8WP8vZCMf5jP6W9k37G9Ex32nXH,17760.528365068,TOKEN,success
3sHTEzZBa7jAwutkghTFSzCEaGPoHLZGQF7MAgcs9yadDQwWmpuHbMHdtpJJN8JRdmtHJFdM8Pb7MnX9B9ixR4Hp,2026-02-17T11:27:59.000Z,GxDC9e7SP9mzhDo4re5HbpLa2RW7gB9DtmThx4i4pXSq,BzkvmxP8udUmvySCnPUkgrwEYzKtU5RxdzHKQuWTL9vb,0.000908887,SOL,success
3sHTEzZBa7jAwutkghTFSzCEaGPoHLZGQF7MAgcs9yadDQwWmpuHbMHdtpJJN8JRdmtHJFdM8Pb7MnX9B9ixR4Hp,2026-02-17T11:27:59.000Z,GxDC9e7SP9mzhDo4re5HbpLa2RW7gB9DtmThx4i4pXSq,F1ME9U5YhjfgMhVWvTiAMoo9w9zdiXXCX8aksQwrMjEX,0.00203928,SOL,success
3sHTEzZBa7jAwutkghTFSzCEaGPoHLZGQF7MAgcs9yadDQwWmpuHbMHdtpJJN8JRdmtHJFdM8Pb7MnX9B9ixR4Hp,2026-02-17T11:27:59.000Z,GxDC9e7SP9mzhDo4re5HbpLa2RW7gB9DtmThx4i4pXSq,9XkkP5yUqDLJ6Znbaxw2Ha2HpftGS4Wssq2tcewd82sZ,0.00203928,SOL,success
3sHTEzZBa7jAwutkghTFSzCEaGPoHLZGQF7MAgcs9yadDQwWmpuHbMHdtpJJN8JRdmtHJFdM8Pb7MnX9B9ixR4Hp,2026-02-17T11:27:59.000Z,56DGzpEheYiDEwPiKjh8QYEKnDdreJruP4waeMLq12Jx,GxDC9e7SP9mzhDo4re5HbpLa2RW7gB9DtmThx4i4pXSq,0.000023007,SOL,success
3sHTEzZBa7jAwutkghTFSzCEaGPoHLZGQF7MAgcs9yadDQwWmpuHbMHdtpJJN8JRdmtHJFdM8Pb7MnX9B9ixR4Hp,2026-02-17T11:27:59.000Z,F1ME9U5YhjfgMhVWvTiAMoo9w9zdiXXCX8aksQwrMjEX,GxDC9e7SP9mzhDo4re5HbpLa2RW7gB9DtmThx4i4pXSq,0.00203928,SOL,success
3sHTEzZBa7jAwutkghTFSzCEaGPoHLZGQF7MAgcs9yadDQwWmpuHbMHdtpJJN8JRdmtHJFdM8Pb7MnX9B9ixR4Hp,2026-02-17T11:27:59.000Z,9XkkP5yUqDLJ6Znbaxw2Ha2HpftGS4Wssq2tcewd82sZ,GxDC9e7SP9mzhDo4re5HbpLa2RW7gB9DtmThx4i4pXSq,0.00203928,SOL,success
3sHTEzZBa7jAwutkghTFSzCEaGPoHLZGQF7MAgcs9yadDQwWmpuHbMHdtpJJN8JRdmtHJFdM8Pb7MnX9B9ixR4Hp,2026-02-17T11:27:59.000Z,GxDC9e7SP9mzhDo4re5HbpLa2RW7gB9DtmThx4i4pXSq,4nAiqm5QiZiwh1sMpmuJJdVUH12Fst2kPPzApNfppQGd,12183.570361596,TOKEN,success
3sHTEzZBa7jAwutkghTFSzCEaGPoHLZGQF7MAgcs9yadDQwWmpuHbMHdtpJJN8JRdmtHJFdM8Pb7MnX9B9ixR4Hp,2026-02-17T11:27:59.000Z,4nAiqm5QiZiwh1sMpmuJJdVUH12Fst2kPPzApNfppQGd,GxDC9e7SP9mzhDo4re5HbpLa2RW7gB9DtmThx4i4pXSq,0.073330567,TOKEN,success
3sHTEzZBa7jAwutkghTFSzCEaGPoHLZGQF7MAgcs9yadDQwWmpuHbMHdtpJJN8JRdmtHJFdM8Pb7MnX9B9ixR4Hp,2026-02-17T11:27:59.000Z,GxDC9e7SP9mzhDo4re5HbpLa2RW7gB9DtmThx4i4pXSq,GxDC9e7SP9mzhDo4re5HbpLa2RW7gB9DtmThx4i4pXSq,0.000023007,TOKEN,success
3sHTEzZBa7jAwutkghTFSzCEaGPoHLZGQF7MAgcs9yadDQwWmpuHbMHdtpJJN8JRdmtHJFdM8Pb7MnX9B9ixR4Hp,2026-02-17T11:27:59.000Z,GxDC9e7SP9mzhDo4re5HbpLa2RW7gB9DtmThx4i4pXSq,2AXXcN6oN9bBT5owwmTH53C7QHUXvhLeu718Kqt8rvY2,0.073294674,TOKEN,success
3sHTEzZBa7jAwutkghTFSzCEaGPoHLZGQF7MAgcs9yadDQwWmpuHbMHdtpJJN8JRdmtHJFdM8Pb7MnX9B9ixR4Hp,2026-02-17T11:27:59.000Z,2AXXcN6oN9bBT5owwmTH53C7QHUXvhLeu718Kqt8rvY2,GxDC9e7SP9mzhDo4re5HbpLa2RW7gB9DtmThx4i4pXSq,8.998184,TOKEN,success
3sHTEzZBa7jAwutkghTFSzCEaGPoHLZGQF7MAgcs9yadDQwWmpuHbMHdtpJJN8JRdmtHJFdM8Pb7MnX9B9ixR4Hp,2026-02-17T11:27:59.000Z,GxDC9e7SP9mzhDo4re5HbpLa2RW7gB9DtmThx4i4pXSq,5Q544fKrFoe6tsEbD7S8EmxGTJYAKtTVhAW5Q5pge4j1,8.998184,TOKEN,success
3sHTEzZBa7jAwutkghTFSzCEaGPoHLZGQF7MAgcs9yadDQwWmpuHbMHdtpJJN8JRdmtHJFdM8Pb7MnX9B9ixR4Hp,2026-02-17T11:27:59.000Z,5Q544fKrFoe6tsEbD7S8EmxGTJYAKtTVhAW5Q5pge4j1,GxDC9e7SP9mzhDo4re5HbpLa2RW7gB9DtmThx4i4pXSq,12183.570361596,TOKEN,success
3AyNprctAYQqAgWpQuwKTj1HVj7tfuYXooXBB3hsV1RPX2vskhsUqMVqg8b3VqtVfw11VjpfWGFpdFs1PrL83KRp,2026-02-17T11:22:42.000Z,3nMNd89AxwHUa1AFvQGqohRkxFEQsTsgiEyEyqXFHyyH,5cqenZfyx7b9VC6L3qGWfRhFvhJ6562y3gQyesCYhA7W,0.001006,SOL,success
3AyNprctAYQqAgWpQuwKTj1HVj7tfuYXooXBB3hsV1RPX2vskhsUqMVqg8b3VqtVfw11VjpfWGFpdFs1PrL83KRp,2026-02-17T11:22:42.000Z,3nMNd89AxwHUa1AFvQGqohRkxFEQsTsgiEyEyqXFHyyH,2AXXcN6oN9bBT5owwmTH53C7QHUXvhLeu718Kqt8rvY2,0.007566051,TOKEN,success
3AyNprctAYQqAgWpQuwKTj1HVj7tfuYXooXBB3hsV1RPX2vskhsUqMVqg8b3VqtVfw11VjpfWGFpdFs1PrL83KRp,2026-02-17T11:22:42.000Z,2AXXcN6oN9bBT5owwmTH53C7QHUXvhLeu718Kqt8rvY2,3nMNd89AxwHUa1AFvQGqohRkxFEQsTsgiEyEyqXFHyyH,0.924333,TOKEN,success
3AyNprctAYQqAgWpQuwKTj1HVj7tfuYXooXBB3hsV1RPX2vskhsUqMVqg8b3VqtVfw11VjpfWGFpdFs1PrL83KRp,2026-02-17T11:22:42.000Z,3nMNd89AxwHUa1AFvQGqohRkxFEQsTsgiEyEyqXFHyyH,5vsG9P1N5XmtYNHorhDXPbrBD4GG6YuuvvaA19KftHM5,1255.402926546,TOKEN,success
3AyNprctAYQqAgWpQuwKTj1HVj7tfuYXooXBB3hsV1RPX2vskhsUqMVqg8b3VqtVfw11VjpfWGFpdFs1PrL83KRp,2026-02-17T11:22:42.000Z,5vsG9P1N5XmtYNHorhDXPbrBD4GG6YuuvvaA19KftHM5,3nMNd89AxwHUa1AFvQGqohRkxFEQsTsgiEyEyqXFHyyH,99026.38549,TOKEN,success
3AyNprctAYQqAgWpQuwKTj1HVj7tfuYXooXBB3hsV1RPX2vskhsUqMVqg8b3VqtVfw11VjpfWGFpdFs1PrL83KRp,2026-02-17T11:22:42.000Z,3nMNd89AxwHUa1AFvQGqohRkxFEQsTsgiEyEyqXFHyyH,5zpyutJu9ee6jFymDGoK7F6S5Kczqtc9FomP3ueKuyA9,99026.38549,TOKEN,success
3AyNprctAYQqAgWpQuwKTj1HVj7tfuYXooXBB3hsV1RPX2vskhsUqMVqg8b3VqtVfw11VjpfWGFpdFs1PrL83KRp,2026-02-17T11:22:42.000Z,5zpyutJu9ee6jFymDGoK7F6S5Kczqtc9FomP3ueKuyA9,3nMNd89AxwHUa1AFvQGqohRkxFEQsTsgiEyEyqXFHyyH,0.007579793,TOKEN,success
3AyNprctAYQqAgWpQuwKTj1HVj7tfuYXooXBB3hsV1RPX2vskhsUqMVqg8b3VqtVfw11VjpfWGFpdFs1PrL83KRp,2026-02-17T11:22:42.000Z,3nMNd89AxwHUa1AFvQGqohRkxFEQsTsgiEyEyqXFHyyH,5Q544fKrFoe6tsEbD7S8EmxGTJYAKtTVhAW5Q5pge4j1,0.924333,TOKEN,success
3AyNprctAYQqAgWpQuwKTj1HVj7tfuYXooXBB3hsV1RPX2vskhsUqMVqg8b3VqtVfw11VjpfWGFpdFs1PrL83KRp,2026-02-17T11:22:42.000Z,5Q544fKrFoe6tsEbD7S8EmxGTJYAKtTVhAW5Q5pge4j1,3nMNd89AxwHUa1AFvQGqohRkxFEQsTsgiEyEyqXFHyyH,1255.402926546,TOKEN,success
23m6pMM6grLZwSU6pcBnZkVwSBXUZUMtEJmmQGAusbTi6UjgEkWXt8hsBbmRp8TVB6zr2J8aXCbDHddeeyXuTDHm,2026-02-17T11:22:06.000Z,7bBp5pLeQx5iHEfZCD2zZPMSg1hzV9fprA46cEi6Jp8Z,AVedewo4W5E5C9vtjFeAe13DGq6L5WNN2Kk3yuWZGNUN,0.01,TOKEN,success
23m6pMM6grLZwSU6pcBnZkVwSBXUZUMtEJmmQGAusbTi6UjgEkWXt8hsBbmRp8TVB6zr2J8aXCbDHddeeyXuTDHm,2026-02-17T11:22:06.000Z,D5YqVMoSxnqeZAKAUUE1Dm3bmjtdxQ5DCF356ozqN9cM,2AXXcN6oN9bBT5owwmTH53C7QHUXvhLeu718Kqt8rvY2,0.01,TOKEN,success
23m6pMM6grLZwSU6pcBnZkVwSBXUZUMtEJmmQGAusbTi6UjgEkWXt8hsBbmRp8TVB6zr2J8aXCbDHddeeyXuTDHm,2026-02-17T11:22:06.000Z,2AXXcN6oN9bBT5owwmTH53C7QHUXvhLeu718Kqt8rvY2,D5YqVMoSxnqeZAKAUUE1Dm3bmjtdxQ5DCF356ozqN9cM,1.220482,TOKEN,success
23m6pMM6grLZwSU6pcBnZkVwSBXUZUMtEJmmQGAusbTi6UjgEkWXt8hsBbmRp8TVB6zr2J8aXCbDHddeeyXuTDHm,2026-02-17T11:22:06.000Z,D5YqVMoSxnqeZAKAUUE1Dm3bmjtdxQ5DCF356ozqN9cM,9vqYJjDUFecLL2xPUC4Rc7hyCtZ6iJ4mDiVZX7aFXoAe,1658.214324582,TOKEN,success
23m6pMM6grLZwSU6pcBnZkVwSBXUZUMtEJmmQGAusbTi6UjgEkWXt8hsBbmRp8TVB6zr2J8aXCbDHddeeyXuTDHm,2026-02-17T11:22:06.000Z,9vqYJjDUFecLL2xPUC4Rc7hyCtZ6iJ4mDiVZX7aFXoAe,D5YqVMoSxnqeZAKAUUE1Dm3bmjtdxQ5DCF356ozqN9cM,0.85079,TOKEN,success
23m6pMM6grLZwSU6pcBnZkVwSBXUZUMtEJmmQGAusbTi6UjgEkWXt8hsBbmRp8TVB6zr2J8aXCbDHddeeyXuTDHm,2026-02-17T11:22:06.000Z,AVedewo4W5E5C9vtjFeAe13DGq6L5WNN2Kk3yuWZGNUN,D5YqVMoSxnqeZAKAUUE1Dm3bmjtdxQ5DCF356ozqN9cM,0.01,TOKEN,success
23m6pMM6grLZwSU6pcBnZkVwSBXUZUMtEJmmQGAusbTi6UjgEkWXt8hsBbmRp8TVB6zr2J8aXCbDHddeeyXuTDHm,2026-02-17T11:22:06.000Z,D5YqVMoSxnqeZAKAUUE1Dm3bmjtdxQ5DCF356ozqN9cM,5Q544fKrFoe6tsEbD7S8EmxGTJYAKtTVhAW5Q5pge4j1,1.220482,TOKEN,success
23m6pMM6grLZwSU6pcBnZkVwSBXUZUMtEJmmQGAusbTi6UjgEkWXt8hsBbmRp8TVB6zr2J8aXCbDHddeeyXuTDHm,2026-02-17T11:22:06.000Z,5Q544fKrFoe6tsEbD7S8EmxGTJYAKtTVhAW5Q5pge4j1,D5YqVMoSxnqeZAKAUUE1Dm3bmjtdxQ5DCF356ozqN9cM,1658.214324582,TOKEN,success
23m6pMM6grLZwSU6pcBnZkVwSBXUZUMtEJmmQGAusbTi6UjgEkWXt8hsBbmRp8TVB6zr2J8aXCbDHddeeyXuTDHm,2026-02-17T11:22:06.000Z,D5YqVMoSxnqeZAKAUUE1Dm3bmjtdxQ5DCF356ozqN9cM,AVedewo4W5E5C9vtjFeAe13DGq6L5WNN2Kk3yuWZGNUN,0.85079,TOKEN,success
23m6pMM6grLZwSU6pcBnZkVwSBXUZUMtEJmmQGAusbTi6UjgEkWXt8hsBbmRp8TVB6zr2J8aXCbDHddeeyXuTDHm,2026-02-17T11:22:06.000Z,AVedewo4W5E5C9vtjFeAe13DGq6L5WNN2Kk3yuWZGNUN,8ekCy2jHHUbW2yeNGFWYJT9Hm9FW7SvZcZK66dSZCDiF,0.85079,TOKEN,success
23m6pMM6grLZwSU6pcBnZkVwSBXUZUMtEJmmQGAusbTi6UjgEkWXt8hsBbmRp8TVB6zr2J8aXCbDHddeeyXuTDHm,2026-02-17T11:22:06.000Z,8ekCy2jHHUbW2yeNGFWYJT9Hm9FW7SvZcZK66dSZCDiF,AVedewo4W5E5C9vtjFeAe13DGq6L5WNN2Kk3yuWZGNUN,0.010017636,TOKEN,success
23m6pMM6grLZwSU6pcBnZkVwSBXUZUMtEJmmQGAusbTi6UjgEkWXt8hsBbmRp8TVB6zr2J8aXCbDHddeeyXuTDHm,2026-02-17T11:22:06.000Z,AVedewo4W5E5C9vtjFeAe13DGq6L5WNN2Kk3yuWZGNUN,7bBp5pLeQx5iHEfZCD2zZPMSg1hzV9fprA46cEi6Jp8Z,0.010017636,TOKEN,success
4s2Kw1tTuJV7X77gL1V4afruB5WuGr9g21SCSJUR9VbHmUpQBJAYL2QTBT4AKyqiGcw5M8sE8kJK28g9aGMYR69E,2026-02-17T11:21:05.000Z,3nMNd89AxwHUa1AFvQGqohRkxFEQsTsgiEyEyqXFHyyH,GtudGodLEoAUQ2nfsZNNfkGYqgLcp6EGMt5va4ard48x,0.001006,SOL,success
4s2Kw1tTuJV7X77gL1V4afruB5WuGr9g21SCSJUR9VbHmUpQBJAYL2QTBT4AKyqiGcw5M8sE8kJK28g9aGMYR69E,2026-02-17T11:21:05.000Z,3nMNd89AxwHUa1AFvQGqohRkxFEQsTsgiEyEyqXFHyyH,2AXXcN6oN9bBT5owwmTH53C7QHUXvhLeu718Kqt8rvY2,0.016041677,TOKEN,success
4s2Kw1tTuJV7X77gL1V4afruB5WuGr9g21SCSJUR9VbHmUpQBJAYL2QTBT4AKyqiGcw5M8sE8kJK28g9aGMYR69E,2026-02-17T11:21:05.000Z,2AXXcN6oN9bBT5owwmTH53C7QHUXvhLeu718Kqt8rvY2,3nMNd89AxwHUa1AFvQGqohRkxFEQsTsgiEyEyqXFHyyH,1.958096,TOKEN,success
4s2Kw1tTuJV7X77gL1V4afruB5WuGr9g21SCSJUR9VbHmUpQBJAYL2QTBT4AKyqiGcw5M8sE8kJK28g9aGMYR69E,2026-02-17T11:21:05.000Z,3nMNd89AxwHUa1AFvQGqohRkxFEQsTsgiEyEyqXFHyyH,5vsG9P1N5XmtYNHorhDXPbrBD4GG6YuuvvaA19KftHM5,2660.613780667,TOKEN,success
4s2Kw1tTuJV7X77gL1V4afruB5WuGr9g21SCSJUR9VbHmUpQBJAYL2QTBT4AKyqiGcw5M8sE8kJK28g9aGMYR69E,2026-02-17T11:21:05.000Z,5vsG9P1N5XmtYNHorhDXPbrBD4GG6YuuvvaA19KftHM5,3nMNd89AxwHUa1AFvQGqohRkxFEQsTsgiEyEyqXFHyyH,209869.64449,TOKEN,success
4s2Kw1tTuJV7X77gL1V4afruB5WuGr9g21SCSJUR9VbHmUpQBJAYL2QTBT4AKyqiGcw5M8sE8kJK28g9aGMYR69E,2026-02-17T11:21:05.000Z,3nMNd89AxwHUa1AFvQGqohRkxFEQsTsgiEyEyqXFHyyH,5zpyutJu9ee6jFymDGoK7F6S5Kczqtc9FomP3ueKuyA9,209869.64449,TOKEN,success
4s2Kw1tTuJV7X77gL1V4afruB5WuGr9g21SCSJUR9VbHmUpQBJAYL2QTBT4AKyqiGcw5M8sE8kJK28g9aGMYR69E,2026-02-17T11:21:05.000Z,5zpyutJu9ee6jFymDGoK7F6S5Kczqtc9FomP3ueKuyA9,3nMNd89AxwHUa1AFvQGqohRkxFEQsTsgiEyEyqXFHyyH,0.016054263,TOKEN,success
4s2Kw1tTuJV7X77gL1V4afruB5WuGr9g21SCSJUR9VbHmUpQBJAYL2QTBT4AKyqiGcw5M8sE8kJK28g9aGMYR69E,2026-02-17T11:21:05.000Z,3nMNd89AxwHUa1AFvQGqohRkxFEQsTsgiEyEyqXFHyyH,5Q544fKrFoe6tsEbD7S8EmxGTJYAKtTVhAW5Q5pge4j1,1.958096,TOKEN,success
4s2Kw1tTuJV7X77gL1V4afruB5WuGr9g21SCSJUR9VbHmUpQBJAYL2QTBT4AKyqiGcw5M8sE8kJK28g9aGMYR69E,2026-02-17T11:21:05.000Z,5Q544fKrFoe6tsEbD7S8EmxGTJYAKtTVhAW5Q5pge4j1,3nMNd89AxwHUa1AFvQGqohRkxFEQsTsgiEyEyqXFHyyH,2660.613780667,TOKEN,success
5snLK9qbzB8o9Bj6S4CUdjoeNDUNHRUV8xUFzFT72P3EJiNsRhLzKr1e1GJ34aoaR1yoyhkTk8sAAvGvNs3GrkKM,2026-02-17T11:21:02.000Z,9osj5ksZcrYVeft5pjN1KUNpuM9xiZpjLPxtiMHG4AT5,5vsG9P1N5XmtYNHorhDXPbrBD4GG6YuuvvaA19KftHM5,15384.459254958,TOKEN,success
5snLK9qbzB8o9Bj6S4CUdjoeNDUNHRUV8xUFzFT72P3EJiNsRhLzKr1e1GJ34aoaR1yoyhkTk8sAAvGvNs3GrkKM,2026-02-17T11:21:02.000Z,5vsG9P1N5XmtYNHorhDXPbrBD4GG6YuuvvaA19KftHM5,9osj5ksZcrYVeft5pjN1KUNpuM9xiZpjLPxtiMHG4AT5,1213528.62938,TOKEN,success
5snLK9qbzB8o9Bj6S4CUdjoeNDUNHRUV8xUFzFT72P3EJiNsRhLzKr1e1GJ34aoaR1yoyhkTk8sAAvGvNs3GrkKM,2026-02-17T11:21:02.000Z,9osj5ksZcrYVeft5pjN1KUNpuM9xiZpjLPxtiMHG4AT5,2AXXcN6oN9bBT5owwmTH53C7QHUXvhLeu718Kqt8rvY2,0.092722269,TOKEN,success
5snLK9qbzB8o9Bj6S4CUdjoeNDUNHRUV8xUFzFT72P3EJiNsRhLzKr1e1GJ34aoaR1yoyhkTk8sAAvGvNs3GrkKM,2026-02-17T11:21:02.000Z,2AXXcN6oN9bBT5owwmTH53C7QHUXvhLeu718Kqt8rvY2,9osj5ksZcrYVeft5pjN1KUNpuM9xiZpjLPxtiMHG4AT5,11.318099,TOKEN,success
5snLK9qbzB8o9Bj6S4CUdjoeNDUNHRUV8xUFzFT72P3EJiNsRhLzKr1e1GJ34aoaR1yoyhkTk8sAAvGvNs3GrkKM,2026-02-17T11:21:02.000Z,9osj5ksZcrYVeft5pjN1KUNpuM9xiZpjLPxtiMHG4AT5,5Q544fKrFoe6tsEbD7S8EmxGTJYAKtTVhAW5Q5pge4j1,11.318099,TOKEN,success
5snLK9qbzB8o9Bj6S4CUdjoeNDUNHRUV8xUFzFT72P3EJiNsRhLzKr1e1GJ34aoaR1yoyhkTk8sAAvGvNs3GrkKM,2026-02-17T11:21:02.000Z,5Q544fKrFoe6tsEbD7S8EmxGTJYAKtTVhAW5Q5pge4j1,9osj5ksZcrYVeft5pjN1KUNpuM9xiZpjLPxtiMHG4AT5,15384.459254958,TOKEN,success
5snLK9qbzB8o9Bj6S4CUdjoeNDUNHRUV8xUFzFT72P3EJiNsRhLzKr1e1GJ34aoaR1yoyhkTk8sAAvGvNs3GrkKM,2026-02-17T11:21:02.000Z,9osj5ksZcrYVeft5pjN1KUNpuM9xiZpjLPxtiMHG4AT5,5zpyutJu9ee6jFymDGoK7F6S5Kczqtc9FomP3ueKuyA9,1213528.62938,TOKEN,success
5snLK9qbzB8o9Bj6S4CUdjoeNDUNHRUV8xUFzFT72P3EJiNsRhLzKr1e1GJ34aoaR1yoyhkTk8sAAvGvNs3GrkKM,2026-02-17T11:21:02.000Z,5zpyutJu9ee6jFymDGoK7F6S5Kczqtc9FomP3ueKuyA9,9osj5ksZcrYVeft5pjN1KUNpuM9xiZpjLPxtiMHG4AT5,0.0928415,TOKEN,success
5FVoX4He3PNLVL8q5X6Ywe9mcVjNYxdQe8MTHtL6jYopNMh1Pk8Jv9G7vVhjyX9QHKk2noZDuo4VPxqBxkLW43Fj,2026-02-17T11:21:00.000Z,9osj5ksZcrYVeft5pjN1KUNpuM9xiZpjLPxtiMHG4AT5,5vsG9P1N5XmtYNHorhDXPbrBD4GG6YuuvvaA19KftHM5,8263.382176084,TOKEN,success
5FVoX4He3PNLVL8q5X6Ywe9mcVjNYxdQe8MTHtL6jYopNMh1Pk8Jv9G7vVhjyX9QHKk2noZDuo4VPxqBxkLW43Fj,2026-02-17T11:21:00.000Z,5vsG9P1N5XmtYNHorhDXPbrBD4GG6YuuvvaA19KftHM5,9osj5ksZcrYVeft5pjN1KUNpuM9xiZpjLPxtiMHG4AT5,651816.91991,TOKEN,success
5FVoX4He3PNLVL8q5X6Ywe9mcVjNYxdQe8MTHtL6jYopNMh1Pk8Jv9G7vVhjyX9QHKk2noZDuo4VPxqBxkLW43Fj,2026-02-17T11:21:00.000Z,9osj5ksZcrYVeft5pjN1KUNpuM9xiZpjLPxtiMHG4AT5,2AXXcN6oN9bBT5owwmTH53C7QHUXvhLeu718Kqt8rvY2,0.049771398,TOKEN,success
5FVoX4He3PNLVL8q5X6Ywe9mcVjNYxdQe8MTHtL6jYopNMh1Pk8Jv9G7vVhjyX9QHKk2noZDuo4VPxqBxkLW43Fj,2026-02-17T11:21:00.000Z,2AXXcN6oN9bBT5owwmTH53C7QHUXvhLeu718Kqt8rvY2,9osj5ksZcrYVeft5pjN1KUNpuM9xiZpjLPxtiMHG4AT5,6.076293,TOKEN,success
5FVoX4He3PNLVL8q5X6Ywe9mcVjNYxdQe8MTHtL6jYopNMh1Pk8Jv9G7vVhjyX9QHKk2noZDuo4VPxqBxkLW43Fj,2026-02-17T11:21:00.000Z,9osj5ksZcrYVeft5pjN1KUNpuM9xiZpjLPxtiMHG4AT5,5Q544fKrFoe6tsEbD7S8EmxGTJYAKtTVhAW5Q5pge4j1,6.076293,TOKEN,success
5FVoX4He3PNLVL8q5X6Ywe9mcVjNYxdQe8MTHtL6jYopNMh1Pk8Jv9G7vVhjyX9QHKk2noZDuo4VPxqBxkLW43Fj,2026-02-17T11:21:00.000Z,5Q544fKrFoe6tsEbD7S8EmxGTJYAKtTVhAW5Q5pge4j1,9osj5ksZcrYVeft5pjN1KUNpuM9xiZpjLPxtiMHG4AT5,8263.382176084,TOKEN,success
5FVoX4He3PNLVL8q5X6Ywe9mcVjNYxdQe8MTHtL6jYopNMh1Pk8Jv9G7vVhjyX9QHKk2noZDuo4VPxqBxkLW43Fj,2026-02-17T11:21:00.000Z,9osj5ksZcrYVeft5pjN1KUNpuM9xiZpjLPxtiMHG4AT5,5zpyutJu9ee6jFymDGoK7F6S5Kczqtc9FomP3ueKuyA9,651816.91991,TOKEN,success
5FVoX4He3PNLVL8q5X6Ywe9mcVjNYxdQe8MTHtL6jYopNMh1Pk8Jv9G7vVhjyX9QHKk2noZDuo4VPxqBxkLW43Fj,2026-02-17T11:21:00.000Z,5zpyutJu9ee6jFymDGoK7F6S5Kczqtc9FomP3ueKuyA9,9osj5ksZcrYVeft5pjN1KUNpuM9xiZpjLPxtiMHG4AT5,0.049805343,TOKEN,success
UXvjDjgoykXpetwMPniArYkQZkHNeJ4vW7QKe8oRzz3vJJUyNyq5dE9JaaUwwjKAPdWBTgeTNi2uhnh2erMfHYq,2026-02-17T11:20:57.000Z,3nMNd89AxwHUa1AFvQGqohRkxFEQsTsgiEyEyqXFHyyH,69QmnsrarY6MaS7sfdkMtuhdKa1F5PPTtDvLGTxu2Lky,0.001006656,SOL,success
UXvjDjgoykXpetwMPniArYkQZkHNeJ4vW7QKe8oRzz3vJJUyNyq5dE9JaaUwwjKAPdWBTgeTNi2uhnh2erMfHYq,2026-02-17T11:20:57.000Z,3nMNd89AxwHUa1AFvQGqohRkxFEQsTsgiEyEyqXFHyyH,2AXXcN6oN9bBT5owwmTH53C7QHUXvhLeu718Kqt8rvY2,0.069329434,TOKEN,success
UXvjDjgoykXpetwMPniArYkQZkHNeJ4vW7QKe8oRzz3vJJUyNyq5dE9JaaUwwjKAPdWBTgeTNi2uhnh2erMfHYq,2026-02-17T11:20:57.000Z,2AXXcN6oN9bBT5owwmTH53C7QHUXvhLeu718Kqt8rvY2,3nMNd89AxwHUa1AFvQGqohRkxFEQsTsgiEyEyqXFHyyH,8.457863,TOKEN,success
UXvjDjgoykXpetwMPniArYkQZkHNeJ4vW7QKe8oRzz3vJJUyNyq5dE9JaaUwwjKAPdWBTgeTNi2uhnh2erMfHYq,2026-02-17T11:20:57.000Z,3nMNd89AxwHUa1AFvQGqohRkxFEQsTsgiEyEyqXFHyyH,5vsG9P1N5XmtYNHorhDXPbrBD4GG6YuuvvaA19KftHM5,11506.830392161,TOKEN,success
UXvjDjgoykXpetwMPniArYkQZkHNeJ4vW7QKe8oRzz3vJJUyNyq5dE9JaaUwwjKAPdWBTgeTNi2uhnh2erMfHYq,2026-02-17T11:20:57.000Z,5vsG9P1N5XmtYNHorhDXPbrBD4GG6YuuvvaA19KftHM5,3nMNd89AxwHUa1AFvQGqohRkxFEQsTsgiEyEyqXFHyyH,907660.63875,TOKEN,success
UXvjDjgoykXpetwMPniArYkQZkHNeJ4vW7QKe8oRzz3vJJUyNyq5dE9JaaUwwjKAPdWBTgeTNi2uhnh2erMfHYq,2026-02-17T11:20:57.000Z,3nMNd89AxwHUa1AFvQGqohRkxFEQsTsgiEyEyqXFHyyH,5zpyutJu9ee6jFymDGoK7F6S5Kczqtc9FomP3ueKuyA9,907660.63875,TOKEN,success
UXvjDjgoykXpetwMPniArYkQZkHNeJ4vW7QKe8oRzz3vJJUyNyq5dE9JaaUwwjKAPdWBTgeTNi2uhnh2erMfHYq,2026-02-17T11:20:57.000Z,5zpyutJu9ee6jFymDGoK7F6S5Kczqtc9FomP3ueKuyA9,3nMNd89AxwHUa1AFvQGqohRkxFEQsTsgiEyEyqXFHyyH,0.069356664,TOKEN,success
UXvjDjgoykXpetwMPniArYkQZkHNeJ4vW7QKe8oRzz3vJJUyNyq5dE9JaaUwwjKAPdWBTgeTNi2uhnh2erMfHYq,2026-02-17T11:20:57.000Z,3nMNd89AxwHUa1AFvQGqohRkxFEQsTsgiEyEyqXFHyyH,5Q544fKrFoe6tsEbD7S8EmxGTJYAKtTVhAW5Q5pge4j1,8.457863,TOKEN,success
UXvjDjgoykXpetwMPniArYkQZkHNeJ4vW7QKe8oRzz3vJJUyNyq5dE9JaaUwwjKAPdWBTgeTNi2uhnh2erMfHYq,2026-02-17T11:20:57.000Z,5Q544fKrFoe6tsEbD7S8EmxGTJYAKtTVhAW5Q5pge4j1,3nMNd89AxwHUa1AFvQGqohRkxFEQsTsgiEyEyqXFHyyH,11506.830392161,TOKEN,success
5Ji16nmwiMxbPrLdCP7oXodsZhUchUhx35TN4L5AeUaKU4v8v2YYN8r4QeYphTu8BniD9W7nxFHNksTowkBVK3d3,2026-02-17T11:17:04.000Z,UUAhspPgUdGuXUnokmxERH1VvNGNh1ouN3mfcbfV8yd,2AXXcN6oN9bBT5owwmTH53C7QHUXvhLeu718Kqt8rvY2,0.06240308,TOKEN,success
5Ji16nmwiMxbPrLdCP7oXodsZhUchUhx35TN4L5AeUaKU4v8v2YYN8r4QeYphTu8BniD9W7nxFHNksTowkBVK3d3,2026-02-17T11:17:04.000Z,2AXXcN6oN9bBT5owwmTH53C7QHUXvhLeu718Kqt8rvY2,UUAhspPgUdGuXUnokmxERH1VvNGNh1ouN3mfcbfV8yd,7.517445,TOKEN,success
5Ji16nmwiMxbPrLdCP7oXodsZhUchUhx35TN4L5AeUaKU4v8v2YYN8r4QeYphTu8BniD9W7nxFHNksTowkBVK3d3,2026-02-17T11:17:04.000Z,UUAhspPgUdGuXUnokmxERH1VvNGNh1ouN3mfcbfV8yd,5Q544fKrFoe6tsEbD7S8EmxGTJYAKtTVhAW5Q5pge4j1,7.517445,TOKEN,success
5Ji16nmwiMxbPrLdCP7oXodsZhUchUhx35TN4L5AeUaKU4v8v2YYN8r4QeYphTu8BniD9W7nxFHNksTowkBVK3d3,2026-02-17T11:17:04.000Z,5Q544fKrFoe6tsEbD7S8EmxGTJYAKtTVhAW5Q5pge4j1,UUAhspPgUdGuXUnokmxERH1VvNGNh1ouN3mfcbfV8yd,10334.409461543,TOKEN,success
5Ji16nmwiMxbPrLdCP7oXodsZhUchUhx35TN4L5AeUaKU4v8v2YYN8r4QeYphTu8BniD9W7nxFHNksTowkBVK3d3,2026-02-17T11:17:04.000Z,UUAhspPgUdGuXUnokmxERH1VvNGNh1ouN3mfcbfV8yd,3uZcofBKVBYFrQ7jVjTFLEMWAQiZcih4AES5tKBqdo7m,10334.409435652,TOKEN,success
5Ji16nmwiMxbPrLdCP7oXodsZhUchUhx35TN4L5AeUaKU4v8v2YYN8r4QeYphTu8BniD9W7nxFHNksTowkBVK3d3,2026-02-17T11:17:04.000Z,3uZcofBKVBYFrQ7jVjTFLEMWAQiZcih4AES5tKBqdo7m,UUAhspPgUdGuXUnokmxERH1VvNGNh1ouN3mfcbfV8yd,0.062477134,TOKEN,success
5Ji16nmwiMxbPrLdCP7oXodsZhUchUhx35TN4L5AeUaKU4v8v2YYN8r4QeYphTu8BniD9W7nxFHNksTowkBVK3d3,2026-02-17T11:17:04.000Z,,2YM8LrJGRtsDcWeqsjX2EQwJfhArxyDdtDzgt7vrwwbV,0.002064,TOKEN,success
WhViDyxrwYqA9E8zztmvXbtMpK4CVyxdk6xuXfAEXxaBPP2a31DVFNsxs2UNrg5LTuksPhGBr8psGdcj9VpK3j2,2026-02-17T11:16:51.000Z,2EZsc3KXSRusWxWnzEd7efQFcaxYpoh5LkwtvWohNKZB,3AVi9Tg9Uo68tJfuvoKvqKNWKkC5wPdSSdeBnizKZ6jT,0.000059029,SOL,success
WhViDyxrwYqA9E8zztmvXbtMpK4CVyxdk6xuXfAEXxaBPP2a31DVFNsxs2UNrg5LTuksPhGBr8psGdcj9VpK3j2,2026-02-17T11:16:51.000Z,2EZsc3KXSRusWxWnzEd7efQFcaxYpoh5LkwtvWohNKZB,9vqYJjDUFecLL2xPUC4Rc7hyCtZ6iJ4mDiVZX7aFXoAe,5287.077543423,TOKEN,success
WhViDyxrwYqA9E8zztmvXbtMpK4CVyxdk6xuXfAEXxaBPP2a31DVFNsxs2UNrg5LTuksPhGBr8psGdcj9VpK3j2,2026-02-17T11:16:51.000Z,9vqYJjDUFecLL2xPUC4Rc7hyCtZ6iJ4mDiVZX7aFXoAe,2EZsc3KXSRusWxWnzEd7efQFcaxYpoh5LkwtvWohNKZB,2.723221,TOKEN,success
WhViDyxrwYqA9E8zztmvXbtMpK4CVyxdk6xuXfAEXxaBPP2a31DVFNsxs2UNrg5LTuksPhGBr8psGdcj9VpK3j2,2026-02-17T11:16:51.000Z,2EZsc3KXSRusWxWnzEd7efQFcaxYpoh5LkwtvWohNKZB,2AXXcN6oN9bBT5owwmTH53C7QHUXvhLeu718Kqt8rvY2,0.031992187,TOKEN,success
WhViDyxrwYqA9E8zztmvXbtMpK4CVyxdk6xuXfAEXxaBPP2a31DVFNsxs2UNrg5LTuksPhGBr8psGdcj9VpK3j2,2026-02-17T11:16:51.000Z,2AXXcN6oN9bBT5owwmTH53C7QHUXvhLeu718Kqt8rvY2,2EZsc3KXSRusWxWnzEd7efQFcaxYpoh5LkwtvWohNKZB,3.829292,TOKEN,success
WhViDyxrwYqA9E8zztmvXbtMpK4CVyxdk6xuXfAEXxaBPP2a31DVFNsxs2UNrg5LTuksPhGBr8psGdcj9VpK3j2,2026-02-17T11:16:51.000Z,2EZsc3KXSRusWxWnzEd7efQFcaxYpoh5LkwtvWohNKZB,5Q544fKrFoe6tsEbD7S8EmxGTJYAKtTVhAW5Q5pge4j1,3.829292,TOKEN,success
WhViDyxrwYqA9E8zztmvXbtMpK4CVyxdk6xuXfAEXxaBPP2a31DVFNsxs2UNrg5LTuksPhGBr8psGdcj9VpK3j2,2026-02-17T11:16:51.000Z,5Q544fKrFoe6tsEbD7S8EmxGTJYAKtTVhAW5Q5pge4j1,2EZsc3KXSRusWxWnzEd7efQFcaxYpoh5LkwtvWohNKZB,5287.077543423,TOKEN,success
WhViDyxrwYqA9E8zztmvXbtMpK4CVyxdk6xuXfAEXxaBPP2a31DVFNsxs2UNrg5LTuksPhGBr8psGdcj9VpK3j2,2026-02-17T11:16:51.000Z,2EZsc3KXSRusWxWnzEd7efQFcaxYpoh5LkwtvWohNKZB,F2KCaXcp7AoQtxTDvNEDCyMyWjSCAMWNzcyN9dsPfPs5,2.723221,TOKEN,success
WhViDyxrwYqA9E8zztmvXbtMpK4CVyxdk6xuXfAEXxaBPP2a31DVFNsxs2UNrg5LTuksPhGBr8psGdcj9VpK3j2,2026-02-17T11:16:51.000Z,CQUfYBxF2KFVjYyCPyGa7JCFX9zw2PwmNnECzY3merGA,2EZsc3KXSRusWxWnzEd7efQFcaxYpoh5LkwtvWohNKZB,2.723824,TOKEN,success
WhViDyxrwYqA9E8zztmvXbtMpK4CVyxdk6xuXfAEXxaBPP2a31DVFNsxs2UNrg5LTuksPhGBr8psGdcj9VpK3j2,2026-02-17T11:16:51.000Z,2EZsc3KXSRusWxWnzEd7efQFcaxYpoh5LkwtvWohNKZB,CKc2gypi1feWLboi7PWRgNTCi6NWhkYaGU4v6rhnZDDJ,2.723824,TOKEN,success
WhViDyxrwYqA9E8zztmvXbtMpK4CVyxdk6xuXfAEXxaBPP2a31DVFNsxs2UNrg5LTuksPhGBr8psGdcj9VpK3j2,2026-02-17T11:16:51.000Z,CKc2gypi1feWLboi7PWRgNTCi6NWhkYaGU4v6rhnZDDJ,2EZsc3KXSRusWxWnzEd7efQFcaxYpoh5LkwtvWohNKZB,0.032093822,TOKEN,success
3NFSgGcKeZCS5xTCNXB4R1GAEsHEttXPNHwPMct2WGkF7WV5THMj7ZYt51XDSWjWXbREHhibS4KUmhEmTYnbkV78,2026-02-17T11:16:25.000Z,GgGap6tiUKhD8XeUZaHpVB3rerb3zKWNouWQJHozDujt,Cw8CFyM9FkoMi7K7Crf6HNQqf4uEMzpKw6QNghXLvLkY,0.000007766,SOL,success
3NFSgGcKeZCS5xTCNXB4R1GAEsHEttXPNHwPMct2WGkF7WV5THMj7ZYt51XDSWjWXbREHhibS4KUmhEmTYnbkV78,2026-02-17T11:16:25.000Z,GgGap6tiUKhD8XeUZaHpVB3rerb3zKWNouWQJHozDujt,9GRUQkGLg3ecg7prAMccMdu2qHTZo8X8qgo6HobsaPtv,0.00203928,SOL,success
3NFSgGcKeZCS5xTCNXB4R1GAEsHEttXPNHwPMct2WGkF7WV5THMj7ZYt51XDSWjWXbREHhibS4KUmhEmTYnbkV78,2026-02-17T11:16:25.000Z,9GRUQkGLg3ecg7prAMccMdu2qHTZo8X8qgo6HobsaPtv,GgGap6tiUKhD8XeUZaHpVB3rerb3zKWNouWQJHozDujt,0.00203928,SOL,success
3NFSgGcKeZCS5xTCNXB4R1GAEsHEttXPNHwPMct2WGkF7WV5THMj7ZYt51XDSWjWXbREHhibS4KUmhEmTYnbkV78,2026-02-17T11:16:25.000Z,GgGap6tiUKhD8XeUZaHpVB3rerb3zKWNouWQJHozDujt,9vqYJjDUFecLL2xPUC4Rc7hyCtZ6iJ4mDiVZX7aFXoAe,2372.929847451,TOKEN,success
3NFSgGcKeZCS5xTCNXB4R1GAEsHEttXPNHwPMct2WGkF7WV5THMj7ZYt51XDSWjWXbREHhibS4KUmhEmTYnbkV78,2026-02-17T11:16:25.000Z,9vqYJjDUFecLL2xPUC4Rc7hyCtZ6iJ4mDiVZX7aFXoAe,GgGap6tiUKhD8XeUZaHpVB3rerb3zKWNouWQJHozDujt,1.227476,TOKEN,success
3NFSgGcKeZCS5xTCNXB4R1GAEsHEttXPNHwPMct2WGkF7WV5THMj7ZYt51XDSWjWXbREHhibS4KUmhEmTYnbkV78,2026-02-17T11:16:25.000Z,GgGap6tiUKhD8XeUZaHpVB3rerb3zKWNouWQJHozDujt,Czfq3xZZDmsdGdUyrNLtRhGc47cXcZtLG4crryfu44zE,1.227476,TOKEN,success
3NFSgGcKeZCS5xTCNXB4R1GAEsHEttXPNHwPMct2WGkF7WV5THMj7ZYt51XDSWjWXbREHhibS4KUmhEmTYnbkV78,2026-02-17T11:16:25.000Z,Czfq3xZZDmsdGdUyrNLtRhGc47cXcZtLG4crryfu44zE,GgGap6tiUKhD8XeUZaHpVB3rerb3zKWNouWQJHozDujt,0.014437627,TOKEN,success
3NFSgGcKeZCS5xTCNXB4R1GAEsHEttXPNHwPMct2WGkF7WV5THMj7ZYt51XDSWjWXbREHhibS4KUmhEmTYnbkV78,2026-02-17T11:16:25.000Z,GgGap6tiUKhD8XeUZaHpVB3rerb3zKWNouWQJHozDujt,5Q544fKrFoe6tsEbD7S8EmxGTJYAKtTVhAW5Q5pge4j1,0.014418211,TOKEN,success
3NFSgGcKeZCS5xTCNXB4R1GAEsHEttXPNHwPMct2WGkF7WV5THMj7ZYt51XDSWjWXbREHhibS4KUmhEmTYnbkV78,2026-02-17T11:16:25.000Z,5Q544fKrFoe6tsEbD7S8EmxGTJYAKtTVhAW5Q5pge4j1,GgGap6tiUKhD8XeUZaHpVB3rerb3zKWNouWQJHozDujt,1.709279,TOKEN,success
3NFSgGcKeZCS5xTCNXB4R1GAEsHEttXPNHwPMct2WGkF7WV5THMj7ZYt51XDSWjWXbREHhibS4KUmhEmTYnbkV78,2026-02-17T11:16:25.000Z,GgGap6tiUKhD8XeUZaHpVB3rerb3zKWNouWQJHozDujt,5Q544fKrFoe6tsEbD7S8EmxGTJYAKtTVhAW5Q5pge4j1,1.709279,TOKEN,success
3NFSgGcKeZCS5xTCNXB4R1GAEsHEttXPNHwPMct2WGkF7WV5THMj7ZYt51XDSWjWXbREHhibS4KUmhEmTYnbkV78,2026-02-17T11:16:25.000Z,5Q544fKrFoe6tsEbD7S8EmxGTJYAKtTVhAW5Q5pge4j1,GgGap6tiUKhD8XeUZaHpVB3rerb3zKWNouWQJHozDujt,2372.929847451,TOKEN,success
gJCjaDYLLiWKAwww9GLjBMA8yJocwtGe6FkQ5E9V3x8UmyZXeaHpcWzP1d2cWJUxRQMgF1Uxd9Sq2CWr3mVTJL1,2026-02-17T11:16:18.000Z,UUAhspPgUdGuXUnokmxERH1VvNGNh1ouN3mfcbfV8yd,2AXXcN6oN9bBT5owwmTH53C7QHUXvhLeu718Kqt8rvY2,0.0747174,TOKEN,success
gJCjaDYLLiWKAwww9GLjBMA8yJocwtGe6FkQ5E9V3x8UmyZXeaHpcWzP1d2cWJUxRQMgF1Uxd9Sq2CWr3mVTJL1,2026-02-17T11:16:18.000Z,2AXXcN6oN9bBT5owwmTH53C7QHUXvhLeu718Kqt8rvY2,UUAhspPgUdGuXUnokmxERH1VvNGNh1ouN3mfcbfV8yd,8.847103,TOKEN,success
gJCjaDYLLiWKAwww9GLjBMA8yJocwtGe6FkQ5E9V3x8UmyZXeaHpcWzP1d2cWJUxRQMgF1Uxd9Sq2CWr3mVTJL1,2026-02-17T11:16:18.000Z,UUAhspPgUdGuXUnokmxERH1VvNGNh1ouN3mfcbfV8yd,5Q544fKrFoe6tsEbD7S8EmxGTJYAKtTVhAW5Q5pge4j1,8.847103,TOKEN,success
gJCjaDYLLiWKAwww9GLjBMA8yJocwtGe6FkQ5E9V3x8UmyZXeaHpcWzP1d2cWJUxRQMgF1Uxd9Sq2CWr3mVTJL1,2026-02-17T11:16:18.000Z,5Q544fKrFoe6tsEbD7S8EmxGTJYAKtTVhAW5Q5pge4j1,UUAhspPgUdGuXUnokmxERH1VvNGNh1ouN3mfcbfV8yd,12331.261239948,TOKEN,success
gJCjaDYLLiWKAwww9GLjBMA8yJocwtGe6FkQ5E9V3x8UmyZXeaHpcWzP1d2cWJUxRQMgF1Uxd9Sq2CWr3mVTJL1,2026-02-17T11:16:18.000Z,UUAhspPgUdGuXUnokmxERH1VvNGNh1ouN3mfcbfV8yd,3uZcofBKVBYFrQ7jVjTFLEMWAQiZcih4AES5tKBqdo7m,12331.261088999,TOKEN,success
gJCjaDYLLiWKAwww9GLjBMA8yJocwtGe6FkQ5E9V3x8UmyZXeaHpcWzP1d2cWJUxRQMgF1Uxd9Sq2CWr3mVTJL1,2026-02-17T11:16:18.000Z,3uZcofBKVBYFrQ7jVjTFLEMWAQiZcih4AES5tKBqdo7m,UUAhspPgUdGuXUnokmxERH1VvNGNh1ouN3mfcbfV8yd,0.074822401,TOKEN,success
gJCjaDYLLiWKAwww9GLjBMA8yJocwtGe6FkQ5E9V3x8UmyZXeaHpcWzP1d2cWJUxRQMgF1Uxd9Sq2CWr3mVTJL1,2026-02-17T11:16:18.000Z,,2YM8LrJGRtsDcWeqsjX2EQwJfhArxyDdtDzgt7vrwwbV,0.002467,TOKEN,success
4TUTYNbDCvVGF473UQZuJC8pXGK9PRMFkRSwHDbmDFcCprUap6MbbkQAjGA5yF5eL6JLa5Eh3ipUe9L79VBovQBR,2026-02-17T11:10:40.000Z,UUAhspPgUdGuXUnokmxERH1VvNGNh1ouN3mfcbfV8yd,2AXXcN6oN9bBT5owwmTH53C7QHUXvhLeu718Kqt8rvY2,0.068998614,TOKEN,success
4TUTYNbDCvVGF473UQZuJC8pXGK9PRMFkRSwHDbmDFcCprUap6MbbkQAjGA5yF5eL6JLa5Eh3ipUe9L79VBovQBR,2026-02-17T11:10:40.000Z,2AXXcN6oN9bBT5owwmTH53C7QHUXvhLeu718Kqt8rvY2,UUAhspPgUdGuXUnokmxERH1VvNGNh1ouN3mfcbfV8yd,8.13139,TOKEN,success
4TUTYNbDCvVGF473UQZuJC8pXGK9PRMFkRSwHDbmDFcCprUap6MbbkQAjGA5yF5eL6JLa5Eh3ipUe9L79VBovQBR,2026-02-17T11:10:40.000Z,UUAhspPgUdGuXUnokmxERH1VvNGNh1ouN3mfcbfV8yd,5Q544fKrFoe6tsEbD7S8EmxGTJYAKtTVhAW5Q5pge4j1,8.13139,TOKEN,success
4TUTYNbDCvVGF473UQZuJC8pXGK9PRMFkRSwHDbmDFcCprUap6MbbkQAjGA5yF5eL6JLa5Eh3ipUe9L79VBovQBR,2026-02-17T11:10:40.000Z,5Q544fKrFoe6tsEbD7S8EmxGTJYAKtTVhAW5Q5pge4j1,UUAhspPgUdGuXUnokmxERH1VvNGNh1ouN3mfcbfV8yd,11360.35940077,TOKEN,success
4TUTYNbDCvVGF473UQZuJC8pXGK9PRMFkRSwHDbmDFcCprUap6MbbkQAjGA5yF5eL6JLa5Eh3ipUe9L79VBovQBR,2026-02-17T11:10:40.000Z,UUAhspPgUdGuXUnokmxERH1VvNGNh1ouN3mfcbfV8yd,3uZcofBKVBYFrQ7jVjTFLEMWAQiZcih4AES5tKBqdo7m,11360.359363785,TOKEN,success
4TUTYNbDCvVGF473UQZuJC8pXGK9PRMFkRSwHDbmDFcCprUap6MbbkQAjGA5yF5eL6JLa5Eh3ipUe9L79VBovQBR,2026-02-17T11:10:40.000Z,3uZcofBKVBYFrQ7jVjTFLEMWAQiZcih4AES5tKBqdo7m,UUAhspPgUdGuXUnokmxERH1VvNGNh1ouN3mfcbfV8yd,0.069089189,TOKEN,success
4TUTYNbDCvVGF473UQZuJC8pXGK9PRMFkRSwHDbmDFcCprUap6MbbkQAjGA5yF5eL6JLa5Eh3ipUe9L79VBovQBR,2026-02-17T11:10:40.000Z,,2YM8LrJGRtsDcWeqsjX2EQwJfhArxyDdtDzgt7vrwwbV,0.002275,TOKEN,success
4veRobNQLr57RPN1sTUUMkP7Pq8XhuXAw8ozYZJ9c75u7GHpZQF1KqY3dL3TNw5wp9P8mXXpZPTg8iHyinTTo7ng,2026-02-17T10:56:49.000Z,8sEXhMjpAfnUcESZeR8m4T7GXQnraR6s8vjUt6WceaJ3,5LDQNF2DRwuABwvKUYTj9b4oteJc9sJXjFn4Z2Wx3sdv,252172.116966001,TOKEN,success
2p31YNx7VDQjCQmUx8rx9tJbYkcDMBSpes2qpJKbidK6meCo1a5maMPxitMmQ6s1jHKZ292nNxSMYPRxSJTazBMb,2026-02-17T10:51:22.000Z,2qPu25VWn8Lpe6RneNNUUhTGyFFAVU4bnCC9STwq1RDs,2kim6ccZHZPvHMASSQY855aXts3e4zNZ173aC7Va4kwb,0.116788,TOKEN,success
2p31YNx7VDQjCQmUx8rx9tJbYkcDMBSpes2qpJKbidK6meCo1a5maMPxitMmQ6s1jHKZ292nNxSMYPRxSJTazBMb,2026-02-17T10:51:22.000Z,2kim6ccZHZPvHMASSQY855aXts3e4zNZ173aC7Va4kwb,2qPu25VWn8Lpe6RneNNUUhTGyFFAVU4bnCC9STwq1RDs,224.595691979,TOKEN,success
2p31YNx7VDQjCQmUx8rx9tJbYkcDMBSpes2qpJKbidK6meCo1a5maMPxitMmQ6s1jHKZ292nNxSMYPRxSJTazBMb,2026-02-17T10:51:22.000Z,2qPu25VWn8Lpe6RneNNUUhTGyFFAVU4bnCC9STwq1RDs,GGztQqQ6pCPaJQnNpXBgELr5cs3WwDakRbh1iEMzjgSJ,224.595691979,TOKEN,success
2p31YNx7VDQjCQmUx8rx9tJbYkcDMBSpes2qpJKbidK6meCo1a5maMPxitMmQ6s1jHKZ292nNxSMYPRxSJTazBMb,2026-02-17T10:51:22.000Z,GGztQqQ6pCPaJQnNpXBgELr5cs3WwDakRbh1iEMzjgSJ,3uZcofBKVBYFrQ7jVjTFLEMWAQiZcih4AES5tKBqdo7m,224.595571625,TOKEN,success
2p31YNx7VDQjCQmUx8rx9tJbYkcDMBSpes2qpJKbidK6meCo1a5maMPxitMmQ6s1jHKZ292nNxSMYPRxSJTazBMb,2026-02-17T10:51:22.000Z,3uZcofBKVBYFrQ7jVjTFLEMWAQiZcih4AES5tKBqdo7m,GGztQqQ6pCPaJQnNpXBgELr5cs3WwDakRbh1iEMzjgSJ,0.001370427,TOKEN,success
2p31YNx7VDQjCQmUx8rx9tJbYkcDMBSpes2qpJKbidK6meCo1a5maMPxitMmQ6s1jHKZ292nNxSMYPRxSJTazBMb,2026-02-17T10:51:22.000Z,GGztQqQ6pCPaJQnNpXBgELr5cs3WwDakRbh1iEMzjgSJ,6KX9iiLFBcwfjq3uMqeeMukaMZt5rQYTsbZZTnxbzsz6,0.001370427,TOKEN,success
2p31YNx7VDQjCQmUx8rx9tJbYkcDMBSpes2qpJKbidK6meCo1a5maMPxitMmQ6s1jHKZ292nNxSMYPRxSJTazBMb,2026-02-17T10:51:22.000Z,6KX9iiLFBcwfjq3uMqeeMukaMZt5rQYTsbZZTnxbzsz6,GGztQqQ6pCPaJQnNpXBgELr5cs3WwDakRbh1iEMzjgSJ,0.034661,TOKEN,success
2p31YNx7VDQjCQmUx8rx9tJbYkcDMBSpes2qpJKbidK6meCo1a5maMPxitMmQ6s1jHKZ292nNxSMYPRxSJTazBMb,2026-02-17T10:51:22.000Z,GGztQqQ6pCPaJQnNpXBgELr5cs3WwDakRbh1iEMzjgSJ,2qPu25VWn8Lpe6RneNNUUhTGyFFAVU4bnCC9STwq1RDs,0.034661,TOKEN,success
2p31YNx7VDQjCQmUx8rx9tJbYkcDMBSpes2qpJKbidK6meCo1a5maMPxitMmQ6s1jHKZ292nNxSMYPRxSJTazBMb,2026-02-17T10:51:22.000Z,,2YM8LrJGRtsDcWeqsjX2EQwJfhArxyDdtDzgt7vrwwbV,0.000046,TOKEN,success
2p31YNx7VDQjCQmUx8rx9tJbYkcDMBSpes2qpJKbidK6meCo1a5maMPxitMmQ6s1jHKZ292nNxSMYPRxSJTazBMb,2026-02-17T10:51:22.000Z,2qPu25VWn8Lpe6RneNNUUhTGyFFAVU4bnCC9STwq1RDs,2kim6ccZHZPvHMASSQY855aXts3e4zNZ173aC7Va4kwb,0.034657,TOKEN,success
2p31YNx7VDQjCQmUx8rx9tJbYkcDMBSpes2qpJKbidK6meCo1a5maMPxitMmQ6s1jHKZ292nNxSMYPRxSJTazBMb,2026-02-17T10:51:22.000Z,2kim6ccZHZPvHMASSQY855aXts3e4zNZ173aC7Va4kwb,2qPu25VWn8Lpe6RneNNUUhTGyFFAVU4bnCC9STwq1RDs,0.11736,TOKEN,success
2FEYjXNfVBQPwGdbaEVDgBqKXVViUVEpq3tnkGCDv9jGiGJkyCwVDB9k1qHqMLbsuyJCFSCnuVwAYfBvtXLorTE6,2026-02-17T10:49:52.000Z,LvjCuiYEvNiHiXNAMUPUDbuCrmaMTUyubLypXwn22Fm,BjHqhgCrrCgk4MMvUrPNZTagbMmcXScfqrY7wrthSRTX,0.27032,TOKEN,success
2FEYjXNfVBQPwGdbaEVDgBqKXVViUVEpq3tnkGCDv9jGiGJkyCwVDB9k1qHqMLbsuyJCFSCnuVwAYfBvtXLorTE6,2026-02-17T10:49:52.000Z,BjHqhgCrrCgk4MMvUrPNZTagbMmcXScfqrY7wrthSRTX,LvjCuiYEvNiHiXNAMUPUDbuCrmaMTUyubLypXwn22Fm,3.139396,TOKEN,success
2FEYjXNfVBQPwGdbaEVDgBqKXVViUVEpq3tnkGCDv9jGiGJkyCwVDB9k1qHqMLbsuyJCFSCnuVwAYfBvtXLorTE6,2026-02-17T10:49:52.000Z,LvjCuiYEvNiHiXNAMUPUDbuCrmaMTUyubLypXwn22Fm,6WYNf7bAjPyba2rxUP316VConDNXzAuY4t6e56AFxirA,3.139396,TOKEN,success
2FEYjXNfVBQPwGdbaEVDgBqKXVViUVEpq3tnkGCDv9jGiGJkyCwVDB9k1qHqMLbsuyJCFSCnuVwAYfBvtXLorTE6,2026-02-17T10:49:52.000Z,6WYNf7bAjPyba2rxUP316VConDNXzAuY4t6e56AFxirA,LvjCuiYEvNiHiXNAMUPUDbuCrmaMTUyubLypXwn22Fm,524.385412582,TOKEN,success
2FEYjXNfVBQPwGdbaEVDgBqKXVViUVEpq3tnkGCDv9jGiGJkyCwVDB9k1qHqMLbsuyJCFSCnuVwAYfBvtXLorTE6,2026-02-17T10:49:52.000Z,LvjCuiYEvNiHiXNAMUPUDbuCrmaMTUyubLypXwn22Fm,5Q544fKrFoe6tsEbD7S8EmxGTJYAKtTVhAW5Q5pge4j1,524.385412582,TOKEN,success
2FEYjXNfVBQPwGdbaEVDgBqKXVViUVEpq3tnkGCDv9jGiGJkyCwVDB9k1qHqMLbsuyJCFSCnuVwAYfBvtXLorTE6,2026-02-17T10:49:52.000Z,5Q544fKrFoe6tsEbD7S8EmxGTJYAKtTVhAW5Q5pge4j1,LvjCuiYEvNiHiXNAMUPUDbuCrmaMTUyubLypXwn22Fm,0.27154,TOKEN,success
4Pyg8BXfNgSHeaXSLoJSWUbR1DEyegCn4g4qQig6dEz5dndaeoKRvj8oAdHdovscXSHUS9Hkfpqz1GoE3J2RdVco,2026-02-17T10:44:33.000Z,8Sq84PgoYqPh739bz7ivgrbhijpp87VoooQmom9CTkXg,4GZyaQCEsGTKE7Xr81V3xhcaoLS97gjWK7E2U4RegVXt,0.00203928,SOL,success
4Pyg8BXfNgSHeaXSLoJSWUbR1DEyegCn4g4qQig6dEz5dndaeoKRvj8oAdHdovscXSHUS9Hkfpqz1GoE3J2RdVco,2026-02-17T10:44:33.000Z,4GZyaQCEsGTKE7Xr81V3xhcaoLS97gjWK7E2U4RegVXt,8Sq84PgoYqPh739bz7ivgrbhijpp87VoooQmom9CTkXg,0.014223652,SOL,success
4Pyg8BXfNgSHeaXSLoJSWUbR1DEyegCn4g4qQig6dEz5dndaeoKRvj8oAdHdovscXSHUS9Hkfpqz1GoE3J2RdVco,2026-02-17T10:44:33.000Z,8Sq84PgoYqPh739bz7ivgrbhijpp87VoooQmom9CTkXg,HFqp6ErWHY6Uzhj8rFyjYuDya2mXUpYEk8VW75K9PSiY,2000,TOKEN,success
4Pyg8BXfNgSHeaXSLoJSWUbR1DEyegCn4g4qQig6dEz5dndaeoKRvj8oAdHdovscXSHUS9Hkfpqz1GoE3J2RdVco,2026-02-17T10:44:33.000Z,HFqp6ErWHY6Uzhj8rFyjYuDya2mXUpYEk8VW75K9PSiY,5Q544fKrFoe6tsEbD7S8EmxGTJYAKtTVhAW5Q5pge4j1,2000,TOKEN,success
4Pyg8BXfNgSHeaXSLoJSWUbR1DEyegCn4g4qQig6dEz5dndaeoKRvj8oAdHdovscXSHUS9Hkfpqz1GoE3J2RdVco,2026-02-17T10:44:33.000Z,5Q544fKrFoe6tsEbD7S8EmxGTJYAKtTVhAW5Q5pge4j1,HFqp6ErWHY6Uzhj8rFyjYuDya2mXUpYEk8VW75K9PSiY,1.412937,TOKEN,success
4Pyg8BXfNgSHeaXSLoJSWUbR1DEyegCn4g4qQig6dEz5dndaeoKRvj8oAdHdovscXSHUS9Hkfpqz1GoE3J2RdVco,2026-02-17T10:44:33.000Z,HFqp6ErWHY6Uzhj8rFyjYuDya2mXUpYEk8VW75K9PSiY,2AXXcN6oN9bBT5owwmTH53C7QHUXvhLeu718Kqt8rvY2,1.412937,TOKEN,success
4Pyg8BXfNgSHeaXSLoJSWUbR1DEyegCn4g4qQig6dEz5dndaeoKRvj8oAdHdovscXSHUS9Hkfpqz1GoE3J2RdVco,2026-02-17T10:44:33.000Z,2AXXcN6oN9bBT5owwmTH53C7QHUXvhLeu718Kqt8rvY2,HFqp6ErWHY6Uzhj8rFyjYuDya2mXUpYEk8VW75K9PSiY,0.012196568,TOKEN,success
4Pyg8BXfNgSHeaXSLoJSWUbR1DEyegCn4g4qQig6dEz5dndaeoKRvj8oAdHdovscXSHUS9Hkfpqz1GoE3J2RdVco,2026-02-17T10:44:33.000Z,HFqp6ErWHY6Uzhj8rFyjYuDya2mXUpYEk8VW75K9PSiY,HFqp6ErWHY6Uzhj8rFyjYuDya2mXUpYEk8VW75K9PSiY,0.000012196,TOKEN,success
4Pyg8BXfNgSHeaXSLoJSWUbR1DEyegCn4g4qQig6dEz5dndaeoKRvj8oAdHdovscXSHUS9Hkfpqz1GoE3J2RdVco,2026-02-17T10:44:33.000Z,HFqp6ErWHY6Uzhj8rFyjYuDya2mXUpYEk8VW75K9PSiY,8Sq84PgoYqPh739bz7ivgrbhijpp87VoooQmom9CTkXg,0.012184372,TOKEN,success
5kcuu3ZKNcXaA9sTLG483YGwEfJYY7wuqr5iEVJJ7hMDN8K9MXgoMqQJhPGrJP9jNzGerfVuTXMJyFmBsYCSjrLG,2026-02-17T10:42:29.000Z,8SP5QcgSDNgCMTQ9aSmMih9kDdrKnYstAeLAfxVniYPg,8EJawzyz2XTQfa86kzJPNMBqdH21c3294BcoNhnzhUQz,0.00203928,SOL,success
5kcuu3ZKNcXaA9sTLG483YGwEfJYY7wuqr5iEVJJ7hMDN8K9MXgoMqQJhPGrJP9jNzGerfVuTXMJyFmBsYCSjrLG,2026-02-17T10:42:29.000Z,8SP5QcgSDNgCMTQ9aSmMih9kDdrKnYstAeLAfxVniYPg,CcTNKBhQKYu7nB4eRrRFQoXEvpd6H5QnGKh93pwniBtp,0.000006942,SOL,success
5kcuu3ZKNcXaA9sTLG483YGwEfJYY7wuqr5iEVJJ7hMDN8K9MXgoMqQJhPGrJP9jNzGerfVuTXMJyFmBsYCSjrLG,2026-02-17T10:42:29.000Z,ARu4n5mFdZogZAravu7CcizaojWnS6oqka37gdLT5SZn,9yj3zvLS3fDMqi1F8zhkaWfq8TZpZWHe6cz1Sgt7djXf,0.00000368,SOL,success
5kcuu3ZKNcXaA9sTLG483YGwEfJYY7wuqr5iEVJJ7hMDN8K9MXgoMqQJhPGrJP9jNzGerfVuTXMJyFmBsYCSjrLG,2026-02-17T10:42:29.000Z,ARu4n5mFdZogZAravu7CcizaojWnS6oqka37gdLT5SZn,9yj3zvLS3fDMqi1F8zhkaWfq8TZpZWHe6cz1Sgt7djXf,1e-9,SOL,success
5kcuu3ZKNcXaA9sTLG483YGwEfJYY7wuqr5iEVJJ7hMDN8K9MXgoMqQJhPGrJP9jNzGerfVuTXMJyFmBsYCSjrLG,2026-02-17T10:42:29.000Z,ARu4n5mFdZogZAravu7CcizaojWnS6oqka37gdLT5SZn,8SP5QcgSDNgCMTQ9aSmMih9kDdrKnYstAeLAfxVniYPg,0.002468623,SOL,success
5kcuu3ZKNcXaA9sTLG483YGwEfJYY7wuqr5iEVJJ7hMDN8K9MXgoMqQJhPGrJP9jNzGerfVuTXMJyFmBsYCSjrLG,2026-02-17T10:42:29.000Z,8EJawzyz2XTQfa86kzJPNMBqdH21c3294BcoNhnzhUQz,ARu4n5mFdZogZAravu7CcizaojWnS6oqka37gdLT5SZn,0.002472304,SOL,success
5kcuu3ZKNcXaA9sTLG483YGwEfJYY7wuqr5iEVJJ7hMDN8K9MXgoMqQJhPGrJP9jNzGerfVuTXMJyFmBsYCSjrLG,2026-02-17T10:42:29.000Z,8SP5QcgSDNgCMTQ9aSmMih9kDdrKnYstAeLAfxVniYPg,ARu4n5mFdZogZAravu7CcizaojWnS6oqka37gdLT5SZn,70.904056819,TOKEN,success
5kcuu3ZKNcXaA9sTLG483YGwEfJYY7wuqr5iEVJJ7hMDN8K9MXgoMqQJhPGrJP9jNzGerfVuTXMJyFmBsYCSjrLG,2026-02-17T10:42:29.000Z,ARu4n5mFdZogZAravu7CcizaojWnS6oqka37gdLT5SZn,8SP5QcgSDNgCMTQ9aSmMih9kDdrKnYstAeLAfxVniYPg,0.000433024,TOKEN,success
5kcuu3ZKNcXaA9sTLG483YGwEfJYY7wuqr5iEVJJ7hMDN8K9MXgoMqQJhPGrJP9jNzGerfVuTXMJyFmBsYCSjrLG,2026-02-17T10:42:29.000Z,ARu4n5mFdZogZAravu7CcizaojWnS6oqka37gdLT5SZn,7nDSrtf8iak4if2t1zydxz9AKHt1TXdDp4drzmmhUFDP,70.903920756,TOKEN,success
5kcuu3ZKNcXaA9sTLG483YGwEfJYY7wuqr5iEVJJ7hMDN8K9MXgoMqQJhPGrJP9jNzGerfVuTXMJyFmBsYCSjrLG,2026-02-17T10:42:29.000Z,7nDSrtf8iak4if2t1zydxz9AKHt1TXdDp4drzmmhUFDP,ARu4n5mFdZogZAravu7CcizaojWnS6oqka37gdLT5SZn,0.000433024,TOKEN,success
2UUuToitFQ3k3DPd6x5HDA4DQVRzAScAaUKxhmPkTW71YzuPfYzXL4A22wsnVCVKhqhwUpgZhDs4uyk9djFqmgsN,2026-02-17T10:40:46.000Z,SUPErMoycPz71hmZXr78P7cXFYQhdpV39Roeoe2DxUC,ADaUMid9yfUytqMBgopwjb2DTLSokTSzL1zt6iGPaS49,0.00001334,SOL,success
2UUuToitFQ3k3DPd6x5HDA4DQVRzAScAaUKxhmPkTW71YzuPfYzXL4A22wsnVCVKhqhwUpgZhDs4uyk9djFqmgsN,2026-02-17T10:40:46.000Z,SUPErMoycPz71hmZXr78P7cXFYQhdpV39Roeoe2DxUC,A6u8tWDtSNuEyZSZufoP9TGQvuEREKnpGcNP7xUsYMKq,0.006033987,TOKEN,success
2UUuToitFQ3k3DPd6x5HDA4DQVRzAScAaUKxhmPkTW71YzuPfYzXL4A22wsnVCVKhqhwUpgZhDs4uyk9djFqmgsN,2026-02-17T10:40:46.000Z,A6u8tWDtSNuEyZSZufoP9TGQvuEREKnpGcNP7xUsYMKq,SUPErMoycPz71hmZXr78P7cXFYQhdpV39Roeoe2DxUC,62909.47096,TOKEN,success
2UUuToitFQ3k3DPd6x5HDA4DQVRzAScAaUKxhmPkTW71YzuPfYzXL4A22wsnVCVKhqhwUpgZhDs4uyk9djFqmgsN,2026-02-17T10:40:46.000Z,SUPErMoycPz71hmZXr78P7cXFYQhdpV39Roeoe2DxUC,F662n6Ac6EPcMzc6Ra5DMhoXo9U3utVX9fNUiGWnBXvA,62909.47096,TOKEN,success
2UUuToitFQ3k3DPd6x5HDA4DQVRzAScAaUKxhmPkTW71YzuPfYzXL4A22wsnVCVKhqhwUpgZhDs4uyk9djFqmgsN,2026-02-17T10:40:46.000Z,F662n6Ac6EPcMzc6Ra5DMhoXo9U3utVX9fNUiGWnBXvA,SUPErMoycPz71hmZXr78P7cXFYQhdpV39Roeoe2DxUC,993.08914261,TOKEN,success
2UUuToitFQ3k3DPd6x5HDA4DQVRzAScAaUKxhmPkTW71YzuPfYzXL4A22wsnVCVKhqhwUpgZhDs4uyk9djFqmgsN,2026-02-17T10:40:46.000Z,SUPErMoycPz71hmZXr78P7cXFYQhdpV39Roeoe2DxUC,7nDSrtf8iak4if2t1zydxz9AKHt1TXdDp4drzmmhUFDP,993.088981236,TOKEN,success
2UUuToitFQ3k3DPd6x5HDA4DQVRzAScAaUKxhmPkTW71YzuPfYzXL4A22wsnVCVKhqhwUpgZhDs4uyk9djFqmgsN,2026-02-17T10:40:46.000Z,7nDSrtf8iak4if2t1zydxz9AKHt1TXdDp4drzmmhUFDP,SUPErMoycPz71hmZXr78P7cXFYQhdpV39Roeoe2DxUC,0.006065668,TOKEN,success
oSh42wft8gKsywCqvGpcNt1YUNV3FJ8UF1kQWvrkpJq3pPVrAnJ32oHnwsZWbU8j1ZyqUUGBLeoyEjuWSUBr6sU,2026-02-17T10:39:38.000Z,LvjCuiYEvNiHiXNAMUPUDbuCrmaMTUyubLypXwn22Fm,BP4Wr3XnsAWxcWMRRNJSchEs4Pc59QuoYZ8gFYc1ffs2,0.223935,TOKEN,success
oSh42wft8gKsywCqvGpcNt1YUNV3FJ8UF1kQWvrkpJq3pPVrAnJ32oHnwsZWbU8j1ZyqUUGBLeoyEjuWSUBr6sU,2026-02-17T10:39:38.000Z,BP4Wr3XnsAWxcWMRRNJSchEs4Pc59QuoYZ8gFYc1ffs2,LvjCuiYEvNiHiXNAMUPUDbuCrmaMTUyubLypXwn22Fm,0.000002,TOKEN,success
oSh42wft8gKsywCqvGpcNt1YUNV3FJ8UF1kQWvrkpJq3pPVrAnJ32oHnwsZWbU8j1ZyqUUGBLeoyEjuWSUBr6sU,2026-02-17T10:39:38.000Z,BP4Wr3XnsAWxcWMRRNJSchEs4Pc59QuoYZ8gFYc1ffs2,LvjCuiYEvNiHiXNAMUPUDbuCrmaMTUyubLypXwn22Fm,2.586498,TOKEN,success
oSh42wft8gKsywCqvGpcNt1YUNV3FJ8UF1kQWvrkpJq3pPVrAnJ32oHnwsZWbU8j1ZyqUUGBLeoyEjuWSUBr6sU,2026-02-17T10:39:38.000Z,LvjCuiYEvNiHiXNAMUPUDbuCrmaMTUyubLypXwn22Fm,6WYNf7bAjPyba2rxUP316VConDNXzAuY4t6e56AFxirA,2.586498,TOKEN,success
oSh42wft8gKsywCqvGpcNt1YUNV3FJ8UF1kQWvrkpJq3pPVrAnJ32oHnwsZWbU8j1ZyqUUGBLeoyEjuWSUBr6sU,2026-02-17T10:39:38.000Z,6WYNf7bAjPyba2rxUP316VConDNXzAuY4t6e56AFxirA,LvjCuiYEvNiHiXNAMUPUDbuCrmaMTUyubLypXwn22Fm,434.537258977,TOKEN,success
oSh42wft8gKsywCqvGpcNt1YUNV3FJ8UF1kQWvrkpJq3pPVrAnJ32oHnwsZWbU8j1ZyqUUGBLeoyEjuWSUBr6sU,2026-02-17T10:39:38.000Z,LvjCuiYEvNiHiXNAMUPUDbuCrmaMTUyubLypXwn22Fm,5Q544fKrFoe6tsEbD7S8EmxGTJYAKtTVhAW5Q5pge4j1,434.537258977,TOKEN,success
oSh42wft8gKsywCqvGpcNt1YUNV3FJ8UF1kQWvrkpJq3pPVrAnJ32oHnwsZWbU8j1ZyqUUGBLeoyEjuWSUBr6sU,2026-02-17T10:39:38.000Z,5Q544fKrFoe6tsEbD7S8EmxGTJYAKtTVhAW5Q5pge4j1,LvjCuiYEvNiHiXNAMUPUDbuCrmaMTUyubLypXwn22Fm,0.225136,TOKEN,success
4rLGBsiBK1WTDruf42gWiXDi3WLT2ZMc92P5JJijdTMKfKh7gRnTUHcRn2w5MAxA6Yxqv1SSGERaN7eCa9fRyF7r,2026-02-17T10:37:57.000Z,3nMNd89AxwHUa1AFvQGqohRkxFEQsTsgiEyEyqXFHyyH,EybYMb5yjHYNE9BhsKNH62X2boGp6qKF8mc7dCsgZ4Np,0.001006152,SOL,success
4rLGBsiBK1WTDruf42gWiXDi3WLT2ZMc92P5JJijdTMKfKh7gRnTUHcRn2w5MAxA6Yxqv1SSGERaN7eCa9fRyF7r,2026-02-17T10:37:57.000Z,3nMNd89AxwHUa1AFvQGqohRkxFEQsTsgiEyEyqXFHyyH,2ySwA2Suk8dCRTwdPUC79CBeL7sJRAqFLnVpP9GGGrKN,0.004351089,TOKEN,success
4rLGBsiBK1WTDruf42gWiXDi3WLT2ZMc92P5JJijdTMKfKh7gRnTUHcRn2w5MAxA6Yxqv1SSGERaN7eCa9fRyF7r,2026-02-17T10:37:57.000Z,2ySwA2Suk8dCRTwdPUC79CBeL7sJRAqFLnVpP9GGGrKN,3nMNd89AxwHUa1AFvQGqohRkxFEQsTsgiEyEyqXFHyyH,44894.48823,TOKEN,success
4rLGBsiBK1WTDruf42gWiXDi3WLT2ZMc92P5JJijdTMKfKh7gRnTUHcRn2w5MAxA6Yxqv1SSGERaN7eCa9fRyF7r,2026-02-17T10:37:57.000Z,3nMNd89AxwHUa1AFvQGqohRkxFEQsTsgiEyEyqXFHyyH,F662n6Ac6EPcMzc6Ra5DMhoXo9U3utVX9fNUiGWnBXvA,44894.48823,TOKEN,success
4rLGBsiBK1WTDruf42gWiXDi3WLT2ZMc92P5JJijdTMKfKh7gRnTUHcRn2w5MAxA6Yxqv1SSGERaN7eCa9fRyF7r,2026-02-17T10:37:57.000Z,F662n6Ac6EPcMzc6Ra5DMhoXo9U3utVX9fNUiGWnBXvA,3nMNd89AxwHUa1AFvQGqohRkxFEQsTsgiEyEyqXFHyyH,712.121366594,TOKEN,success
4rLGBsiBK1WTDruf42gWiXDi3WLT2ZMc92P5JJijdTMKfKh7gRnTUHcRn2w5MAxA6Yxqv1SSGERaN7eCa9fRyF7r,2026-02-17T10:37:57.000Z,3nMNd89AxwHUa1AFvQGqohRkxFEQsTsgiEyEyqXFHyyH,2AXXcN6oN9bBT5owwmTH53C7QHUXvhLeu718Kqt8rvY2,0.501783,TOKEN,success
4rLGBsiBK1WTDruf42gWiXDi3WLT2ZMc92P5JJijdTMKfKh7gRnTUHcRn2w5MAxA6Yxqv1SSGERaN7eCa9fRyF7r,2026-02-17T10:37:57.000Z,2AXXcN6oN9bBT5owwmTH53C7QHUXvhLeu718Kqt8rvY2,3nMNd89AxwHUa1AFvQGqohRkxFEQsTsgiEyEyqXFHyyH,0.004371147,TOKEN,success
4rLGBsiBK1WTDruf42gWiXDi3WLT2ZMc92P5JJijdTMKfKh7gRnTUHcRn2w5MAxA6Yxqv1SSGERaN7eCa9fRyF7r,2026-02-17T10:37:57.000Z,3nMNd89AxwHUa1AFvQGqohRkxFEQsTsgiEyEyqXFHyyH,5Q544fKrFoe6tsEbD7S8EmxGTJYAKtTVhAW5Q5pge4j1,712.121366594,TOKEN,success
4rLGBsiBK1WTDruf42gWiXDi3WLT2ZMc92P5JJijdTMKfKh7gRnTUHcRn2w5MAxA6Yxqv1SSGERaN7eCa9fRyF7r,2026-02-17T10:37:57.000Z,5Q544fKrFoe6tsEbD7S8EmxGTJYAKtTVhAW5Q5pge4j1,3nMNd89AxwHUa1AFvQGqohRkxFEQsTsgiEyEyqXFHyyH,0.501783,TOKEN,success
5W5hFuGJeX36JxnDwSbhfBFMfHJc44vRwWNYMb4QrXsJG6MtWEs5bhwJkky4dmmBx4Ey1qscjzWrMjSSpEQXiHwb,2026-02-17T10:37:36.000Z,SUPErMoycPz71hmZXr78P7cXFYQhdpV39Roeoe2DxUC,5VY91ws6B2hMmBFRsXkoAAdsPHBJwRfBht4DXox3xkwn,0.000035362,SOL,success
5W5hFuGJeX36JxnDwSbhfBFMfHJc44vRwWNYMb4QrXsJG6MtWEs5bhwJkky4dmmBx4Ey1qscjzWrMjSSpEQXiHwb,2026-02-17T10:37:36.000Z,SUPErMoycPz71hmZXr78P7cXFYQhdpV39Roeoe2DxUC,4nAiqm5QiZiwh1sMpmuJJdVUH12Fst2kPPzApNfppQGd,0.203838467,TOKEN,success
5W5hFuGJeX36JxnDwSbhfBFMfHJc44vRwWNYMb4QrXsJG6MtWEs5bhwJkky4dmmBx4Ey1qscjzWrMjSSpEQXiHwb,2026-02-17T10:37:36.000Z,4nAiqm5QiZiwh1sMpmuJJdVUH12Fst2kPPzApNfppQGd,SUPErMoycPz71hmZXr78P7cXFYQhdpV39Roeoe2DxUC,33204.939371989,TOKEN,success
5W5hFuGJeX36JxnDwSbhfBFMfHJc44vRwWNYMb4QrXsJG6MtWEs5bhwJkky4dmmBx4Ey1qscjzWrMjSSpEQXiHwb,2026-02-17T10:37:36.000Z,SUPErMoycPz71hmZXr78P7cXFYQhdpV39Roeoe2DxUC,2AXXcN6oN9bBT5owwmTH53C7QHUXvhLeu718Kqt8rvY2,23.527634,TOKEN,success
5W5hFuGJeX36JxnDwSbhfBFMfHJc44vRwWNYMb4QrXsJG6MtWEs5bhwJkky4dmmBx4Ey1qscjzWrMjSSpEQXiHwb,2026-02-17T10:37:36.000Z,2AXXcN6oN9bBT5owwmTH53C7QHUXvhLeu718Kqt8rvY2,SUPErMoycPz71hmZXr78P7cXFYQhdpV39Roeoe2DxUC,0.203956343,TOKEN,success
5W5hFuGJeX36JxnDwSbhfBFMfHJc44vRwWNYMb4QrXsJG6MtWEs5bhwJkky4dmmBx4Ey1qscjzWrMjSSpEQXiHwb,2026-02-17T10:37:36.000Z,SUPErMoycPz71hmZXr78P7cXFYQhdpV39Roeoe2DxUC,5Q544fKrFoe6tsEbD7S8EmxGTJYAKtTVhAW5Q5pge4j1,33204.939371989,TOKEN,success
5W5hFuGJeX36JxnDwSbhfBFMfHJc44vRwWNYMb4QrXsJG6MtWEs5bhwJkky4dmmBx4Ey1qscjzWrMjSSpEQXiHwb,2026-02-17T10:37:36.000Z,5Q544fKrFoe6tsEbD7S8EmxGTJYAKtTVhAW5Q5pge4j1,SUPErMoycPz71hmZXr78P7cXFYQhdpV39Roeoe2DxUC,23.527634,TOKEN,success
4zM5rdGo6t8EocKfAtC7FVECtLUQy9XXU25Ck8vNXohZYD4JAyAh5poRAZDiWGyoxdAaGbabpBA7PdypYKMyiCK3,2026-02-17T10:37:32.000Z,3nMNd89AxwHUa1AFvQGqohRkxFEQsTsgiEyEyqXFHyyH,3KYQVYTTFj4Np41oJaGYHKwc6uVxtKCMq6V5e7LpUNya,0.001006,SOL,success
4zM5rdGo6t8EocKfAtC7FVECtLUQy9XXU25Ck8vNXohZYD4JAyAh5poRAZDiWGyoxdAaGbabpBA7PdypYKMyiCK3,2026-02-17T10:37:32.000Z,3nMNd89AxwHUa1AFvQGqohRkxFEQsTsgiEyEyqXFHyyH,9vqYJjDUFecLL2xPUC4Rc7hyCtZ6iJ4mDiVZX7aFXoAe,1.016035,TOKEN,success
4zM5rdGo6t8EocKfAtC7FVECtLUQy9XXU25Ck8vNXohZYD4JAyAh5poRAZDiWGyoxdAaGbabpBA7PdypYKMyiCK3,2026-02-17T10:37:32.000Z,9vqYJjDUFecLL2xPUC4Rc7hyCtZ6iJ4mDiVZX7aFXoAe,3nMNd89AxwHUa1AFvQGqohRkxFEQsTsgiEyEyqXFHyyH,1951.953576823,TOKEN,success
4zM5rdGo6t8EocKfAtC7FVECtLUQy9XXU25Ck8vNXohZYD4JAyAh5poRAZDiWGyoxdAaGbabpBA7PdypYKMyiCK3,2026-02-17T10:37:32.000Z,3nMNd89AxwHUa1AFvQGqohRkxFEQsTsgiEyEyqXFHyyH,2AXXcN6oN9bBT5owwmTH53C7QHUXvhLeu718Kqt8rvY2,1.384159,TOKEN,success
4zM5rdGo6t8EocKfAtC7FVECtLUQy9XXU25Ck8vNXohZYD4JAyAh5poRAZDiWGyoxdAaGbabpBA7PdypYKMyiCK3,2026-02-17T10:37:32.000Z,2AXXcN6oN9bBT5owwmTH53C7QHUXvhLeu718Kqt8rvY2,3nMNd89AxwHUa1AFvQGqohRkxFEQsTsgiEyEyqXFHyyH,0.011971153,TOKEN,success
4zM5rdGo6t8EocKfAtC7FVECtLUQy9XXU25Ck8vNXohZYD4JAyAh5poRAZDiWGyoxdAaGbabpBA7PdypYKMyiCK3,2026-02-17T10:37:32.000Z,3nMNd89AxwHUa1AFvQGqohRkxFEQsTsgiEyEyqXFHyyH,Czfq3xZZDmsdGdUyrNLtRhGc47cXcZtLG4crryfu44zE,0.011971153,TOKEN,success
4zM5rdGo6t8EocKfAtC7FVECtLUQy9XXU25Ck8vNXohZYD4JAyAh5poRAZDiWGyoxdAaGbabpBA7PdypYKMyiCK3,2026-02-17T10:37:32.000Z,Czfq3xZZDmsdGdUyrNLtRhGc47cXcZtLG4crryfu44zE,3nMNd89AxwHUa1AFvQGqohRkxFEQsTsgiEyEyqXFHyyH,1.017226,TOKEN,success
4zM5rdGo6t8EocKfAtC7FVECtLUQy9XXU25Ck8vNXohZYD4JAyAh5poRAZDiWGyoxdAaGbabpBA7PdypYKMyiCK3,2026-02-17T10:37:32.000Z,3nMNd89AxwHUa1AFvQGqohRkxFEQsTsgiEyEyqXFHyyH,5Q544fKrFoe6tsEbD7S8EmxGTJYAKtTVhAW5Q5pge4j1,1951.953576823,TOKEN,success
4zM5rdGo6t8EocKfAtC7FVECtLUQy9XXU25Ck8vNXohZYD4JAyAh5poRAZDiWGyoxdAaGbabpBA7PdypYKMyiCK3,2026-02-17T10:37:32.000Z,5Q544fKrFoe6tsEbD7S8EmxGTJYAKtTVhAW5Q5pge4j1,3nMNd89AxwHUa1AFvQGqohRkxFEQsTsgiEyEyqXFHyyH,1.384159,TOKEN,success
5QDNDUgogfWr8Pf7S9qds6vNPXFvuqXziZdPrzsNB4uWAxYNFQ9bEXYKVSG64wc9qQbe6UBZmXXpX4yvchEPjWL,2026-02-17T10:37:24.000Z,7bBp5pLeQx5iHEfZCD2zZPMSg1hzV9fprA46cEi6Jp8Z,AVedewo4W5E5C9vtjFeAe13DGq6L5WNN2Kk3yuWZGNUN,0.5,TOKEN,success
5QDNDUgogfWr8Pf7S9qds6vNPXFvuqXziZdPrzsNB4uWAxYNFQ9bEXYKVSG64wc9qQbe6UBZmXXpX4yvchEPjWL,2026-02-17T10:37:24.000Z,D5YqVMoSxnqeZAKAUUE1Dm3bmjtdxQ5DCF356ozqN9cM,5fjsTC79rPAXbCohCxKFF5cQ8NRCkwNA7jq74Cx7m5xH,0.103314,TOKEN,success
5QDNDUgogfWr8Pf7S9qds6vNPXFvuqXziZdPrzsNB4uWAxYNFQ9bEXYKVSG64wc9qQbe6UBZmXXpX4yvchEPjWL,2026-02-17T10:37:24.000Z,5fjsTC79rPAXbCohCxKFF5cQ8NRCkwNA7jq74Cx7m5xH,D5YqVMoSxnqeZAKAUUE1Dm3bmjtdxQ5DCF356ozqN9cM,200.178819164,TOKEN,success
5QDNDUgogfWr8Pf7S9qds6vNPXFvuqXziZdPrzsNB4uWAxYNFQ9bEXYKVSG64wc9qQbe6UBZmXXpX4yvchEPjWL,2026-02-17T10:37:24.000Z,AVedewo4W5E5C9vtjFeAe13DGq6L5WNN2Kk3yuWZGNUN,D5YqVMoSxnqeZAKAUUE1Dm3bmjtdxQ5DCF356ozqN9cM,0.5,TOKEN,success
5QDNDUgogfWr8Pf7S9qds6vNPXFvuqXziZdPrzsNB4uWAxYNFQ9bEXYKVSG64wc9qQbe6UBZmXXpX4yvchEPjWL,2026-02-17T10:37:24.000Z,D5YqVMoSxnqeZAKAUUE1Dm3bmjtdxQ5DCF356ozqN9cM,5Q544fKrFoe6tsEbD7S8EmxGTJYAKtTVhAW5Q5pge4j1,0.396686,TOKEN,success
5QDNDUgogfWr8Pf7S9qds6vNPXFvuqXziZdPrzsNB4uWAxYNFQ9bEXYKVSG64wc9qQbe6UBZmXXpX4yvchEPjWL,2026-02-17T10:37:24.000Z,5Q544fKrFoe6tsEbD7S8EmxGTJYAKtTVhAW5Q5pge4j1,D5YqVMoSxnqeZAKAUUE1Dm3bmjtdxQ5DCF356ozqN9cM,763.660603196,TOKEN,success
5QDNDUgogfWr8Pf7S9qds6vNPXFvuqXziZdPrzsNB4uWAxYNFQ9bEXYKVSG64wc9qQbe6UBZmXXpX4yvchEPjWL,2026-02-17T10:37:24.000Z,D5YqVMoSxnqeZAKAUUE1Dm3bmjtdxQ5DCF356ozqN9cM,5Q544fKrFoe6tsEbD7S8EmxGTJYAKtTVhAW5Q5pge4j1,963.83942236,TOKEN,success
5QDNDUgogfWr8Pf7S9qds6vNPXFvuqXziZdPrzsNB4uWAxYNFQ9bEXYKVSG64wc9qQbe6UBZmXXpX4yvchEPjWL,2026-02-17T10:37:24.000Z,5Q544fKrFoe6tsEbD7S8EmxGTJYAKtTVhAW5Q5pge4j1,D5YqVMoSxnqeZAKAUUE1Dm3bmjtdxQ5DCF356ozqN9cM,0.683772,TOKEN,success
5QDNDUgogfWr8Pf7S9qds6vNPXFvuqXziZdPrzsNB4uWAxYNFQ9bEXYKVSG64wc9qQbe6UBZmXXpX4yvchEPjWL,2026-02-17T10:37:24.000Z,D5YqVMoSxnqeZAKAUUE1Dm3bmjtdxQ5DCF356ozqN9cM,5Q544fKrFoe6tsEbD7S8EmxGTJYAKtTVhAW5Q5pge4j1,0.683772,TOKEN,success
5QDNDUgogfWr8Pf7S9qds6vNPXFvuqXziZdPrzsNB4uWAxYNFQ9bEXYKVSG64wc9qQbe6UBZmXXpX4yvchEPjWL,2026-02-17T10:37:24.000Z,5Q544fKrFoe6tsEbD7S8EmxGTJYAKtTVhAW5Q5pge4j1,D5YqVMoSxnqeZAKAUUE1Dm3bmjtdxQ5DCF356ozqN9cM,0.005902325,TOKEN,success
5QDNDUgogfWr8Pf7S9qds6vNPXFvuqXziZdPrzsNB4uWAxYNFQ9bEXYKVSG64wc9qQbe6UBZmXXpX4yvchEPjWL,2026-02-17T10:37:24.000Z,D5YqVMoSxnqeZAKAUUE1Dm3bmjtdxQ5DCF356ozqN9cM,AVedewo4W5E5C9vtjFeAe13DGq6L5WNN2Kk3yuWZGNUN,0.005902325,TOKEN,success
5QDNDUgogfWr8Pf7S9qds6vNPXFvuqXziZdPrzsNB4uWAxYNFQ9bEXYKVSG64wc9qQbe6UBZmXXpX4yvchEPjWL,2026-02-17T10:37:24.000Z,AVedewo4W5E5C9vtjFeAe13DGq6L5WNN2Kk3yuWZGNUN,Enc6rB84ZwGxZU8aqAF41dRJxg3yesiJgD7uJFVhMraM,0.005902325,TOKEN,success
5QDNDUgogfWr8Pf7S9qds6vNPXFvuqXziZdPrzsNB4uWAxYNFQ9bEXYKVSG64wc9qQbe6UBZmXXpX4yvchEPjWL,2026-02-17T10:37:24.000Z,Enc6rB84ZwGxZU8aqAF41dRJxg3yesiJgD7uJFVhMraM,ATowQwFzdJBJ9VFSfoNKmuB8GiSeo8foM5vRriwmKmFB,5.9e-8,TOKEN,success
5QDNDUgogfWr8Pf7S9qds6vNPXFvuqXziZdPrzsNB4uWAxYNFQ9bEXYKVSG64wc9qQbe6UBZmXXpX4yvchEPjWL,2026-02-17T10:37:24.000Z,Enc6rB84ZwGxZU8aqAF41dRJxg3yesiJgD7uJFVhMraM,45ruCyfdRkWpRNGEqWzjCiXRHkZs8WXCLQ67Pnpye7Hp,5.9e-8,TOKEN,success
5QDNDUgogfWr8Pf7S9qds6vNPXFvuqXziZdPrzsNB4uWAxYNFQ9bEXYKVSG64wc9qQbe6UBZmXXpX4yvchEPjWL,2026-02-17T10:37:24.000Z,Enc6rB84ZwGxZU8aqAF41dRJxg3yesiJgD7uJFVhMraM,AVedewo4W5E5C9vtjFeAe13DGq6L5WNN2Kk3yuWZGNUN,0.501628,TOKEN,success
5QDNDUgogfWr8Pf7S9qds6vNPXFvuqXziZdPrzsNB4uWAxYNFQ9bEXYKVSG64wc9qQbe6UBZmXXpX4yvchEPjWL,2026-02-17T10:37:24.000Z,AVedewo4W5E5C9vtjFeAe13DGq6L5WNN2Kk3yuWZGNUN,7bBp5pLeQx5iHEfZCD2zZPMSg1hzV9fprA46cEi6Jp8Z,0.501628,TOKEN,success
iQfQ5gRioQiXd4YV28bvCKUMCGtmdjgRTmkgsKChdMxwcGKApPwkNCXEahwzcBPPHLVaoPtig7nyfJEmALNVMQr,2026-02-17T10:37:08.000Z,3nMNd89AxwHUa1AFvQGqohRkxFEQsTsgiEyEyqXFHyyH,4xt6h2TQecZRCFBdktgxwxFuJMA2adJXBaAAcMmhs8gy,0.001006489,SOL,success
iQfQ5gRioQiXd4YV28bvCKUMCGtmdjgRTmkgsKChdMxwcGKApPwkNCXEahwzcBPPHLVaoPtig7nyfJEmALNVMQr,2026-02-17T10:37:08.000Z,3nMNd89AxwHUa1AFvQGqohRkxFEQsTsgiEyEyqXFHyyH,9vqYJjDUFecLL2xPUC4Rc7hyCtZ6iJ4mDiVZX7aFXoAe,1.07187,TOKEN,success
iQfQ5gRioQiXd4YV28bvCKUMCGtmdjgRTmkgsKChdMxwcGKApPwkNCXEahwzcBPPHLVaoPtig7nyfJEmALNVMQr,2026-02-17T10:37:08.000Z,9vqYJjDUFecLL2xPUC4Rc7hyCtZ6iJ4mDiVZX7aFXoAe,3nMNd89AxwHUa1AFvQGqohRkxFEQsTsgiEyEyqXFHyyH,2063.871608038,TOKEN,success
iQfQ5gRioQiXd4YV28bvCKUMCGtmdjgRTmkgsKChdMxwcGKApPwkNCXEahwzcBPPHLVaoPtig7nyfJEmALNVMQr,2026-02-17T10:37:08.000Z,3nMNd89AxwHUa1AFvQGqohRkxFEQsTsgiEyEyqXFHyyH,2AXXcN6oN9bBT5owwmTH53C7QHUXvhLeu718Kqt8rvY2,1.464252,TOKEN,success
iQfQ5gRioQiXd4YV28bvCKUMCGtmdjgRTmkgsKChdMxwcGKApPwkNCXEahwzcBPPHLVaoPtig7nyfJEmALNVMQr,2026-02-17T10:37:08.000Z,2AXXcN6oN9bBT5owwmTH53C7QHUXvhLeu718Kqt8rvY2,3nMNd89AxwHUa1AFvQGqohRkxFEQsTsgiEyEyqXFHyyH,0.012637567,TOKEN,success
iQfQ5gRioQiXd4YV28bvCKUMCGtmdjgRTmkgsKChdMxwcGKApPwkNCXEahwzcBPPHLVaoPtig7nyfJEmALNVMQr,2026-02-17T10:37:08.000Z,3nMNd89AxwHUa1AFvQGqohRkxFEQsTsgiEyEyqXFHyyH,3ucNos4NbumPLZNWztqGHNFFgkHeRMBQAVemeeomsUxv,0.012637567,TOKEN,success
iQfQ5gRioQiXd4YV28bvCKUMCGtmdjgRTmkgsKChdMxwcGKApPwkNCXEahwzcBPPHLVaoPtig7nyfJEmALNVMQr,2026-02-17T10:37:08.000Z,3ucNos4NbumPLZNWztqGHNFFgkHeRMBQAVemeeomsUxv,3nMNd89AxwHUa1AFvQGqohRkxFEQsTsgiEyEyqXFHyyH,1.073816,TOKEN,success
iQfQ5gRioQiXd4YV28bvCKUMCGtmdjgRTmkgsKChdMxwcGKApPwkNCXEahwzcBPPHLVaoPtig7nyfJEmALNVMQr,2026-02-17T10:37:08.000Z,3nMNd89AxwHUa1AFvQGqohRkxFEQsTsgiEyEyqXFHyyH,5Q544fKrFoe6tsEbD7S8EmxGTJYAKtTVhAW5Q5pge4j1,2063.871608038,TOKEN,success
iQfQ5gRioQiXd4YV28bvCKUMCGtmdjgRTmkgsKChdMxwcGKApPwkNCXEahwzcBPPHLVaoPtig7nyfJEmALNVMQr,2026-02-17T10:37:08.000Z,5Q544fKrFoe6tsEbD7S8EmxGTJYAKtTVhAW5Q5pge4j1,3nMNd89AxwHUa1AFvQGqohRkxFEQsTsgiEyEyqXFHyyH,1.464252,TOKEN,success
3vPm6onGyG2u9X4foq2k4cAc8T7ZGSfo383ggexibYarq9oWRE6okmN4JpzKRVugzSh4FWG9dJ7WSjgbHyhei3Y4,2026-02-17T10:37:00.000Z,68HKBoDYFRK9DsXZgGuP7357D6ASrosHfLZYpvBiLbwK,astrazznxsGUhWShqgNtAdfrzP2G83DzcWVJDxwV9bF,0.00001,SOL,success
3vPm6onGyG2u9X4foq2k4cAc8T7ZGSfo383ggexibYarq9oWRE6okmN4JpzKRVugzSh4FWG9dJ7WSjgbHyhei3Y4,2026-02-17T10:37:00.000Z,68HKBoDYFRK9DsXZgGuP7357D6ASrosHfLZYpvBiLbwK,7nDSrtf8iak4if2t1zydxz9AKHt1TXdDp4drzmmhUFDP,0.057358398,TOKEN,success
3vPm6onGyG2u9X4foq2k4cAc8T7ZGSfo383ggexibYarq9oWRE6okmN4JpzKRVugzSh4FWG9dJ7WSjgbHyhei3Y4,2026-02-17T10:37:00.000Z,7nDSrtf8iak4if2t1zydxz9AKHt1TXdDp4drzmmhUFDP,68HKBoDYFRK9DsXZgGuP7357D6ASrosHfLZYpvBiLbwK,9357.707312736,TOKEN,success
3vPm6onGyG2u9X4foq2k4cAc8T7ZGSfo383ggexibYarq9oWRE6okmN4JpzKRVugzSh4FWG9dJ7WSjgbHyhei3Y4,2026-02-17T10:37:00.000Z,68HKBoDYFRK9DsXZgGuP7357D6ASrosHfLZYpvBiLbwK,5Q544fKrFoe6tsEbD7S8EmxGTJYAKtTVhAW5Q5pge4j1,9357.707312736,TOKEN,success
3vPm6onGyG2u9X4foq2k4cAc8T7ZGSfo383ggexibYarq9oWRE6okmN4JpzKRVugzSh4FWG9dJ7WSjgbHyhei3Y4,2026-02-17T10:37:00.000Z,5Q544fKrFoe6tsEbD7S8EmxGTJYAKtTVhAW5Q5pge4j1,68HKBoDYFRK9DsXZgGuP7357D6ASrosHfLZYpvBiLbwK,6.655306,TOKEN,success
3vPm6onGyG2u9X4foq2k4cAc8T7ZGSfo383ggexibYarq9oWRE6okmN4JpzKRVugzSh4FWG9dJ7WSjgbHyhei3Y4,2026-02-17T10:37:00.000Z,68HKBoDYFRK9DsXZgGuP7357D6ASrosHfLZYpvBiLbwK,2AXXcN6oN9bBT5owwmTH53C7QHUXvhLeu718Kqt8rvY2,6.655306,TOKEN,success
3vPm6onGyG2u9X4foq2k4cAc8T7ZGSfo383ggexibYarq9oWRE6okmN4JpzKRVugzSh4FWG9dJ7WSjgbHyhei3Y4,2026-02-17T10:37:00.000Z,2AXXcN6oN9bBT5owwmTH53C7QHUXvhLeu718Kqt8rvY2,68HKBoDYFRK9DsXZgGuP7357D6ASrosHfLZYpvBiLbwK,0.057450032,TOKEN,success
3eJRr771bw2bafQthMgr3kry37euXn8UauqZZUoJe8tmsb874NyK8kMSx7QfbnNCY72Ufdf8ASti4UJUWrvYdTug,2026-02-17T10:37:00.000Z,2EZsc3KXSRusWxWnzEd7efQFcaxYpoh5LkwtvWohNKZB,HFqU5x63VTqvQss8hp11i4wVV8bD44PvwucfZ2bU7gRe,0.000062253,SOL,success
3eJRr771bw2bafQthMgr3kry37euXn8UauqZZUoJe8tmsb874NyK8kMSx7QfbnNCY72Ufdf8ASti4UJUWrvYdTug,2026-02-17T10:37:00.000Z,2EZsc3KXSRusWxWnzEd7efQFcaxYpoh5LkwtvWohNKZB,4nAiqm5QiZiwh1sMpmuJJdVUH12Fst2kPPzApNfppQGd,0.1303125,TOKEN,success
3eJRr771bw2bafQthMgr3kry37euXn8UauqZZUoJe8tmsb874NyK8kMSx7QfbnNCY72Ufdf8ASti4UJUWrvYdTug,2026-02-17T10:37:00.000Z,4nAiqm5QiZiwh1sMpmuJJdVUH12Fst2kPPzApNfppQGd,2EZsc3KXSRusWxWnzEd7efQFcaxYpoh5LkwtvWohNKZB,21247.408807383,TOKEN,success
3eJRr771bw2bafQthMgr3kry37euXn8UauqZZUoJe8tmsb874NyK8kMSx7QfbnNCY72Ufdf8ASti4UJUWrvYdTug,2026-02-17T10:37:00.000Z,2EZsc3KXSRusWxWnzEd7efQFcaxYpoh5LkwtvWohNKZB,5Q544fKrFoe6tsEbD7S8EmxGTJYAKtTVhAW5Q5pge4j1,21247.408807383,TOKEN,success
3eJRr771bw2bafQthMgr3kry37euXn8UauqZZUoJe8tmsb874NyK8kMSx7QfbnNCY72Ufdf8ASti4UJUWrvYdTug,2026-02-17T10:37:00.000Z,5Q544fKrFoe6tsEbD7S8EmxGTJYAKtTVhAW5Q5pge4j1,2EZsc3KXSRusWxWnzEd7efQFcaxYpoh5LkwtvWohNKZB,15.102084,TOKEN,success
3eJRr771bw2bafQthMgr3kry37euXn8UauqZZUoJe8tmsb874NyK8kMSx7QfbnNCY72Ufdf8ASti4UJUWrvYdTug,2026-02-17T10:37:00.000Z,2EZsc3KXSRusWxWnzEd7efQFcaxYpoh5LkwtvWohNKZB,2AXXcN6oN9bBT5owwmTH53C7QHUXvhLeu718Kqt8rvY2,15.102084,TOKEN,success
3eJRr771bw2bafQthMgr3kry37euXn8UauqZZUoJe8tmsb874NyK8kMSx7QfbnNCY72Ufdf8ASti4UJUWrvYdTug,2026-02-17T10:37:00.000Z,2AXXcN6oN9bBT5owwmTH53C7QHUXvhLeu718Kqt8rvY2,2EZsc3KXSRusWxWnzEd7efQFcaxYpoh5LkwtvWohNKZB,0.130415074,TOKEN,success
26Q6nntYssrNwgSiPuGiZ6doBdUmZ7fxqdC7VngDzXvZpHjmH5S6wTXiHEVC3bqu7Nt2Qd5gFG8suiz8LC4dW6VN,2026-02-17T10:36:59.000Z,68HKBoDYFRK9DsXZgGuP7357D6ASrosHfLZYpvBiLbwK,4nAiqm5QiZiwh1sMpmuJJdVUH12Fst2kPPzApNfppQGd,0.097664062,TOKEN,success
26Q6nntYssrNwgSiPuGiZ6doBdUmZ7fxqdC7VngDzXvZpHjmH5S6wTXiHEVC3bqu7Nt2Qd5gFG8suiz8LC4dW6VN,2026-02-17T10:36:59.000Z,4nAiqm5QiZiwh1sMpmuJJdVUH12Fst2kPPzApNfppQGd,68HKBoDYFRK9DsXZgGuP7357D6ASrosHfLZYpvBiLbwK,15934.189651177,TOKEN,success
26Q6nntYssrNwgSiPuGiZ6doBdUmZ7fxqdC7VngDzXvZpHjmH5S6wTXiHEVC3bqu7Nt2Qd5gFG8suiz8LC4dW6VN,2026-02-17T10:36:59.000Z,68HKBoDYFRK9DsXZgGuP7357D6ASrosHfLZYpvBiLbwK,5Q544fKrFoe6tsEbD7S8EmxGTJYAKtTVhAW5Q5pge4j1,15934.189651177,TOKEN,success
26Q6nntYssrNwgSiPuGiZ6doBdUmZ7fxqdC7VngDzXvZpHjmH5S6wTXiHEVC3bqu7Nt2Qd5gFG8suiz8LC4dW6VN,2026-02-17T10:36:59.000Z,5Q544fKrFoe6tsEbD7S8EmxGTJYAKtTVhAW5Q5pge4j1,68HKBoDYFRK9DsXZgGuP7357D6ASrosHfLZYpvBiLbwK,11.349981,TOKEN,success
26Q6nntYssrNwgSiPuGiZ6doBdUmZ7fxqdC7VngDzXvZpHjmH5S6wTXiHEVC3bqu7Nt2Qd5gFG8suiz8LC4dW6VN,2026-02-17T10:36:59.000Z,68HKBoDYFRK9DsXZgGuP7357D6ASrosHfLZYpvBiLbwK,2AXXcN6oN9bBT5owwmTH53C7QHUXvhLeu718Kqt8rvY2,11.349981,TOKEN,success
26Q6nntYssrNwgSiPuGiZ6doBdUmZ7fxqdC7VngDzXvZpHjmH5S6wTXiHEVC3bqu7Nt2Qd5gFG8suiz8LC4dW6VN,2026-02-17T10:36:59.000Z,2AXXcN6oN9bBT5owwmTH53C7QHUXvhLeu718Kqt8rvY2,68HKBoDYFRK9DsXZgGuP7357D6ASrosHfLZYpvBiLbwK,0.097722504,TOKEN,success
23rsQtVrUwFTWsoCdLpFU1WJQDYMtoRLT7Wv4RD7W6ozXsv6VXXy1hrS58AGAnigADa5fgqwUsYCXsPtQU8Gd7qa,2026-02-17T10:36:57.000Z,9osj5ksZcrYVeft5pjN1KUNpuM9xiZpjLPxtiMHG4AT5,5vsG9P1N5XmtYNHorhDXPbrBD4GG6YuuvvaA19KftHM5,192113.49371,TOKEN,success
23rsQtVrUwFTWsoCdLpFU1WJQDYMtoRLT7Wv4RD7W6ozXsv6VXXy1hrS58AGAnigADa5fgqwUsYCXsPtQU8Gd7qa,2026-02-17T10:36:57.000Z,5vsG9P1N5XmtYNHorhDXPbrBD4GG6YuuvvaA19KftHM5,9osj5ksZcrYVeft5pjN1KUNpuM9xiZpjLPxtiMHG4AT5,2387.044242737,TOKEN,success
23rsQtVrUwFTWsoCdLpFU1WJQDYMtoRLT7Wv4RD7W6ozXsv6VXXy1hrS58AGAnigADa5fgqwUsYCXsPtQU8Gd7qa,2026-02-17T10:36:57.000Z,9osj5ksZcrYVeft5pjN1KUNpuM9xiZpjLPxtiMHG4AT5,5zpyutJu9ee6jFymDGoK7F6S5Kczqtc9FomP3ueKuyA9,0.014599215,TOKEN,success
23rsQtVrUwFTWsoCdLpFU1WJQDYMtoRLT7Wv4RD7W6ozXsv6VXXy1hrS58AGAnigADa5fgqwUsYCXsPtQU8Gd7qa,2026-02-17T10:36:57.000Z,5zpyutJu9ee6jFymDGoK7F6S5Kczqtc9FomP3ueKuyA9,9osj5ksZcrYVeft5pjN1KUNpuM9xiZpjLPxtiMHG4AT5,192113.49371,TOKEN,success
23rsQtVrUwFTWsoCdLpFU1WJQDYMtoRLT7Wv4RD7W6ozXsv6VXXy1hrS58AGAnigADa5fgqwUsYCXsPtQU8Gd7qa,2026-02-17T10:36:57.000Z,9osj5ksZcrYVeft5pjN1KUNpuM9xiZpjLPxtiMHG4AT5,5Q544fKrFoe6tsEbD7S8EmxGTJYAKtTVhAW5Q5pge4j1,2387.044242737,TOKEN,success
23rsQtVrUwFTWsoCdLpFU1WJQDYMtoRLT7Wv4RD7W6ozXsv6VXXy1hrS58AGAnigADa5fgqwUsYCXsPtQU8Gd7qa,2026-02-17T10:36:57.000Z,5Q544fKrFoe6tsEbD7S8EmxGTJYAKtTVhAW5Q5pge4j1,9osj5ksZcrYVeft5pjN1KUNpuM9xiZpjLPxtiMHG4AT5,1.701873,TOKEN,success
23rsQtVrUwFTWsoCdLpFU1WJQDYMtoRLT7Wv4RD7W6ozXsv6VXXy1hrS58AGAnigADa5fgqwUsYCXsPtQU8Gd7qa,2026-02-17T10:36:57.000Z,9osj5ksZcrYVeft5pjN1KUNpuM9xiZpjLPxtiMHG4AT5,2AXXcN6oN9bBT5owwmTH53C7QHUXvhLeu718Kqt8rvY2,1.701873,TOKEN,success
23rsQtVrUwFTWsoCdLpFU1WJQDYMtoRLT7Wv4RD7W6ozXsv6VXXy1hrS58AGAnigADa5fgqwUsYCXsPtQU8Gd7qa,2026-02-17T10:36:57.000Z,2AXXcN6oN9bBT5owwmTH53C7QHUXvhLeu718Kqt8rvY2,9osj5ksZcrYVeft5pjN1KUNpuM9xiZpjLPxtiMHG4AT5,0.014631492,TOKEN,success
5SknLcRhrnyNiksRhHBAeU2jehnGJLCf1edTtB1nwVdUpctPvNH6R1kpsaANa4pcj988yV5Ntb3ae6T44YoZ8aFd,2026-02-17T10:36:56.000Z,En3NPq8o9Cynf1Q3eP69AqZmPKmBaDugYnE832o2YuzP,4vieeGHPYPG2MmyPRcYjdiDmmhN3ww7hsFNap8pVN3Ey,0.000005,SOL,success
5SknLcRhrnyNiksRhHBAeU2jehnGJLCf1edTtB1nwVdUpctPvNH6R1kpsaANa4pcj988yV5Ntb3ae6T44YoZ8aFd,2026-02-17T10:36:56.000Z,En3NPq8o9Cynf1Q3eP69AqZmPKmBaDugYnE832o2YuzP,4nAiqm5QiZiwh1sMpmuJJdVUH12Fst2kPPzApNfppQGd,0.071,TOKEN,success
5SknLcRhrnyNiksRhHBAeU2jehnGJLCf1edTtB1nwVdUpctPvNH6R1kpsaANa4pcj988yV5Ntb3ae6T44YoZ8aFd,2026-02-17T10:36:56.000Z,4nAiqm5QiZiwh1sMpmuJJdVUH12Fst2kPPzApNfppQGd,En3NPq8o9Cynf1Q3eP69AqZmPKmBaDugYnE832o2YuzP,11589.302095424,TOKEN,success
5SknLcRhrnyNiksRhHBAeU2jehnGJLCf1edTtB1nwVdUpctPvNH6R1kpsaANa4pcj988yV5Ntb3ae6T44YoZ8aFd,2026-02-17T10:36:56.000Z,En3NPq8o9Cynf1Q3eP69AqZmPKmBaDugYnE832o2YuzP,5Q544fKrFoe6tsEbD7S8EmxGTJYAKtTVhAW5Q5pge4j1,11589.302095424,TOKEN,success
5SknLcRhrnyNiksRhHBAeU2jehnGJLCf1edTtB1nwVdUpctPvNH6R1kpsaANa4pcj988yV5Ntb3ae6T44YoZ8aFd,2026-02-17T10:36:56.000Z,5Q544fKrFoe6tsEbD7S8EmxGTJYAKtTVhAW5Q5pge4j1,En3NPq8o9Cynf1Q3eP69AqZmPKmBaDugYnE832o2YuzP,8.271774,TOKEN,success
5SknLcRhrnyNiksRhHBAeU2jehnGJLCf1edTtB1nwVdUpctPvNH6R1kpsaANa4pcj988yV5Ntb3ae6T44YoZ8aFd,2026-02-17T10:36:56.000Z,En3NPq8o9Cynf1Q3eP69AqZmPKmBaDugYnE832o2YuzP,2AXXcN6oN9bBT5owwmTH53C7QHUXvhLeu718Kqt8rvY2,8.271774,TOKEN,success
5SknLcRhrnyNiksRhHBAeU2jehnGJLCf1edTtB1nwVdUpctPvNH6R1kpsaANa4pcj988yV5Ntb3ae6T44YoZ8aFd,2026-02-17T10:36:56.000Z,2AXXcN6oN9bBT5owwmTH53C7QHUXvhLeu718Kqt8rvY2,En3NPq8o9Cynf1Q3eP69AqZmPKmBaDugYnE832o2YuzP,0.071030365,TOKEN,success
5BPikAAb9PVKkSMgpzyZUYarmLdF2mkumxBi9pp6WG84zGSLNxuh56hcs4eQfBcBT73ZjizovA4c8DWHP6EX4jFw,2026-02-17T10:36:54.000Z,UUAhspPgUdGuXUnokmxERH1VvNGNh1ouN3mfcbfV8yd,2AXXcN6oN9bBT5owwmTH53C7QHUXvhLeu718Kqt8rvY2,6.399939,TOKEN,success
5BPikAAb9PVKkSMgpzyZUYarmLdF2mkumxBi9pp6WG84zGSLNxuh56hcs4eQfBcBT73ZjizovA4c8DWHP6EX4jFw,2026-02-17T10:36:54.000Z,2AXXcN6oN9bBT5owwmTH53C7QHUXvhLeu718Kqt8rvY2,UUAhspPgUdGuXUnokmxERH1VvNGNh1ouN3mfcbfV8yd,0.054892563,TOKEN,success
5BPikAAb9PVKkSMgpzyZUYarmLdF2mkumxBi9pp6WG84zGSLNxuh56hcs4eQfBcBT73ZjizovA4c8DWHP6EX4jFw,2026-02-17T10:36:54.000Z,UUAhspPgUdGuXUnokmxERH1VvNGNh1ouN3mfcbfV8yd,3uZcofBKVBYFrQ7jVjTFLEMWAQiZcih4AES5tKBqdo7m,0.05483711,TOKEN,success
5BPikAAb9PVKkSMgpzyZUYarmLdF2mkumxBi9pp6WG84zGSLNxuh56hcs4eQfBcBT73ZjizovA4c8DWHP6EX4jFw,2026-02-17T10:36:54.000Z,3uZcofBKVBYFrQ7jVjTFLEMWAQiZcih4AES5tKBqdo7m,UUAhspPgUdGuXUnokmxERH1VvNGNh1ouN3mfcbfV8yd,8954.933961045,TOKEN,success
5BPikAAb9PVKkSMgpzyZUYarmLdF2mkumxBi9pp6WG84zGSLNxuh56hcs4eQfBcBT73ZjizovA4c8DWHP6EX4jFw,2026-02-17T10:36:54.000Z,UUAhspPgUdGuXUnokmxERH1VvNGNh1ouN3mfcbfV8yd,5Q544fKrFoe6tsEbD7S8EmxGTJYAKtTVhAW5Q5pge4j1,8954.933961045,TOKEN,success
5BPikAAb9PVKkSMgpzyZUYarmLdF2mkumxBi9pp6WG84zGSLNxuh56hcs4eQfBcBT73ZjizovA4c8DWHP6EX4jFw,2026-02-17T10:36:54.000Z,5Q544fKrFoe6tsEbD7S8EmxGTJYAKtTVhAW5Q5pge4j1,UUAhspPgUdGuXUnokmxERH1VvNGNh1ouN3mfcbfV8yd,6.399939,TOKEN,success
5BPikAAb9PVKkSMgpzyZUYarmLdF2mkumxBi9pp6WG84zGSLNxuh56hcs4eQfBcBT73ZjizovA4c8DWHP6EX4jFw,2026-02-17T10:36:54.000Z,,2YM8LrJGRtsDcWeqsjX2EQwJfhArxyDdtDzgt7vrwwbV,0.0018,TOKEN,success
XPDJTNSK69AcKvs97w9Q8enfuziuCnNDeQemGU6oBRX2cz8RbkdsP4EweDsxFnNu36d8cxysx9AbamjNhyyTHD8,2026-02-17T10:36:49.000Z,3nMNd89AxwHUa1AFvQGqohRkxFEQsTsgiEyEyqXFHyyH,EVnCdakc53cqqQLfcDKNHkJArr9fFzYnKPXJtyrCunz9,0.001015062,SOL,success
XPDJTNSK69AcKvs97w9Q8enfuziuCnNDeQemGU6oBRX2cz8RbkdsP4EweDsxFnNu36d8cxysx9AbamjNhyyTHD8,2026-02-17T10:36:49.000Z,3nMNd89AxwHUa1AFvQGqohRkxFEQsTsgiEyEyqXFHyyH,GtKKKs3yaPdHbQd2aZS4SfWhy8zQ988BJGnKNndLxYsN,0.145016745,TOKEN,success
XPDJTNSK69AcKvs97w9Q8enfuziuCnNDeQemGU6oBRX2cz8RbkdsP4EweDsxFnNu36d8cxysx9AbamjNhyyTHD8,2026-02-17T10:36:49.000Z,GtKKKs3yaPdHbQd2aZS4SfWhy8zQ988BJGnKNndLxYsN,3nMNd89AxwHUa1AFvQGqohRkxFEQsTsgiEyEyqXFHyyH,1908254.48939,TOKEN,success
XPDJTNSK69AcKvs97w9Q8enfuziuCnNDeQemGU6oBRX2cz8RbkdsP4EweDsxFnNu36d8cxysx9AbamjNhyyTHD8,2026-02-17T10:36:49.000Z,3nMNd89AxwHUa1AFvQGqohRkxFEQsTsgiEyEyqXFHyyH,5vsG9P1N5XmtYNHorhDXPbrBD4GG6YuuvvaA19KftHM5,1908254.48939,TOKEN,success
XPDJTNSK69AcKvs97w9Q8enfuziuCnNDeQemGU6oBRX2cz8RbkdsP4EweDsxFnNu36d8cxysx9AbamjNhyyTHD8,2026-02-17T10:36:49.000Z,5vsG9P1N5XmtYNHorhDXPbrBD4GG6YuuvvaA19KftHM5,3nMNd89AxwHUa1AFvQGqohRkxFEQsTsgiEyEyqXFHyyH,23710.400579704,TOKEN,success
XPDJTNSK69AcKvs97w9Q8enfuziuCnNDeQemGU6oBRX2cz8RbkdsP4EweDsxFnNu36d8cxysx9AbamjNhyyTHD8,2026-02-17T10:36:49.000Z,3nMNd89AxwHUa1AFvQGqohRkxFEQsTsgiEyEyqXFHyyH,2AXXcN6oN9bBT5owwmTH53C7QHUXvhLeu718Kqt8rvY2,16.956614,TOKEN,success
XPDJTNSK69AcKvs97w9Q8enfuziuCnNDeQemGU6oBRX2cz8RbkdsP4EweDsxFnNu36d8cxysx9AbamjNhyyTHD8,2026-02-17T10:36:49.000Z,2AXXcN6oN9bBT5owwmTH53C7QHUXvhLeu718Kqt8rvY2,3nMNd89AxwHUa1AFvQGqohRkxFEQsTsgiEyEyqXFHyyH,0.14516708,TOKEN,success
XPDJTNSK69AcKvs97w9Q8enfuziuCnNDeQemGU6oBRX2cz8RbkdsP4EweDsxFnNu36d8cxysx9AbamjNhyyTHD8,2026-02-17T10:36:49.000Z,3nMNd89AxwHUa1AFvQGqohRkxFEQsTsgiEyEyqXFHyyH,5Q544fKrFoe6tsEbD7S8EmxGTJYAKtTVhAW5Q5pge4j1,23710.400579704,TOKEN,success
XPDJTNSK69AcKvs97w9Q8enfuziuCnNDeQemGU6oBRX2cz8RbkdsP4EweDsxFnNu36d8cxysx9AbamjNhyyTHD8,2026-02-17T10:36:49.000Z,5Q544fKrFoe6tsEbD7S8EmxGTJYAKtTVhAW5Q5pge4j1,3nMNd89AxwHUa1AFvQGqohRkxFEQsTsgiEyEyqXFHyyH,16.956614,TOKEN,success
62wnMa1EzRfGpqwv84tz3Ua6eU8TCqm7vaZC6KomNmiXWjJZpVgvDiZcDmJP5HbftJiHqtK3BYFoCukWgc4VAAsn,2026-02-17T10:36:48.000Z,2EZsc3KXSRusWxWnzEd7efQFcaxYpoh5LkwtvWohNKZB,4nAiqm5QiZiwh1sMpmuJJdVUH12Fst2kPPzApNfppQGd,0.2578125,TOKEN,success
62wnMa1EzRfGpqwv84tz3Ua6eU8TCqm7vaZC6KomNmiXWjJZpVgvDiZcDmJP5HbftJiHqtK3BYFoCukWgc4VAAsn,2026-02-17T10:36:48.000Z,4nAiqm5QiZiwh1sMpmuJJdVUH12Fst2kPPzApNfppQGd,2EZsc3KXSRusWxWnzEd7efQFcaxYpoh5LkwtvWohNKZB,42121.156279882,TOKEN,success
62wnMa1EzRfGpqwv84tz3Ua6eU8TCqm7vaZC6KomNmiXWjJZpVgvDiZcDmJP5HbftJiHqtK3BYFoCukWgc4VAAsn,2026-02-17T10:36:48.000Z,2EZsc3KXSRusWxWnzEd7efQFcaxYpoh5LkwtvWohNKZB,5Q544fKrFoe6tsEbD7S8EmxGTJYAKtTVhAW5Q5pge4j1,42121.156279882,TOKEN,success
62wnMa1EzRfGpqwv84tz3Ua6eU8TCqm7vaZC6KomNmiXWjJZpVgvDiZcDmJP5HbftJiHqtK3BYFoCukWgc4VAAsn,2026-02-17T10:36:48.000Z,5Q544fKrFoe6tsEbD7S8EmxGTJYAKtTVhAW5Q5pge4j1,2EZsc3KXSRusWxWnzEd7efQFcaxYpoh5LkwtvWohNKZB,30.171911,TOKEN,success
62wnMa1EzRfGpqwv84tz3Ua6eU8TCqm7vaZC6KomNmiXWjJZpVgvDiZcDmJP5HbftJiHqtK3BYFoCukWgc4VAAsn,2026-02-17T10:36:48.000Z,2EZsc3KXSRusWxWnzEd7efQFcaxYpoh5LkwtvWohNKZB,2AXXcN6oN9bBT5owwmTH53C7QHUXvhLeu718Kqt8rvY2,30.171911,TOKEN,success
62wnMa1EzRfGpqwv84tz3Ua6eU8TCqm7vaZC6KomNmiXWjJZpVgvDiZcDmJP5HbftJiHqtK3BYFoCukWgc4VAAsn,2026-02-17T10:36:48.000Z,2AXXcN6oN9bBT5owwmTH53C7QHUXvhLeu718Kqt8rvY2,2EZsc3KXSRusWxWnzEd7efQFcaxYpoh5LkwtvWohNKZB,0.258031923,TOKEN,success
TRr8XMcGNcqkTHyLnpPMZjgQZCoYyaFviv3TRJ4WRN87JRKt6USmrmtNmFzVZTV4iY6d7ms2daRaiXXUygWZXYW,2026-02-17T10:36:23.000Z,HydraXoSz7oE3774DoWQQaofKb31Kbn2cbcqG4ShKy85,DoMBJdFu4VFmaoQKdf8TWiDiSP292wGeR1HH2a2bo7Uk,0.001038113,SOL,success
TRr8XMcGNcqkTHyLnpPMZjgQZCoYyaFviv3TRJ4WRN87JRKt6USmrmtNmFzVZTV4iY6d7ms2daRaiXXUygWZXYW,2026-02-17T10:36:23.000Z,HydraXoSz7oE3774DoWQQaofKb31Kbn2cbcqG4ShKy85,4nAiqm5QiZiwh1sMpmuJJdVUH12Fst2kPPzApNfppQGd,0.086051346,TOKEN,success
TRr8XMcGNcqkTHyLnpPMZjgQZCoYyaFviv3TRJ4WRN87JRKt6USmrmtNmFzVZTV4iY6d7ms2daRaiXXUygWZXYW,2026-02-17T10:36:23.000Z,4nAiqm5QiZiwh1sMpmuJJdVUH12Fst2kPPzApNfppQGd,HydraXoSz7oE3774DoWQQaofKb31Kbn2cbcqG4ShKy85,14072.447586362,TOKEN,success
TRr8XMcGNcqkTHyLnpPMZjgQZCoYyaFviv3TRJ4WRN87JRKt6USmrmtNmFzVZTV4iY6d7ms2daRaiXXUygWZXYW,2026-02-17T10:36:23.000Z,HydraXoSz7oE3774DoWQQaofKb31Kbn2cbcqG4ShKy85,2AXXcN6oN9bBT5owwmTH53C7QHUXvhLeu718Kqt8rvY2,10.091726,TOKEN,success
TRr8XMcGNcqkTHyLnpPMZjgQZCoYyaFviv3TRJ4WRN87JRKt6USmrmtNmFzVZTV4iY6d7ms2daRaiXXUygWZXYW,2026-02-17T10:36:23.000Z,2AXXcN6oN9bBT5owwmTH53C7QHUXvhLeu718Kqt8rvY2,HydraXoSz7oE3774DoWQQaofKb31Kbn2cbcqG4ShKy85,0.086095974,TOKEN,success
TRr8XMcGNcqkTHyLnpPMZjgQZCoYyaFviv3TRJ4WRN87JRKt6USmrmtNmFzVZTV4iY6d7ms2daRaiXXUygWZXYW,2026-02-17T10:36:23.000Z,HydraXoSz7oE3774DoWQQaofKb31Kbn2cbcqG4ShKy85,5Q544fKrFoe6tsEbD7S8EmxGTJYAKtTVhAW5Q5pge4j1,14072.447586362,TOKEN,success
TRr8XMcGNcqkTHyLnpPMZjgQZCoYyaFviv3TRJ4WRN87JRKt6USmrmtNmFzVZTV4iY6d7ms2daRaiXXUygWZXYW,2026-02-17T10:36:23.000Z,5Q544fKrFoe6tsEbD7S8EmxGTJYAKtTVhAW5Q5pge4j1,HydraXoSz7oE3774DoWQQaofKb31Kbn2cbcqG4ShKy85,10.091726,TOKEN,success
5JNtPQZMwYStrYWJbKv8wDgJqWEDmv4o2HjnQeLN7HFzGf3tVuVRd4j65KDqmoKnENRLiBtvkt7DyGp8brjhS7Ue,2026-02-17T10:36:16.000Z,SUPErMoycPz71hmZXr78P7cXFYQhdpV39Roeoe2DxUC,ADaUMid9yfUytqMBgopwjb2DTLSokTSzL1zt6iGPaS49,0.000004255,SOL,success
5JNtPQZMwYStrYWJbKv8wDgJqWEDmv4o2HjnQeLN7HFzGf3tVuVRd4j65KDqmoKnENRLiBtvkt7DyGp8brjhS7Ue,2026-02-17T10:36:16.000Z,SUPErMoycPz71hmZXr78P7cXFYQhdpV39Roeoe2DxUC,4nAiqm5QiZiwh1sMpmuJJdVUH12Fst2kPPzApNfppQGd,0.046009962,TOKEN,success
5JNtPQZMwYStrYWJbKv8wDgJqWEDmv4o2HjnQeLN7HFzGf3tVuVRd4j65KDqmoKnENRLiBtvkt7DyGp8brjhS7Ue,2026-02-17T10:36:16.000Z,4nAiqm5QiZiwh1sMpmuJJdVUH12Fst2kPPzApNfppQGd,SUPErMoycPz71hmZXr78P7cXFYQhdpV39Roeoe2DxUC,7527.028283445,TOKEN,success
5JNtPQZMwYStrYWJbKv8wDgJqWEDmv4o2HjnQeLN7HFzGf3tVuVRd4j65KDqmoKnENRLiBtvkt7DyGp8brjhS7Ue,2026-02-17T10:36:16.000Z,SUPErMoycPz71hmZXr78P7cXFYQhdpV39Roeoe2DxUC,2AXXcN6oN9bBT5owwmTH53C7QHUXvhLeu718Kqt8rvY2,5.402732,TOKEN,success
5JNtPQZMwYStrYWJbKv8wDgJqWEDmv4o2HjnQeLN7HFzGf3tVuVRd4j65KDqmoKnENRLiBtvkt7DyGp8brjhS7Ue,2026-02-17T10:36:16.000Z,2AXXcN6oN9bBT5owwmTH53C7QHUXvhLeu718Kqt8rvY2,SUPErMoycPz71hmZXr78P7cXFYQhdpV39Roeoe2DxUC,0.046023473,TOKEN,success
5JNtPQZMwYStrYWJbKv8wDgJqWEDmv4o2HjnQeLN7HFzGf3tVuVRd4j65KDqmoKnENRLiBtvkt7DyGp8brjhS7Ue,2026-02-17T10:36:16.000Z,SUPErMoycPz71hmZXr78P7cXFYQhdpV39Roeoe2DxUC,5Q544fKrFoe6tsEbD7S8EmxGTJYAKtTVhAW5Q5pge4j1,7527.028283445,TOKEN,success
5JNtPQZMwYStrYWJbKv8wDgJqWEDmv4o2HjnQeLN7HFzGf3tVuVRd4j65KDqmoKnENRLiBtvkt7DyGp8brjhS7Ue,2026-02-17T10:36:16.000Z,5Q544fKrFoe6tsEbD7S8EmxGTJYAKtTVhAW5Q5pge4j1,SUPErMoycPz71hmZXr78P7cXFYQhdpV39Roeoe2DxUC,5.402732,TOKEN,success
4kicq1MUiMZksJNWcAs82o4DNSKvyvhrhpFrcNhPmsCyuXzpu7PppGKoFJdRBA7weD4UtBaL8woYLS5UMu6M1Wog,2026-02-17T10:33:53.000Z,3nMNd89AxwHUa1AFvQGqohRkxFEQsTsgiEyEyqXFHyyH,B9jKz4nBwhptxkFoDSSaco1VDsFw7bEzek1UbxqPKYuT,0.001006,SOL,success
4kicq1MUiMZksJNWcAs82o4DNSKvyvhrhpFrcNhPmsCyuXzpu7PppGKoFJdRBA7weD4UtBaL8woYLS5UMu6M1Wog,2026-02-17T10:33:53.000Z,3nMNd89AxwHUa1AFvQGqohRkxFEQsTsgiEyEyqXFHyyH,6oFWm7KPLfxnwMb3z5xwBoXNSPP3JJyirAPqPSiVcnsp,0.054381326,TOKEN,success
4kicq1MUiMZksJNWcAs82o4DNSKvyvhrhpFrcNhPmsCyuXzpu7PppGKoFJdRBA7weD4UtBaL8woYLS5UMu6M1Wog,2026-02-17T10:33:53.000Z,6oFWm7KPLfxnwMb3z5xwBoXNSPP3JJyirAPqPSiVcnsp,3nMNd89AxwHUa1AFvQGqohRkxFEQsTsgiEyEyqXFHyyH,716714.20154,TOKEN,success
4kicq1MUiMZksJNWcAs82o4DNSKvyvhrhpFrcNhPmsCyuXzpu7PppGKoFJdRBA7weD4UtBaL8woYLS5UMu6M1Wog,2026-02-17T10:33:53.000Z,3nMNd89AxwHUa1AFvQGqohRkxFEQsTsgiEyEyqXFHyyH,5vsG9P1N5XmtYNHorhDXPbrBD4GG6YuuvvaA19KftHM5,716714.20154,TOKEN,success
4kicq1MUiMZksJNWcAs82o4DNSKvyvhrhpFrcNhPmsCyuXzpu7PppGKoFJdRBA7weD4UtBaL8woYLS5UMu6M1Wog,2026-02-17T10:33:53.000Z,5vsG9P1N5XmtYNHorhDXPbrBD4GG6YuuvvaA19KftHM5,3nMNd89AxwHUa1AFvQGqohRkxFEQsTsgiEyEyqXFHyyH,8905.301108477,TOKEN,success
4kicq1MUiMZksJNWcAs82o4DNSKvyvhrhpFrcNhPmsCyuXzpu7PppGKoFJdRBA7weD4UtBaL8woYLS5UMu6M1Wog,2026-02-17T10:33:53.000Z,3nMNd89AxwHUa1AFvQGqohRkxFEQsTsgiEyEyqXFHyyH,2AXXcN6oN9bBT5owwmTH53C7QHUXvhLeu718Kqt8rvY2,6.394376,TOKEN,success
4kicq1MUiMZksJNWcAs82o4DNSKvyvhrhpFrcNhPmsCyuXzpu7PppGKoFJdRBA7weD4UtBaL8woYLS5UMu6M1Wog,2026-02-17T10:33:53.000Z,2AXXcN6oN9bBT5owwmTH53C7QHUXvhLeu718Kqt8rvY2,3nMNd89AxwHUa1AFvQGqohRkxFEQsTsgiEyEyqXFHyyH,0.054395232,TOKEN,success
4kicq1MUiMZksJNWcAs82o4DNSKvyvhrhpFrcNhPmsCyuXzpu7PppGKoFJdRBA7weD4UtBaL8woYLS5UMu6M1Wog,2026-02-17T10:33:53.000Z,3nMNd89AxwHUa1AFvQGqohRkxFEQsTsgiEyEyqXFHyyH,5Q544fKrFoe6tsEbD7S8EmxGTJYAKtTVhAW5Q5pge4j1,8905.301108477,TOKEN,success
4kicq1MUiMZksJNWcAs82o4DNSKvyvhrhpFrcNhPmsCyuXzpu7PppGKoFJdRBA7weD4UtBaL8woYLS5UMu6M1Wog,2026-02-17T10:33:53.000Z,5Q544fKrFoe6tsEbD7S8EmxGTJYAKtTVhAW5Q5pge4j1,3nMNd89AxwHUa1AFvQGqohRkxFEQsTsgiEyEyqXFHyyH,6.394376,TOKEN,success
UQN1KVKWU3vUp8TCybvdjkH6Z6AYjEjsg9eTzEjSjX7Kf38axA99gT3QTUj4QjD4JbpDgrtgfLJLCh7nvpZgDU8,2026-02-17T10:33:36.000Z,moat5sFf2DwfL53x8WP8vZCMf5jP6W9k37G9Ex32nXH,HFqU5x63VTqvQss8hp11i4wVV8bD44PvwucfZ2bU7gRe,0.00004102,SOL,success
UQN1KVKWU3vUp8TCybvdjkH6Z6AYjEjsg9eTzEjSjX7Kf38axA99gT3QTUj4QjD4JbpDgrtgfLJLCh7nvpZgDU8,2026-02-17T10:33:36.000Z,moat5sFf2DwfL53x8WP8vZCMf5jP6W9k37G9Ex32nXH,4nAiqm5QiZiwh1sMpmuJJdVUH12Fst2kPPzApNfppQGd,0.115722281,TOKEN,success
UQN1KVKWU3vUp8TCybvdjkH6Z6AYjEjsg9eTzEjSjX7Kf38axA99gT3QTUj4QjD4JbpDgrtgfLJLCh7nvpZgDU8,2026-02-17T10:33:36.000Z,4nAiqm5QiZiwh1sMpmuJJdVUH12Fst2kPPzApNfppQGd,moat5sFf2DwfL53x8WP8vZCMf5jP6W9k37G9Ex32nXH,18940.188640196,TOKEN,success
UQN1KVKWU3vUp8TCybvdjkH6Z6AYjEjsg9eTzEjSjX7Kf38axA99gT3QTUj4QjD4JbpDgrtgfLJLCh7nvpZgDU8,2026-02-17T10:33:36.000Z,moat5sFf2DwfL53x8WP8vZCMf5jP6W9k37G9Ex32nXH,2AXXcN6oN9bBT5owwmTH53C7QHUXvhLeu718Kqt8rvY2,13.607517,TOKEN,success
UQN1KVKWU3vUp8TCybvdjkH6Z6AYjEjsg9eTzEjSjX7Kf38axA99gT3QTUj4QjD4JbpDgrtgfLJLCh7nvpZgDU8,2026-02-17T10:33:36.000Z,2AXXcN6oN9bBT5owwmTH53C7QHUXvhLeu718Kqt8rvY2,moat5sFf2DwfL53x8WP8vZCMf5jP6W9k37G9Ex32nXH,0.11577012,TOKEN,success
UQN1KVKWU3vUp8TCybvdjkH6Z6AYjEjsg9eTzEjSjX7Kf38axA99gT3QTUj4QjD4JbpDgrtgfLJLCh7nvpZgDU8,2026-02-17T10:33:36.000Z,moat5sFf2DwfL53x8WP8vZCMf5jP6W9k37G9Ex32nXH,5Q544fKrFoe6tsEbD7S8EmxGTJYAKtTVhAW5Q5pge4j1,18940.188640196,TOKEN,success
UQN1KVKWU3vUp8TCybvdjkH6Z6AYjEjsg9eTzEjSjX7Kf38axA99gT3QTUj4QjD4JbpDgrtgfLJLCh7nvpZgDU8,2026-02-17T10:33:36.000Z,5Q544fKrFoe6tsEbD7S8EmxGTJYAKtTVhAW5Q5pge4j1,moat5sFf2DwfL53x8WP8vZCMf5jP6W9k37G9Ex32nXH,13.607517,TOKEN,success
2vMTyaMYobTXCtV1Mob8xQ2y8Mg1QAci9YaK7RF3EAeRZVcUTBhgWPbuD7c8jDg1U1M5B5VymGe29rRnQAHtnJHE,2026-02-17T10:33:23.000Z,HydraXoSz7oE3774DoWQQaofKb31Kbn2cbcqG4ShKy85,7t17q5n2ZjvdQ7kTKXuz859cXwjHmE8bcrv7N94nvfkG,0.0010061,SOL,success
2vMTyaMYobTXCtV1Mob8xQ2y8Mg1QAci9YaK7RF3EAeRZVcUTBhgWPbuD7c8jDg1U1M5B5VymGe29rRnQAHtnJHE,2026-02-17T10:33:23.000Z,HydraXoSz7oE3774DoWQQaofKb31Kbn2cbcqG4ShKy85,DFNxfUy4YfAafSJBDL3cTeLDb2DPBMJ5wCxePzWujmVA,0.002632076,TOKEN,success
2vMTyaMYobTXCtV1Mob8xQ2y8Mg1QAci9YaK7RF3EAeRZVcUTBhgWPbuD7c8jDg1U1M5B5VymGe29rRnQAHtnJHE,2026-02-17T10:33:23.000Z,DFNxfUy4YfAafSJBDL3cTeLDb2DPBMJ5wCxePzWujmVA,HydraXoSz7oE3774DoWQQaofKb31Kbn2cbcqG4ShKy85,433.069007469,TOKEN,success
2vMTyaMYobTXCtV1Mob8xQ2y8Mg1QAci9YaK7RF3EAeRZVcUTBhgWPbuD7c8jDg1U1M5B5VymGe29rRnQAHtnJHE,2026-02-17T10:33:23.000Z,HydraXoSz7oE3774DoWQQaofKb31Kbn2cbcqG4ShKy85,2AXXcN6oN9bBT5owwmTH53C7QHUXvhLeu718Kqt8rvY2,0.311442,TOKEN,success
2vMTyaMYobTXCtV1Mob8xQ2y8Mg1QAci9YaK7RF3EAeRZVcUTBhgWPbuD7c8jDg1U1M5B5VymGe29rRnQAHtnJHE,2026-02-17T10:33:23.000Z,2AXXcN6oN9bBT5owwmTH53C7QHUXvhLeu718Kqt8rvY2,HydraXoSz7oE3774DoWQQaofKb31Kbn2cbcqG4ShKy85,0.002643254,TOKEN,success
2vMTyaMYobTXCtV1Mob8xQ2y8Mg1QAci9YaK7RF3EAeRZVcUTBhgWPbuD7c8jDg1U1M5B5VymGe29rRnQAHtnJHE,2026-02-17T10:33:23.000Z,HydraXoSz7oE3774DoWQQaofKb31Kbn2cbcqG4ShKy85,5Q544fKrFoe6tsEbD7S8EmxGTJYAKtTVhAW5Q5pge4j1,433.069007469,TOKEN,success
2vMTyaMYobTXCtV1Mob8xQ2y8Mg1QAci9YaK7RF3EAeRZVcUTBhgWPbuD7c8jDg1U1M5B5VymGe29rRnQAHtnJHE,2026-02-17T10:33:23.000Z,5Q544fKrFoe6tsEbD7S8EmxGTJYAKtTVhAW5Q5pge4j1,HydraXoSz7oE3774DoWQQaofKb31Kbn2cbcqG4ShKy85,0.311442,TOKEN,success
jcBjMZDzdBogVWpLce35RhbykKCSAuaz5wbJNYHmVQEnuuck5Qoeg8KLExGtBWA42RHHS2yG7FkRYhDFUprkQua,2026-02-17T10:33:20.000Z,68HKBoDYFRK9DsXZgGuP7357D6ASrosHfLZYpvBiLbwK,2q5pghRs6arqVjRvT5gfgWfWcHWmw1ZuCzphgd5KfWGJ,0.000005,SOL,success
jcBjMZDzdBogVWpLce35RhbykKCSAuaz5wbJNYHmVQEnuuck5Qoeg8KLExGtBWA42RHHS2yG7FkRYhDFUprkQua,2026-02-17T10:33:20.000Z,68HKBoDYFRK9DsXZgGuP7357D6ASrosHfLZYpvBiLbwK,4nAiqm5QiZiwh1sMpmuJJdVUH12Fst2kPPzApNfppQGd,0.119921875,TOKEN,success
jcBjMZDzdBogVWpLce35RhbykKCSAuaz5wbJNYHmVQEnuuck5Qoeg8KLExGtBWA42RHHS2yG7FkRYhDFUprkQua,2026-02-17T10:33:20.000Z,4nAiqm5QiZiwh1sMpmuJJdVUH12Fst2kPPzApNfppQGd,68HKBoDYFRK9DsXZgGuP7357D6ASrosHfLZYpvBiLbwK,19640.422961504,TOKEN,success
jcBjMZDzdBogVWpLce35RhbykKCSAuaz5wbJNYHmVQEnuuck5Qoeg8KLExGtBWA42RHHS2yG7FkRYhDFUprkQua,2026-02-17T10:33:20.000Z,68HKBoDYFRK9DsXZgGuP7357D6ASrosHfLZYpvBiLbwK,5Q544fKrFoe6tsEbD7S8EmxGTJYAKtTVhAW5Q5pge4j1,19640.422961504,TOKEN,success
jcBjMZDzdBogVWpLce35RhbykKCSAuaz5wbJNYHmVQEnuuck5Qoeg8KLExGtBWA42RHHS2yG7FkRYhDFUprkQua,2026-02-17T10:33:20.000Z,5Q544fKrFoe6tsEbD7S8EmxGTJYAKtTVhAW5Q5pge4j1,68HKBoDYFRK9DsXZgGuP7357D6ASrosHfLZYpvBiLbwK,14.14198,TOKEN,success
jcBjMZDzdBogVWpLce35RhbykKCSAuaz5wbJNYHmVQEnuuck5Qoeg8KLExGtBWA42RHHS2yG7FkRYhDFUprkQua,2026-02-17T10:33:20.000Z,68HKBoDYFRK9DsXZgGuP7357D6ASrosHfLZYpvBiLbwK,2AXXcN6oN9bBT5owwmTH53C7QHUXvhLeu718Kqt8rvY2,14.14198,TOKEN,success
jcBjMZDzdBogVWpLce35RhbykKCSAuaz5wbJNYHmVQEnuuck5Qoeg8KLExGtBWA42RHHS2yG7FkRYhDFUprkQua,2026-02-17T10:33:20.000Z,2AXXcN6oN9bBT5owwmTH53C7QHUXvhLeu718Kqt8rvY2,68HKBoDYFRK9DsXZgGuP7357D6ASrosHfLZYpvBiLbwK,0.120007907,TOKEN,success
42TBh6niFGMPNZ5caXKz1QfXaE6DYFUXBNvcGmaJv9EMrdyyNCcNb2koxYZYGQprCuAVnFeG8cujbY9fpE7CgSKZ,2026-02-17T10:33:01.000Z,3nNqq6KrJoosWCstMGNPcZ1Z2wCuqULd9pBZNWHXxH4t,ADuUkR4vqLUMWXxW9gh6D6L8pMSawimctcNZ5pGwDcEt,0.000003025,SOL,success
42TBh6niFGMPNZ5caXKz1QfXaE6DYFUXBNvcGmaJv9EMrdyyNCcNb2koxYZYGQprCuAVnFeG8cujbY9fpE7CgSKZ,2026-02-17T10:33:01.000Z,3nNqq6KrJoosWCstMGNPcZ1Z2wCuqULd9pBZNWHXxH4t,4nAiqm5QiZiwh1sMpmuJJdVUH12Fst2kPPzApNfppQGd,0.052422195,TOKEN,success
42TBh6niFGMPNZ5caXKz1QfXaE6DYFUXBNvcGmaJv9EMrdyyNCcNb2koxYZYGQprCuAVnFeG8cujbY9fpE7CgSKZ,2026-02-17T10:33:01.000Z,4nAiqm5QiZiwh1sMpmuJJdVUH12Fst2kPPzApNfppQGd,3nNqq6KrJoosWCstMGNPcZ1Z2wCuqULd9pBZNWHXxH4t,8589.664478635,TOKEN,success
42TBh6niFGMPNZ5caXKz1QfXaE6DYFUXBNvcGmaJv9EMrdyyNCcNb2koxYZYGQprCuAVnFeG8cujbY9fpE7CgSKZ,2026-02-17T10:33:01.000Z,3nNqq6KrJoosWCstMGNPcZ1Z2wCuqULd9pBZNWHXxH4t,2AXXcN6oN9bBT5owwmTH53C7QHUXvhLeu718Kqt8rvY2,6.198069,TOKEN,success
42TBh6niFGMPNZ5caXKz1QfXaE6DYFUXBNvcGmaJv9EMrdyyNCcNb2koxYZYGQprCuAVnFeG8cujbY9fpE7CgSKZ,2026-02-17T10:33:01.000Z,2AXXcN6oN9bBT5owwmTH53C7QHUXvhLeu718Kqt8rvY2,3nNqq6KrJoosWCstMGNPcZ1Z2wCuqULd9pBZNWHXxH4t,0.052431789,TOKEN,success
42TBh6niFGMPNZ5caXKz1QfXaE6DYFUXBNvcGmaJv9EMrdyyNCcNb2koxYZYGQprCuAVnFeG8cujbY9fpE7CgSKZ,2026-02-17T10:33:01.000Z,3nNqq6KrJoosWCstMGNPcZ1Z2wCuqULd9pBZNWHXxH4t,5Q544fKrFoe6tsEbD7S8EmxGTJYAKtTVhAW5Q5pge4j1,8589.664478635,TOKEN,success
42TBh6niFGMPNZ5caXKz1QfXaE6DYFUXBNvcGmaJv9EMrdyyNCcNb2koxYZYGQprCuAVnFeG8cujbY9fpE7CgSKZ,2026-02-17T10:33:01.000Z,5Q544fKrFoe6tsEbD7S8EmxGTJYAKtTVhAW5Q5pge4j1,3nNqq6KrJoosWCstMGNPcZ1Z2wCuqULd9pBZNWHXxH4t,6.198069,TOKEN,success
3nH2KPXVUCz2SFdU1ozE31RGnNHCDehThBoq47svejw6G6WDJN7D6Ax3acdE8GV87Px5dmAFPcWaz7cTQ3aE8qSK,2026-02-17T10:30:55.000Z,SUPErMoycPz71hmZXr78P7cXFYQhdpV39Roeoe2DxUC,96gYZGLnJYVFmbjzopPSU6QiEV5fGqZNyN9nmNhvrZU5,0.000005651,SOL,success
3nH2KPXVUCz2SFdU1ozE31RGnNHCDehThBoq47svejw6G6WDJN7D6Ax3acdE8GV87Px5dmAFPcWaz7cTQ3aE8qSK,2026-02-17T10:30:55.000Z,SUPErMoycPz71hmZXr78P7cXFYQhdpV39Roeoe2DxUC,4nAiqm5QiZiwh1sMpmuJJdVUH12Fst2kPPzApNfppQGd,0.045990585,TOKEN,success
3nH2KPXVUCz2SFdU1ozE31RGnNHCDehThBoq47svejw6G6WDJN7D6Ax3acdE8GV87Px5dmAFPcWaz7cTQ3aE8qSK,2026-02-17T10:30:55.000Z,4nAiqm5QiZiwh1sMpmuJJdVUH12Fst2kPPzApNfppQGd,SUPErMoycPz71hmZXr78P7cXFYQhdpV39Roeoe2DxUC,7537.877212878,TOKEN,success
3nH2KPXVUCz2SFdU1ozE31RGnNHCDehThBoq47svejw6G6WDJN7D6Ax3acdE8GV87Px5dmAFPcWaz7cTQ3aE8qSK,2026-02-17T10:30:55.000Z,SUPErMoycPz71hmZXr78P7cXFYQhdpV39Roeoe2DxUC,2AXXcN6oN9bBT5owwmTH53C7QHUXvhLeu718Kqt8rvY2,5.446918,TOKEN,success
3nH2KPXVUCz2SFdU1ozE31RGnNHCDehThBoq47svejw6G6WDJN7D6Ax3acdE8GV87Px5dmAFPcWaz7cTQ3aE8qSK,2026-02-17T10:30:55.000Z,2AXXcN6oN9bBT5owwmTH53C7QHUXvhLeu718Kqt8rvY2,SUPErMoycPz71hmZXr78P7cXFYQhdpV39Roeoe2DxUC,0.046006887,TOKEN,success
3nH2KPXVUCz2SFdU1ozE31RGnNHCDehThBoq47svejw6G6WDJN7D6Ax3acdE8GV87Px5dmAFPcWaz7cTQ3aE8qSK,2026-02-17T10:30:55.000Z,SUPErMoycPz71hmZXr78P7cXFYQhdpV39Roeoe2DxUC,5Q544fKrFoe6tsEbD7S8EmxGTJYAKtTVhAW5Q5pge4j1,7537.877212878,TOKEN,success
3nH2KPXVUCz2SFdU1ozE31RGnNHCDehThBoq47svejw6G6WDJN7D6Ax3acdE8GV87Px5dmAFPcWaz7cTQ3aE8qSK,2026-02-17T10:30:55.000Z,5Q544fKrFoe6tsEbD7S8EmxGTJYAKtTVhAW5Q5pge4j1,SUPErMoycPz71hmZXr78P7cXFYQhdpV39Roeoe2DxUC,5.446918,TOKEN,success
3Cp8aSuRqhv91yp3ULdXNusDZNUVuzruLc89MaEixz2SUrq8CbaQDT75mqevt4z841ZjG7exi4zjZyzwn5En11aZ,2026-02-17T10:30:55.000Z,3nNqq6KrJoosWCstMGNPcZ1Z2wCuqULd9pBZNWHXxH4t,ADuUkR4vqLUMWXxW9gh6D6L8pMSawimctcNZ5pGwDcEt,0.00000175,SOL,success
3Cp8aSuRqhv91yp3ULdXNusDZNUVuzruLc89MaEixz2SUrq8CbaQDT75mqevt4z841ZjG7exi4zjZyzwn5En11aZ,2026-02-17T10:30:55.000Z,3nNqq6KrJoosWCstMGNPcZ1Z2wCuqULd9pBZNWHXxH4t,4nAiqm5QiZiwh1sMpmuJJdVUH12Fst2kPPzApNfppQGd,0.04528945,TOKEN,success
3Cp8aSuRqhv91yp3ULdXNusDZNUVuzruLc89MaEixz2SUrq8CbaQDT75mqevt4z841ZjG7exi4zjZyzwn5En11aZ,2026-02-17T10:30:55.000Z,4nAiqm5QiZiwh1sMpmuJJdVUH12Fst2kPPzApNfppQGd,3nNqq6KrJoosWCstMGNPcZ1Z2wCuqULd9pBZNWHXxH4t,7424.849867073,TOKEN,success
3Cp8aSuRqhv91yp3ULdXNusDZNUVuzruLc89MaEixz2SUrq8CbaQDT75mqevt4z841ZjG7exi4zjZyzwn5En11aZ,2026-02-17T10:30:55.000Z,3nNqq6KrJoosWCstMGNPcZ1Z2wCuqULd9pBZNWHXxH4t,2AXXcN6oN9bBT5owwmTH53C7QHUXvhLeu718Kqt8rvY2,5.366874,TOKEN,success
3Cp8aSuRqhv91yp3ULdXNusDZNUVuzruLc89MaEixz2SUrq8CbaQDT75mqevt4z841ZjG7exi4zjZyzwn5En11aZ,2026-02-17T10:30:55.000Z,2AXXcN6oN9bBT5owwmTH53C7QHUXvhLeu718Kqt8rvY2,3nNqq6KrJoosWCstMGNPcZ1Z2wCuqULd9pBZNWHXxH4t,0.045301485,TOKEN,success
3Cp8aSuRqhv91yp3ULdXNusDZNUVuzruLc89MaEixz2SUrq8CbaQDT75mqevt4z841ZjG7exi4zjZyzwn5En11aZ,2026-02-17T10:30:55.000Z,3nNqq6KrJoosWCstMGNPcZ1Z2wCuqULd9pBZNWHXxH4t,5Q544fKrFoe6tsEbD7S8EmxGTJYAKtTVhAW5Q5pge4j1,7424.849867073,TOKEN,success
3Cp8aSuRqhv91yp3ULdXNusDZNUVuzruLc89MaEixz2SUrq8CbaQDT75mqevt4z841ZjG7exi4zjZyzwn5En11aZ,2026-02-17T10:30:55.000Z,5Q544fKrFoe6tsEbD7S8EmxGTJYAKtTVhAW5Q5pge4j1,3nNqq6KrJoosWCstMGNPcZ1Z2wCuqULd9pBZNWHXxH4t,5.366874,TOKEN,success
3xg58SczeRQxd4PW9yVNzAZ2r5Fc6NP5KYaZFbCCKKuM25MWj8HpKvkSa7NzoVfg2ivfigmrurEJqKPc6Dj4SAY,2026-02-17T10:30:52.000Z,3nMNd89AxwHUa1AFvQGqohRkxFEQsTsgiEyEyqXFHyyH,3wevKb5u8rwRWkJeDbbH3EvNqQ1CZ4LaqAjTdjhd1G31,0.001006,SOL,success
3xg58SczeRQxd4PW9yVNzAZ2r5Fc6NP5KYaZFbCCKKuM25MWj8HpKvkSa7NzoVfg2ivfigmrurEJqKPc6Dj4SAY,2026-02-17T10:30:52.000Z,3nMNd89AxwHUa1AFvQGqohRkxFEQsTsgiEyEyqXFHyyH,2ySwA2Suk8dCRTwdPUC79CBeL7sJRAqFLnVpP9GGGrKN,0.003802399,TOKEN,success
3xg58SczeRQxd4PW9yVNzAZ2r5Fc6NP5KYaZFbCCKKuM25MWj8HpKvkSa7NzoVfg2ivfigmrurEJqKPc6Dj4SAY,2026-02-17T10:30:52.000Z,2ySwA2Suk8dCRTwdPUC79CBeL7sJRAqFLnVpP9GGGrKN,3nMNd89AxwHUa1AFvQGqohRkxFEQsTsgiEyEyqXFHyyH,39152.89776,TOKEN,success
3xg58SczeRQxd4PW9yVNzAZ2r5Fc6NP5KYaZFbCCKKuM25MWj8HpKvkSa7NzoVfg2ivfigmrurEJqKPc6Dj4SAY,2026-02-17T10:30:52.000Z,3nMNd89AxwHUa1AFvQGqohRkxFEQsTsgiEyEyqXFHyyH,F662n6Ac6EPcMzc6Ra5DMhoXo9U3utVX9fNUiGWnBXvA,39152.89776,TOKEN,success
3xg58SczeRQxd4PW9yVNzAZ2r5Fc6NP5KYaZFbCCKKuM25MWj8HpKvkSa7NzoVfg2ivfigmrurEJqKPc6Dj4SAY,2026-02-17T10:30:52.000Z,F662n6Ac6EPcMzc6Ra5DMhoXo9U3utVX9fNUiGWnBXvA,3nMNd89AxwHUa1AFvQGqohRkxFEQsTsgiEyEyqXFHyyH,626.243647534,TOKEN,success
3xg58SczeRQxd4PW9yVNzAZ2r5Fc6NP5KYaZFbCCKKuM25MWj8HpKvkSa7NzoVfg2ivfigmrurEJqKPc6Dj4SAY,2026-02-17T10:30:52.000Z,3nMNd89AxwHUa1AFvQGqohRkxFEQsTsgiEyEyqXFHyyH,2AXXcN6oN9bBT5owwmTH53C7QHUXvhLeu718Kqt8rvY2,0.452739,TOKEN,success
3xg58SczeRQxd4PW9yVNzAZ2r5Fc6NP5KYaZFbCCKKuM25MWj8HpKvkSa7NzoVfg2ivfigmrurEJqKPc6Dj4SAY,2026-02-17T10:30:52.000Z,2AXXcN6oN9bBT5owwmTH53C7QHUXvhLeu718Kqt8rvY2,3nMNd89AxwHUa1AFvQGqohRkxFEQsTsgiEyEyqXFHyyH,0.00381972,TOKEN,success
3xg58SczeRQxd4PW9yVNzAZ2r5Fc6NP5KYaZFbCCKKuM25MWj8HpKvkSa7NzoVfg2ivfigmrurEJqKPc6Dj4SAY,2026-02-17T10:30:52.000Z,3nMNd89AxwHUa1AFvQGqohRkxFEQsTsgiEyEyqXFHyyH,5Q544fKrFoe6tsEbD7S8EmxGTJYAKtTVhAW5Q5pge4j1,626.243647534,TOKEN,success
3xg58SczeRQxd4PW9yVNzAZ2r5Fc6NP5KYaZFbCCKKuM25MWj8HpKvkSa7NzoVfg2ivfigmrurEJqKPc6Dj4SAY,2026-02-17T10:30:52.000Z,5Q544fKrFoe6tsEbD7S8EmxGTJYAKtTVhAW5Q5pge4j1,3nMNd89AxwHUa1AFvQGqohRkxFEQsTsgiEyEyqXFHyyH,0.452739,TOKEN,success
ENzCu18Kfqm9U9nUAhESuYA6qMMiJhHN3AW8CtqELXnHZ8gJEBGgNjHUZAZBMLbDksYubAaC5nLbJm79Lur6XfR,2026-02-17T10:29:04.000Z,3nMNd89AxwHUa1AFvQGqohRkxFEQsTsgiEyEyqXFHyyH,DQ6tSzd8zN7i4B7kU9X9gTbS9TGVyCXVJXgJ8nDoohyp,0.001006,SOL,success
ENzCu18Kfqm9U9nUAhESuYA6qMMiJhHN3AW8CtqELXnHZ8gJEBGgNjHUZAZBMLbDksYubAaC5nLbJm79Lur6XfR,2026-02-17T10:29:04.000Z,3nMNd89AxwHUa1AFvQGqohRkxFEQsTsgiEyEyqXFHyyH,7BZzoP3QB2zK3R7WqRzjS5fpeeErgdy3HGzxXrN97aEY,0.004160694,TOKEN,success
ENzCu18Kfqm9U9nUAhESuYA6qMMiJhHN3AW8CtqELXnHZ8gJEBGgNjHUZAZBMLbDksYubAaC5nLbJm79Lur6XfR,2026-02-17T10:29:04.000Z,7BZzoP3QB2zK3R7WqRzjS5fpeeErgdy3HGzxXrN97aEY,3nMNd89AxwHUa1AFvQGqohRkxFEQsTsgiEyEyqXFHyyH,42713.26927,TOKEN,success
ENzCu18Kfqm9U9nUAhESuYA6qMMiJhHN3AW8CtqELXnHZ8gJEBGgNjHUZAZBMLbDksYubAaC5nLbJm79Lur6XfR,2026-02-17T10:29:04.000Z,3nMNd89AxwHUa1AFvQGqohRkxFEQsTsgiEyEyqXFHyyH,F662n6Ac6EPcMzc6Ra5DMhoXo9U3utVX9fNUiGWnBXvA,42713.26927,TOKEN,success
ENzCu18Kfqm9U9nUAhESuYA6qMMiJhHN3AW8CtqELXnHZ8gJEBGgNjHUZAZBMLbDksYubAaC5nLbJm79Lur6XfR,2026-02-17T10:29:04.000Z,F662n6Ac6EPcMzc6Ra5DMhoXo9U3utVX9fNUiGWnBXvA,3nMNd89AxwHUa1AFvQGqohRkxFEQsTsgiEyEyqXFHyyH,684.883385618,TOKEN,success
ENzCu18Kfqm9U9nUAhESuYA6qMMiJhHN3AW8CtqELXnHZ8gJEBGgNjHUZAZBMLbDksYubAaC5nLbJm79Lur6XfR,2026-02-17T10:29:04.000Z,3nMNd89AxwHUa1AFvQGqohRkxFEQsTsgiEyEyqXFHyyH,2AXXcN6oN9bBT5owwmTH53C7QHUXvhLeu718Kqt8rvY2,0.495658,TOKEN,success
ENzCu18Kfqm9U9nUAhESuYA6qMMiJhHN3AW8CtqELXnHZ8gJEBGgNjHUZAZBMLbDksYubAaC5nLbJm79Lur6XfR,2026-02-17T10:29:04.000Z,2AXXcN6oN9bBT5owwmTH53C7QHUXvhLeu718Kqt8rvY2,3nMNd89AxwHUa1AFvQGqohRkxFEQsTsgiEyEyqXFHyyH,0.004176393,TOKEN,success
ENzCu18Kfqm9U9nUAhESuYA6qMMiJhHN3AW8CtqELXnHZ8gJEBGgNjHUZAZBMLbDksYubAaC5nLbJm79Lur6XfR,2026-02-17T10:29:04.000Z,3nMNd89AxwHUa1AFvQGqohRkxFEQsTsgiEyEyqXFHyyH,5Q544fKrFoe6tsEbD7S8EmxGTJYAKtTVhAW5Q5pge4j1,684.883385618,TOKEN,success
ENzCu18Kfqm9U9nUAhESuYA6qMMiJhHN3AW8CtqELXnHZ8gJEBGgNjHUZAZBMLbDksYubAaC5nLbJm79Lur6XfR,2026-02-17T10:29:04.000Z,5Q544fKrFoe6tsEbD7S8EmxGTJYAKtTVhAW5Q5pge4j1,3nMNd89AxwHUa1AFvQGqohRkxFEQsTsgiEyEyqXFHyyH,0.495658,TOKEN,success
2kbX8ogrNzAsjKaADuNeGRxuqT1YvmTkKZ85Dh3DSpLo8qvf1aYgTXDec4f5Sg7oMWDd97EXi7GG6zShXjxJfeJK,2026-02-17T10:29:02.000Z,moat5sFf2DwfL53x8WP8vZCMf5jP6W9k37G9Ex32nXH,DfXygSm4jCyNCybVYYK6DwvWqjKee8pbDmJGcLWNDXjh,0.000036005,SOL,success
2kbX8ogrNzAsjKaADuNeGRxuqT1YvmTkKZ85Dh3DSpLo8qvf1aYgTXDec4f5Sg7oMWDd97EXi7GG6zShXjxJfeJK,2026-02-17T10:29:02.000Z,moat5sFf2DwfL53x8WP8vZCMf5jP6W9k37G9Ex32nXH,4nAiqm5QiZiwh1sMpmuJJdVUH12Fst2kPPzApNfppQGd,0.109814857,TOKEN,success
2kbX8ogrNzAsjKaADuNeGRxuqT1YvmTkKZ85Dh3DSpLo8qvf1aYgTXDec4f5Sg7oMWDd97EXi7GG6zShXjxJfeJK,2026-02-17T10:29:02.000Z,4nAiqm5QiZiwh1sMpmuJJdVUH12Fst2kPPzApNfppQGd,moat5sFf2DwfL53x8WP8vZCMf5jP6W9k37G9Ex32nXH,18011.071551588,TOKEN,success
2kbX8ogrNzAsjKaADuNeGRxuqT1YvmTkKZ85Dh3DSpLo8qvf1aYgTXDec4f5Sg7oMWDd97EXi7GG6zShXjxJfeJK,2026-02-17T10:29:02.000Z,moat5sFf2DwfL53x8WP8vZCMf5jP6W9k37G9Ex32nXH,2AXXcN6oN9bBT5owwmTH53C7QHUXvhLeu718Kqt8rvY2,13.049781,TOKEN,success
2kbX8ogrNzAsjKaADuNeGRxuqT1YvmTkKZ85Dh3DSpLo8qvf1aYgTXDec4f5Sg7oMWDd97EXi7GG6zShXjxJfeJK,2026-02-17T10:29:02.000Z,2AXXcN6oN9bBT5owwmTH53C7QHUXvhLeu718Kqt8rvY2,moat5sFf2DwfL53x8WP8vZCMf5jP6W9k37G9Ex32nXH,0.109885065,TOKEN,success
2kbX8ogrNzAsjKaADuNeGRxuqT1YvmTkKZ85Dh3DSpLo8qvf1aYgTXDec4f5Sg7oMWDd97EXi7GG6zShXjxJfeJK,2026-02-17T10:29:02.000Z,moat5sFf2DwfL53x8WP8vZCMf5jP6W9k37G9Ex32nXH,5Q544fKrFoe6tsEbD7S8EmxGTJYAKtTVhAW5Q5pge4j1,18011.071551588,TOKEN,success
2kbX8ogrNzAsjKaADuNeGRxuqT1YvmTkKZ85Dh3DSpLo8qvf1aYgTXDec4f5Sg7oMWDd97EXi7GG6zShXjxJfeJK,2026-02-17T10:29:02.000Z,5Q544fKrFoe6tsEbD7S8EmxGTJYAKtTVhAW5Q5pge4j1,moat5sFf2DwfL53x8WP8vZCMf5jP6W9k37G9Ex32nXH,13.049781,TOKEN,success
3qrwz8DoBkPUjceHetXRvbBGdUzPBHXTi6yDBqrenSBzGNHsp1uXZwt7MWPzEN4tmsRNnr4KhDAEDZBeH3ayzAAz,2026-02-17T10:28:29.000Z,3nNqq6KrJoosWCstMGNPcZ1Z2wCuqULd9pBZNWHXxH4t,ADuUkR4vqLUMWXxW9gh6D6L8pMSawimctcNZ5pGwDcEt,0.00000475,SOL,success
3qrwz8DoBkPUjceHetXRvbBGdUzPBHXTi6yDBqrenSBzGNHsp1uXZwt7MWPzEN4tmsRNnr4KhDAEDZBeH3ayzAAz,2026-02-17T10:28:29.000Z,3nNqq6KrJoosWCstMGNPcZ1Z2wCuqULd9pBZNWHXxH4t,4nAiqm5QiZiwh1sMpmuJJdVUH12Fst2kPPzApNfppQGd,0.062595611,TOKEN,success
3qrwz8DoBkPUjceHetXRvbBGdUzPBHXTi6yDBqrenSBzGNHsp1uXZwt7MWPzEN4tmsRNnr4KhDAEDZBeH3ayzAAz,2026-02-17T10:28:29.000Z,4nAiqm5QiZiwh1sMpmuJJdVUH12Fst2kPPzApNfppQGd,3nNqq6KrJoosWCstMGNPcZ1Z2wCuqULd9pBZNWHXxH4t,10271.43531298,TOKEN,success
3qrwz8DoBkPUjceHetXRvbBGdUzPBHXTi6yDBqrenSBzGNHsp1uXZwt7MWPzEN4tmsRNnr4KhDAEDZBeH3ayzAAz,2026-02-17T10:28:29.000Z,3nNqq6KrJoosWCstMGNPcZ1Z2wCuqULd9pBZNWHXxH4t,2AXXcN6oN9bBT5owwmTH53C7QHUXvhLeu718Kqt8rvY2,7.448856,TOKEN,success
3qrwz8DoBkPUjceHetXRvbBGdUzPBHXTi6yDBqrenSBzGNHsp1uXZwt7MWPzEN4tmsRNnr4KhDAEDZBeH3ayzAAz,2026-02-17T10:28:29.000Z,2AXXcN6oN9bBT5owwmTH53C7QHUXvhLeu718Kqt8rvY2,3nNqq6KrJoosWCstMGNPcZ1Z2wCuqULd9pBZNWHXxH4t,0.062619212,TOKEN,success
3qrwz8DoBkPUjceHetXRvbBGdUzPBHXTi6yDBqrenSBzGNHsp1uXZwt7MWPzEN4tmsRNnr4KhDAEDZBeH3ayzAAz,2026-02-17T10:28:29.000Z,3nNqq6KrJoosWCstMGNPcZ1Z2wCuqULd9pBZNWHXxH4t,5Q544fKrFoe6tsEbD7S8EmxGTJYAKtTVhAW5Q5pge4j1,10271.43531298,TOKEN,success
3qrwz8DoBkPUjceHetXRvbBGdUzPBHXTi6yDBqrenSBzGNHsp1uXZwt7MWPzEN4tmsRNnr4KhDAEDZBeH3ayzAAz,2026-02-17T10:28:29.000Z,5Q544fKrFoe6tsEbD7S8EmxGTJYAKtTVhAW5Q5pge4j1,3nNqq6KrJoosWCstMGNPcZ1Z2wCuqULd9pBZNWHXxH4t,7.448856,TOKEN,success
4Z7YLDqfEL7wj9oSTehaPyeDoxgaBwfrGwYQNobaYD8Sb4Tn1nSThBpi61gcLUkeWwgH2ARSM4CrSrSbBA8d49MA,2026-02-17T10:28:02.000Z,2EZsc3KXSRusWxWnzEd7efQFcaxYpoh5LkwtvWohNKZB,Cw8CFyM9FkoMi7K7Crf6HNQqf4uEMzpKw6QNghXLvLkY,0.000015,SOL,success
4Z7YLDqfEL7wj9oSTehaPyeDoxgaBwfrGwYQNobaYD8Sb4Tn1nSThBpi61gcLUkeWwgH2ARSM4CrSrSbBA8d49MA,2026-02-17T10:28:02.000Z,2EZsc3KXSRusWxWnzEd7efQFcaxYpoh5LkwtvWohNKZB,4nAiqm5QiZiwh1sMpmuJJdVUH12Fst2kPPzApNfppQGd,0.097460937,TOKEN,success
4Z7YLDqfEL7wj9oSTehaPyeDoxgaBwfrGwYQNobaYD8Sb4Tn1nSThBpi61gcLUkeWwgH2ARSM4CrSrSbBA8d49MA,2026-02-17T10:28:02.000Z,4nAiqm5QiZiwh1sMpmuJJdVUH12Fst2kPPzApNfppQGd,2EZsc3KXSRusWxWnzEd7efQFcaxYpoh5LkwtvWohNKZB,15999.696270561,TOKEN,success
4Z7YLDqfEL7wj9oSTehaPyeDoxgaBwfrGwYQNobaYD8Sb4Tn1nSThBpi61gcLUkeWwgH2ARSM4CrSrSbBA8d49MA,2026-02-17T10:28:02.000Z,2EZsc3KXSRusWxWnzEd7efQFcaxYpoh5LkwtvWohNKZB,5Q544fKrFoe6tsEbD7S8EmxGTJYAKtTVhAW5Q5pge4j1,15999.696270561,TOKEN,success
4Z7YLDqfEL7wj9oSTehaPyeDoxgaBwfrGwYQNobaYD8Sb4Tn1nSThBpi61gcLUkeWwgH2ARSM4CrSrSbBA8d49MA,2026-02-17T10:28:02.000Z,5Q544fKrFoe6tsEbD7S8EmxGTJYAKtTVhAW5Q5pge4j1,2EZsc3KXSRusWxWnzEd7efQFcaxYpoh5LkwtvWohNKZB,11.61286,TOKEN,success
4Z7YLDqfEL7wj9oSTehaPyeDoxgaBwfrGwYQNobaYD8Sb4Tn1nSThBpi61gcLUkeWwgH2ARSM4CrSrSbBA8d49MA,2026-02-17T10:28:02.000Z,2EZsc3KXSRusWxWnzEd7efQFcaxYpoh5LkwtvWohNKZB,2AXXcN6oN9bBT5owwmTH53C7QHUXvhLeu718Kqt8rvY2,11.61286,TOKEN,success
4Z7YLDqfEL7wj9oSTehaPyeDoxgaBwfrGwYQNobaYD8Sb4Tn1nSThBpi61gcLUkeWwgH2ARSM4CrSrSbBA8d49MA,2026-02-17T10:28:02.000Z,2AXXcN6oN9bBT5owwmTH53C7QHUXvhLeu718Kqt8rvY2,2EZsc3KXSRusWxWnzEd7efQFcaxYpoh5LkwtvWohNKZB,0.097516744,TOKEN,success
41sFxNWcuxQ2GZqzLGirB7D3gtqnmt3FyES9jrWPehpcG6KQVzMFz5HiwQJ4KBhGY5M3ytZSrWzEcoUcEEWRFitb,2026-02-17T10:27:48.000Z,HydraXoSz7oE3774DoWQQaofKb31Kbn2cbcqG4ShKy85,G9We4DifykdjrafqBqLBK9xKxFGUg9QxZeCNtu5xBeq5,0.00101038,SOL,success
41sFxNWcuxQ2GZqzLGirB7D3gtqnmt3FyES9jrWPehpcG6KQVzMFz5HiwQJ4KBhGY5M3ytZSrWzEcoUcEEWRFitb,2026-02-17T10:27:48.000Z,HydraXoSz7oE3774DoWQQaofKb31Kbn2cbcqG4ShKy85,4nAiqm5QiZiwh1sMpmuJJdVUH12Fst2kPPzApNfppQGd,0.043035266,TOKEN,success
41sFxNWcuxQ2GZqzLGirB7D3gtqnmt3FyES9jrWPehpcG6KQVzMFz5HiwQJ4KBhGY5M3ytZSrWzEcoUcEEWRFitb,2026-02-17T10:27:48.000Z,4nAiqm5QiZiwh1sMpmuJJdVUH12Fst2kPPzApNfppQGd,HydraXoSz7oE3774DoWQQaofKb31Kbn2cbcqG4ShKy85,7067.663690743,TOKEN,success
41sFxNWcuxQ2GZqzLGirB7D3gtqnmt3FyES9jrWPehpcG6KQVzMFz5HiwQJ4KBhGY5M3ytZSrWzEcoUcEEWRFitb,2026-02-17T10:27:48.000Z,HydraXoSz7oE3774DoWQQaofKb31Kbn2cbcqG4ShKy85,2AXXcN6oN9bBT5owwmTH53C7QHUXvhLeu718Kqt8rvY2,5.132613,TOKEN,success
41sFxNWcuxQ2GZqzLGirB7D3gtqnmt3FyES9jrWPehpcG6KQVzMFz5HiwQJ4KBhGY5M3ytZSrWzEcoUcEEWRFitb,2026-02-17T10:27:48.000Z,2AXXcN6oN9bBT5owwmTH53C7QHUXvhLeu718Kqt8rvY2,HydraXoSz7oE3774DoWQQaofKb31Kbn2cbcqG4ShKy85,0.043051505,TOKEN,success
41sFxNWcuxQ2GZqzLGirB7D3gtqnmt3FyES9jrWPehpcG6KQVzMFz5HiwQJ4KBhGY5M3ytZSrWzEcoUcEEWRFitb,2026-02-17T10:27:48.000Z,HydraXoSz7oE3774DoWQQaofKb31Kbn2cbcqG4ShKy85,5Q544fKrFoe6tsEbD7S8EmxGTJYAKtTVhAW5Q5pge4j1,7067.663690743,TOKEN,success
41sFxNWcuxQ2GZqzLGirB7D3gtqnmt3FyES9jrWPehpcG6KQVzMFz5HiwQJ4KBhGY5M3ytZSrWzEcoUcEEWRFitb,2026-02-17T10:27:48.000Z,5Q544fKrFoe6tsEbD7S8EmxGTJYAKtTVhAW5Q5pge4j1,HydraXoSz7oE3774DoWQQaofKb31Kbn2cbcqG4ShKy85,5.132613,TOKEN,success
64BHbGrrsuuCUsntXfbmMEL8A3z3qsikcixETmZgvtRgYWrMZ9sFa7EpuufumoSdEKP23q181eJ823bERX9avdU6,2026-02-17T10:27:15.000Z,3nMNd89AxwHUa1AFvQGqohRkxFEQsTsgiEyEyqXFHyyH,AbFUmVdNQsbUBJnsEsK9RFv7KNZpfEFTYmB1sjA7M3xQ,0.001006,SOL,success
64BHbGrrsuuCUsntXfbmMEL8A3z3qsikcixETmZgvtRgYWrMZ9sFa7EpuufumoSdEKP23q181eJ823bERX9avdU6,2026-02-17T10:27:15.000Z,3nMNd89AxwHUa1AFvQGqohRkxFEQsTsgiEyEyqXFHyyH,7BZzoP3QB2zK3R7WqRzjS5fpeeErgdy3HGzxXrN97aEY,0.002265533,TOKEN,success
64BHbGrrsuuCUsntXfbmMEL8A3z3qsikcixETmZgvtRgYWrMZ9sFa7EpuufumoSdEKP23q181eJ823bERX9avdU6,2026-02-17T10:27:15.000Z,7BZzoP3QB2zK3R7WqRzjS5fpeeErgdy3HGzxXrN97aEY,3nMNd89AxwHUa1AFvQGqohRkxFEQsTsgiEyEyqXFHyyH,23259.18008,TOKEN,success
64BHbGrrsuuCUsntXfbmMEL8A3z3qsikcixETmZgvtRgYWrMZ9sFa7EpuufumoSdEKP23q181eJ823bERX9avdU6,2026-02-17T10:27:15.000Z,3nMNd89AxwHUa1AFvQGqohRkxFEQsTsgiEyEyqXFHyyH,F662n6Ac6EPcMzc6Ra5DMhoXo9U3utVX9fNUiGWnBXvA,23259.18008,TOKEN,success
64BHbGrrsuuCUsntXfbmMEL8A3z3qsikcixETmZgvtRgYWrMZ9sFa7EpuufumoSdEKP23q181eJ823bERX9avdU6,2026-02-17T10:27:15.000Z,F662n6Ac6EPcMzc6Ra5DMhoXo9U3utVX9fNUiGWnBXvA,3nMNd89AxwHUa1AFvQGqohRkxFEQsTsgiEyEyqXFHyyH,376.059512361,TOKEN,success
64BHbGrrsuuCUsntXfbmMEL8A3z3qsikcixETmZgvtRgYWrMZ9sFa7EpuufumoSdEKP23q181eJ823bERX9avdU6,2026-02-17T10:27:15.000Z,3nMNd89AxwHUa1AFvQGqohRkxFEQsTsgiEyEyqXFHyyH,5Q544fKrFoe6tsEbD7S8EmxGTJYAKtTVhAW5Q5pge4j1,376.059512361,TOKEN,success
64BHbGrrsuuCUsntXfbmMEL8A3z3qsikcixETmZgvtRgYWrMZ9sFa7EpuufumoSdEKP23q181eJ823bERX9avdU6,2026-02-17T10:27:15.000Z,5Q544fKrFoe6tsEbD7S8EmxGTJYAKtTVhAW5Q5pge4j1,3nMNd89AxwHUa1AFvQGqohRkxFEQsTsgiEyEyqXFHyyH,0.273139,TOKEN,success
64BHbGrrsuuCUsntXfbmMEL8A3z3qsikcixETmZgvtRgYWrMZ9sFa7EpuufumoSdEKP23q181eJ823bERX9avdU6,2026-02-17T10:27:15.000Z,3nMNd89AxwHUa1AFvQGqohRkxFEQsTsgiEyEyqXFHyyH,5Q544fKrFoe6tsEbD7S8EmxGTJYAKtTVhAW5Q5pge4j1,0.273139,TOKEN,success
64BHbGrrsuuCUsntXfbmMEL8A3z3qsikcixETmZgvtRgYWrMZ9sFa7EpuufumoSdEKP23q181eJ823bERX9avdU6,2026-02-17T10:27:15.000Z,5Q544fKrFoe6tsEbD7S8EmxGTJYAKtTVhAW5Q5pge4j1,3nMNd89AxwHUa1AFvQGqohRkxFEQsTsgiEyEyqXFHyyH,0.002280589,TOKEN,success
5Nv1LoNWX67ZVWtmw2mcBHqSzxrVZT2QXCnUXGLbYjafgpZ9Z2P9cW594HAwsffMVNK2TExBjgaLURNQrF5cynFU,2026-02-17T10:27:13.000Z,GHigB15jr7wZ8GitjD4Hf5naqyUJfMbKa1n1PmSiBhUc,ADaUMid9yfUytqMBgopwjb2DTLSokTSzL1zt6iGPaS49,0.000001,SOL,success
5Nv1LoNWX67ZVWtmw2mcBHqSzxrVZT2QXCnUXGLbYjafgpZ9Z2P9cW594HAwsffMVNK2TExBjgaLURNQrF5cynFU,2026-02-17T10:27:13.000Z,GHigB15jr7wZ8GitjD4Hf5naqyUJfMbKa1n1PmSiBhUc,9S7X8TcpJHTpMv6tPgp5qTfzqmNpZjWgX3DdbzjkwBtk,0.00203928,SOL,success
5Nv1LoNWX67ZVWtmw2mcBHqSzxrVZT2QXCnUXGLbYjafgpZ9Z2P9cW594HAwsffMVNK2TExBjgaLURNQrF5cynFU,2026-02-17T10:27:13.000Z,GHigB15jr7wZ8GitjD4Hf5naqyUJfMbKa1n1PmSiBhUc,97j2c6BArVVKDaDQB8rk9R3dsq2cPg8XsPH6emaehsHe,0.00203928,SOL,success
5Nv1LoNWX67ZVWtmw2mcBHqSzxrVZT2QXCnUXGLbYjafgpZ9Z2P9cW594HAwsffMVNK2TExBjgaLURNQrF5cynFU,2026-02-17T10:27:13.000Z,9S7X8TcpJHTpMv6tPgp5qTfzqmNpZjWgX3DdbzjkwBtk,GHigB15jr7wZ8GitjD4Hf5naqyUJfMbKa1n1PmSiBhUc,0.00203928,SOL,success
5Nv1LoNWX67ZVWtmw2mcBHqSzxrVZT2QXCnUXGLbYjafgpZ9Z2P9cW594HAwsffMVNK2TExBjgaLURNQrF5cynFU,2026-02-17T10:27:13.000Z,97j2c6BArVVKDaDQB8rk9R3dsq2cPg8XsPH6emaehsHe,GHigB15jr7wZ8GitjD4Hf5naqyUJfMbKa1n1PmSiBhUc,0.00203928,SOL,success
5Nv1LoNWX67ZVWtmw2mcBHqSzxrVZT2QXCnUXGLbYjafgpZ9Z2P9cW594HAwsffMVNK2TExBjgaLURNQrF5cynFU,2026-02-17T10:27:13.000Z,GHigB15jr7wZ8GitjD4Hf5naqyUJfMbKa1n1PmSiBhUc,4nAiqm5QiZiwh1sMpmuJJdVUH12Fst2kPPzApNfppQGd,0.073293089,TOKEN,success
5Nv1LoNWX67ZVWtmw2mcBHqSzxrVZT2QXCnUXGLbYjafgpZ9Z2P9cW594HAwsffMVNK2TExBjgaLURNQrF5cynFU,2026-02-17T10:27:13.000Z,4nAiqm5QiZiwh1sMpmuJJdVUH12Fst2kPPzApNfppQGd,GHigB15jr7wZ8GitjD4Hf5naqyUJfMbKa1n1PmSiBhUc,12040.801384965,TOKEN,success
5Nv1LoNWX67ZVWtmw2mcBHqSzxrVZT2QXCnUXGLbYjafgpZ9Z2P9cW594HAwsffMVNK2TExBjgaLURNQrF5cynFU,2026-02-17T10:27:13.000Z,GHigB15jr7wZ8GitjD4Hf5naqyUJfMbKa1n1PmSiBhUc,2AXXcN6oN9bBT5owwmTH53C7QHUXvhLeu718Kqt8rvY2,8.747697,TOKEN,success
5Nv1LoNWX67ZVWtmw2mcBHqSzxrVZT2QXCnUXGLbYjafgpZ9Z2P9cW594HAwsffMVNK2TExBjgaLURNQrF5cynFU,2026-02-17T10:27:13.000Z,2AXXcN6oN9bBT5owwmTH53C7QHUXvhLeu718Kqt8rvY2,GHigB15jr7wZ8GitjD4Hf5naqyUJfMbKa1n1PmSiBhUc,0.073303781,TOKEN,success
5Nv1LoNWX67ZVWtmw2mcBHqSzxrVZT2QXCnUXGLbYjafgpZ9Z2P9cW594HAwsffMVNK2TExBjgaLURNQrF5cynFU,2026-02-17T10:27:13.000Z,GHigB15jr7wZ8GitjD4Hf5naqyUJfMbKa1n1PmSiBhUc,5Q544fKrFoe6tsEbD7S8EmxGTJYAKtTVhAW5Q5pge4j1,12040.801384965,TOKEN,success
5Nv1LoNWX67ZVWtmw2mcBHqSzxrVZT2QXCnUXGLbYjafgpZ9Z2P9cW594HAwsffMVNK2TExBjgaLURNQrF5cynFU,2026-02-17T10:27:13.000Z,5Q544fKrFoe6tsEbD7S8EmxGTJYAKtTVhAW5Q5pge4j1,GHigB15jr7wZ8GitjD4Hf5naqyUJfMbKa1n1PmSiBhUc,8.747697,TOKEN,success
5rFjc2MWVA8cVQT6T9rMPzjc6ke13GvZ6XDQc3HvXK6eTNtJybLwPZfdaqeVPLXmDaE7uRu1v4vj22jdTaL6P6a2,2026-02-17T10:18:26.000Z,3nMNd89AxwHUa1AFvQGqohRkxFEQsTsgiEyEyqXFHyyH,A5b8zHSBbWUoKmgy54VRjDH2kguAhCQ4eKDFiHPYgUJR,0.001006,SOL,success
5rFjc2MWVA8cVQT6T9rMPzjc6ke13GvZ6XDQc3HvXK6eTNtJybLwPZfdaqeVPLXmDaE7uRu1v4vj22jdTaL6P6a2,2026-02-17T10:18:26.000Z,3nMNd89AxwHUa1AFvQGqohRkxFEQsTsgiEyEyqXFHyyH,C1MgLojNLWBKADvu9BHdtgzz1oZX4dZ5zGdGcgvvW8Wz,0.004782043,TOKEN,success
5rFjc2MWVA8cVQT6T9rMPzjc6ke13GvZ6XDQc3HvXK6eTNtJybLwPZfdaqeVPLXmDaE7uRu1v4vj22jdTaL6P6a2,2026-02-17T10:18:26.000Z,C1MgLojNLWBKADvu9BHdtgzz1oZX4dZ5zGdGcgvvW8Wz,3nMNd89AxwHUa1AFvQGqohRkxFEQsTsgiEyEyqXFHyyH,2.490349,TOKEN,success
5rFjc2MWVA8cVQT6T9rMPzjc6ke13GvZ6XDQc3HvXK6eTNtJybLwPZfdaqeVPLXmDaE7uRu1v4vj22jdTaL6P6a2,2026-02-17T10:18:26.000Z,3nMNd89AxwHUa1AFvQGqohRkxFEQsTsgiEyEyqXFHyyH,GpMZbSM2GgvTKHJirzeGfMFoaZ8UR2X7F4v8vHTvxFbL,3059.709602,TOKEN,success
5rFjc2MWVA8cVQT6T9rMPzjc6ke13GvZ6XDQc3HvXK6eTNtJybLwPZfdaqeVPLXmDaE7uRu1v4vj22jdTaL6P6a2,2026-02-17T10:18:26.000Z,GpMZbSM2GgvTKHJirzeGfMFoaZ8UR2X7F4v8vHTvxFbL,3nMNd89AxwHUa1AFvQGqohRkxFEQsTsgiEyEyqXFHyyH,788.575539821,TOKEN,success
5rFjc2MWVA8cVQT6T9rMPzjc6ke13GvZ6XDQc3HvXK6eTNtJybLwPZfdaqeVPLXmDaE7uRu1v4vj22jdTaL6P6a2,2026-02-17T10:18:26.000Z,3nMNd89AxwHUa1AFvQGqohRkxFEQsTsgiEyEyqXFHyyH,2AXXcN6oN9bBT5owwmTH53C7QHUXvhLeu718Kqt8rvY2,0.573053,TOKEN,success
5rFjc2MWVA8cVQT6T9rMPzjc6ke13GvZ6XDQc3HvXK6eTNtJybLwPZfdaqeVPLXmDaE7uRu1v4vj22jdTaL6P6a2,2026-02-17T10:18:26.000Z,2AXXcN6oN9bBT5owwmTH53C7QHUXvhLeu718Kqt8rvY2,3nMNd89AxwHUa1AFvQGqohRkxFEQsTsgiEyEyqXFHyyH,0.004798308,TOKEN,success
5rFjc2MWVA8cVQT6T9rMPzjc6ke13GvZ6XDQc3HvXK6eTNtJybLwPZfdaqeVPLXmDaE7uRu1v4vj22jdTaL6P6a2,2026-02-17T10:18:26.000Z,3nMNd89AxwHUa1AFvQGqohRkxFEQsTsgiEyEyqXFHyyH,5Q544fKrFoe6tsEbD7S8EmxGTJYAKtTVhAW5Q5pge4j1,2.490349,TOKEN,success
5rFjc2MWVA8cVQT6T9rMPzjc6ke13GvZ6XDQc3HvXK6eTNtJybLwPZfdaqeVPLXmDaE7uRu1v4vj22jdTaL6P6a2,2026-02-17T10:18:26.000Z,5Q544fKrFoe6tsEbD7S8EmxGTJYAKtTVhAW5Q5pge4j1,3nMNd89AxwHUa1AFvQGqohRkxFEQsTsgiEyEyqXFHyyH,3059.709602,TOKEN,success
5rFjc2MWVA8cVQT6T9rMPzjc6ke13GvZ6XDQc3HvXK6eTNtJybLwPZfdaqeVPLXmDaE7uRu1v4vj22jdTaL6P6a2,2026-02-17T10:18:26.000Z,3nMNd89AxwHUa1AFvQGqohRkxFEQsTsgiEyEyqXFHyyH,5Q544fKrFoe6tsEbD7S8EmxGTJYAKtTVhAW5Q5pge4j1,788.575539821,TOKEN,success
5rFjc2MWVA8cVQT6T9rMPzjc6ke13GvZ6XDQc3HvXK6eTNtJybLwPZfdaqeVPLXmDaE7uRu1v4vj22jdTaL6P6a2,2026-02-17T10:18:26.000Z,5Q544fKrFoe6tsEbD7S8EmxGTJYAKtTVhAW5Q5pge4j1,3nMNd89AxwHUa1AFvQGqohRkxFEQsTsgiEyEyqXFHyyH,0.573053,TOKEN,success
2vmGWEdJ147ACJVznCrqvMBziXToNqQTsMM1jC7L5dFCuWRwMvfTgdWJjMKjr7TkcymnyjDLJsSdLyhrCMxAcu4f,2026-02-17T10:18:25.000Z,2EZsc3KXSRusWxWnzEd7efQFcaxYpoh5LkwtvWohNKZB,3AVi9Tg9Uo68tJfuvoKvqKNWKkC5wPdSSdeBnizKZ6jT,0.000009426,SOL,success
2vmGWEdJ147ACJVznCrqvMBziXToNqQTsMM1jC7L5dFCuWRwMvfTgdWJjMKjr7TkcymnyjDLJsSdLyhrCMxAcu4f,2026-02-17T10:18:25.000Z,2EZsc3KXSRusWxWnzEd7efQFcaxYpoh5LkwtvWohNKZB,3uZcofBKVBYFrQ7jVjTFLEMWAQiZcih4AES5tKBqdo7m,0.044189453,TOKEN,success
2vmGWEdJ147ACJVznCrqvMBziXToNqQTsMM1jC7L5dFCuWRwMvfTgdWJjMKjr7TkcymnyjDLJsSdLyhrCMxAcu4f,2026-02-17T10:18:25.000Z,3uZcofBKVBYFrQ7jVjTFLEMWAQiZcih4AES5tKBqdo7m,2EZsc3KXSRusWxWnzEd7efQFcaxYpoh5LkwtvWohNKZB,7264.650480702,TOKEN,success
2vmGWEdJ147ACJVznCrqvMBziXToNqQTsMM1jC7L5dFCuWRwMvfTgdWJjMKjr7TkcymnyjDLJsSdLyhrCMxAcu4f,2026-02-17T10:18:25.000Z,2EZsc3KXSRusWxWnzEd7efQFcaxYpoh5LkwtvWohNKZB,5Q544fKrFoe6tsEbD7S8EmxGTJYAKtTVhAW5Q5pge4j1,7264.650480702,TOKEN,success
2vmGWEdJ147ACJVznCrqvMBziXToNqQTsMM1jC7L5dFCuWRwMvfTgdWJjMKjr7TkcymnyjDLJsSdLyhrCMxAcu4f,2026-02-17T10:18:25.000Z,5Q544fKrFoe6tsEbD7S8EmxGTJYAKtTVhAW5Q5pge4j1,2EZsc3KXSRusWxWnzEd7efQFcaxYpoh5LkwtvWohNKZB,5.281801,TOKEN,success
2vmGWEdJ147ACJVznCrqvMBziXToNqQTsMM1jC7L5dFCuWRwMvfTgdWJjMKjr7TkcymnyjDLJsSdLyhrCMxAcu4f,2026-02-17T10:18:25.000Z,2EZsc3KXSRusWxWnzEd7efQFcaxYpoh5LkwtvWohNKZB,2AXXcN6oN9bBT5owwmTH53C7QHUXvhLeu718Kqt8rvY2,5.281801,TOKEN,success
2vmGWEdJ147ACJVznCrqvMBziXToNqQTsMM1jC7L5dFCuWRwMvfTgdWJjMKjr7TkcymnyjDLJsSdLyhrCMxAcu4f,2026-02-17T10:18:25.000Z,2AXXcN6oN9bBT5owwmTH53C7QHUXvhLeu718Kqt8rvY2,2EZsc3KXSRusWxWnzEd7efQFcaxYpoh5LkwtvWohNKZB,0.044226966,TOKEN,success
2vmGWEdJ147ACJVznCrqvMBziXToNqQTsMM1jC7L5dFCuWRwMvfTgdWJjMKjr7TkcymnyjDLJsSdLyhrCMxAcu4f,2026-02-17T10:18:25.000Z,,2YM8LrJGRtsDcWeqsjX2EQwJfhArxyDdtDzgt7vrwwbV,0.001456,TOKEN,success
4xAbSso3RzygyDryJpy5C2kT2rkQSb93qZC6uK4qcCWgkvjdp6e46a5sa4DU2R3D9PXZWtwrpWhQpjhaA5p4syQP,2026-02-17T10:18:09.000Z,UUAhspPgUdGuXUnokmxERH1VvNGNh1ouN3mfcbfV8yd,2AXXcN6oN9bBT5owwmTH53C7QHUXvhLeu718Kqt8rvY2,6.9997,TOKEN,success
4xAbSso3RzygyDryJpy5C2kT2rkQSb93qZC6uK4qcCWgkvjdp6e46a5sa4DU2R3D9PXZWtwrpWhQpjhaA5p4syQP,2026-02-17T10:18:09.000Z,2AXXcN6oN9bBT5owwmTH53C7QHUXvhLeu718Kqt8rvY2,UUAhspPgUdGuXUnokmxERH1VvNGNh1ouN3mfcbfV8yd,0.058477068,TOKEN,success
4xAbSso3RzygyDryJpy5C2kT2rkQSb93qZC6uK4qcCWgkvjdp6e46a5sa4DU2R3D9PXZWtwrpWhQpjhaA5p4syQP,2026-02-17T10:18:09.000Z,UUAhspPgUdGuXUnokmxERH1VvNGNh1ouN3mfcbfV8yd,3uZcofBKVBYFrQ7jVjTFLEMWAQiZcih4AES5tKBqdo7m,0.05841255,TOKEN,success
4xAbSso3RzygyDryJpy5C2kT2rkQSb93qZC6uK4qcCWgkvjdp6e46a5sa4DU2R3D9PXZWtwrpWhQpjhaA5p4syQP,2026-02-17T10:18:09.000Z,3uZcofBKVBYFrQ7jVjTFLEMWAQiZcih4AES5tKBqdo7m,UUAhspPgUdGuXUnokmxERH1VvNGNh1ouN3mfcbfV8yd,9618.578292606,TOKEN,success
4xAbSso3RzygyDryJpy5C2kT2rkQSb93qZC6uK4qcCWgkvjdp6e46a5sa4DU2R3D9PXZWtwrpWhQpjhaA5p4syQP,2026-02-17T10:18:09.000Z,UUAhspPgUdGuXUnokmxERH1VvNGNh1ouN3mfcbfV8yd,5Q544fKrFoe6tsEbD7S8EmxGTJYAKtTVhAW5Q5pge4j1,9618.578292606,TOKEN,success
4xAbSso3RzygyDryJpy5C2kT2rkQSb93qZC6uK4qcCWgkvjdp6e46a5sa4DU2R3D9PXZWtwrpWhQpjhaA5p4syQP,2026-02-17T10:18:09.000Z,5Q544fKrFoe6tsEbD7S8EmxGTJYAKtTVhAW5Q5pge4j1,UUAhspPgUdGuXUnokmxERH1VvNGNh1ouN3mfcbfV8yd,6.9997,TOKEN,success
4xAbSso3RzygyDryJpy5C2kT2rkQSb93qZC6uK4qcCWgkvjdp6e46a5sa4DU2R3D9PXZWtwrpWhQpjhaA5p4syQP,2026-02-17T10:18:09.000Z,,2YM8LrJGRtsDcWeqsjX2EQwJfhArxyDdtDzgt7vrwwbV,0.001925,TOKEN,success
5UqHgeEWCp6pqzUpgVdADNDhDVitsmgDohQDQYYH1brPcXGxC4kqRyMnq7A4pEYyyiDZGFntVt5aSxfRUw5rXC23,2026-02-17T10:17:57.000Z,3nMNd89AxwHUa1AFvQGqohRkxFEQsTsgiEyEyqXFHyyH,2uzwxozWjAKod5N5qFtqAayi6K1Gi8tVihhS4YCvUusA,0.001006,SOL,success
5UqHgeEWCp6pqzUpgVdADNDhDVitsmgDohQDQYYH1brPcXGxC4kqRyMnq7A4pEYyyiDZGFntVt5aSxfRUw5rXC23,2026-02-17T10:17:57.000Z,3nMNd89AxwHUa1AFvQGqohRkxFEQsTsgiEyEyqXFHyyH,7BZzoP3QB2zK3R7WqRzjS5fpeeErgdy3HGzxXrN97aEY,0.003589127,TOKEN,success
5UqHgeEWCp6pqzUpgVdADNDhDVitsmgDohQDQYYH1brPcXGxC4kqRyMnq7A4pEYyyiDZGFntVt5aSxfRUw5rXC23,2026-02-17T10:17:57.000Z,7BZzoP3QB2zK3R7WqRzjS5fpeeErgdy3HGzxXrN97aEY,3nMNd89AxwHUa1AFvQGqohRkxFEQsTsgiEyEyqXFHyyH,36560.30642,TOKEN,success
5UqHgeEWCp6pqzUpgVdADNDhDVitsmgDohQDQYYH1brPcXGxC4kqRyMnq7A4pEYyyiDZGFntVt5aSxfRUw5rXC23,2026-02-17T10:17:57.000Z,3nMNd89AxwHUa1AFvQGqohRkxFEQsTsgiEyEyqXFHyyH,F662n6Ac6EPcMzc6Ra5DMhoXo9U3utVX9fNUiGWnBXvA,36560.30642,TOKEN,success
5UqHgeEWCp6pqzUpgVdADNDhDVitsmgDohQDQYYH1brPcXGxC4kqRyMnq7A4pEYyyiDZGFntVt5aSxfRUw5rXC23,2026-02-17T10:17:57.000Z,F662n6Ac6EPcMzc6Ra5DMhoXo9U3utVX9fNUiGWnBXvA,3nMNd89AxwHUa1AFvQGqohRkxFEQsTsgiEyEyqXFHyyH,593.143024981,TOKEN,success
5UqHgeEWCp6pqzUpgVdADNDhDVitsmgDohQDQYYH1brPcXGxC4kqRyMnq7A4pEYyyiDZGFntVt5aSxfRUw5rXC23,2026-02-17T10:17:57.000Z,3nMNd89AxwHUa1AFvQGqohRkxFEQsTsgiEyEyqXFHyyH,2AXXcN6oN9bBT5owwmTH53C7QHUXvhLeu718Kqt8rvY2,0.431736,TOKEN,success
5UqHgeEWCp6pqzUpgVdADNDhDVitsmgDohQDQYYH1brPcXGxC4kqRyMnq7A4pEYyyiDZGFntVt5aSxfRUw5rXC23,2026-02-17T10:17:57.000Z,2AXXcN6oN9bBT5owwmTH53C7QHUXvhLeu718Kqt8rvY2,3nMNd89AxwHUa1AFvQGqohRkxFEQsTsgiEyEyqXFHyyH,0.00360107,TOKEN,success
5UqHgeEWCp6pqzUpgVdADNDhDVitsmgDohQDQYYH1brPcXGxC4kqRyMnq7A4pEYyyiDZGFntVt5aSxfRUw5rXC23,2026-02-17T10:17:57.000Z,3nMNd89AxwHUa1AFvQGqohRkxFEQsTsgiEyEyqXFHyyH,5Q544fKrFoe6tsEbD7S8EmxGTJYAKtTVhAW5Q5pge4j1,593.143024981,TOKEN,success
5UqHgeEWCp6pqzUpgVdADNDhDVitsmgDohQDQYYH1brPcXGxC4kqRyMnq7A4pEYyyiDZGFntVt5aSxfRUw5rXC23,2026-02-17T10:17:57.000Z,5Q544fKrFoe6tsEbD7S8EmxGTJYAKtTVhAW5Q5pge4j1,3nMNd89AxwHUa1AFvQGqohRkxFEQsTsgiEyEyqXFHyyH,0.431736,TOKEN,success
4KsoEZHuNpY4TEymsBwBQUv6NxRTMvgKQMWUBnC9Ei8DEuRtUkz6Cykegj5z9Nb6vs8Up35Kg74LuiMA2yhZKru7,2026-02-17T10:16:15.000Z,3nMNd89AxwHUa1AFvQGqohRkxFEQsTsgiEyEyqXFHyyH,ADp3Bg557HqVLZRT4oq9d3FKaq7M8zjeHLLZyfoSSedE,0.001006,SOL,success
4KsoEZHuNpY4TEymsBwBQUv6NxRTMvgKQMWUBnC9Ei8DEuRtUkz6Cykegj5z9Nb6vs8Up35Kg74LuiMA2yhZKru7,2026-02-17T10:16:15.000Z,3nMNd89AxwHUa1AFvQGqohRkxFEQsTsgiEyEyqXFHyyH,7BZzoP3QB2zK3R7WqRzjS5fpeeErgdy3HGzxXrN97aEY,0.003773148,TOKEN,success
4KsoEZHuNpY4TEymsBwBQUv6NxRTMvgKQMWUBnC9Ei8DEuRtUkz6Cykegj5z9Nb6vs8Up35Kg74LuiMA2yhZKru7,2026-02-17T10:16:15.000Z,7BZzoP3QB2zK3R7WqRzjS5fpeeErgdy3HGzxXrN97aEY,3nMNd89AxwHUa1AFvQGqohRkxFEQsTsgiEyEyqXFHyyH,38457.25485,TOKEN,success
4KsoEZHuNpY4TEymsBwBQUv6NxRTMvgKQMWUBnC9Ei8DEuRtUkz6Cykegj5z9Nb6vs8Up35Kg74LuiMA2yhZKru7,2026-02-17T10:16:15.000Z,3nMNd89AxwHUa1AFvQGqohRkxFEQsTsgiEyEyqXFHyyH,F662n6Ac6EPcMzc6Ra5DMhoXo9U3utVX9fNUiGWnBXvA,38457.25485,TOKEN,success
4KsoEZHuNpY4TEymsBwBQUv6NxRTMvgKQMWUBnC9Ei8DEuRtUkz6Cykegj5z9Nb6vs8Up35Kg74LuiMA2yhZKru7,2026-02-17T10:16:15.000Z,F662n6Ac6EPcMzc6Ra5DMhoXo9U3utVX9fNUiGWnBXvA,3nMNd89AxwHUa1AFvQGqohRkxFEQsTsgiEyEyqXFHyyH,625.805497556,TOKEN,success
4KsoEZHuNpY4TEymsBwBQUv6NxRTMvgKQMWUBnC9Ei8DEuRtUkz6Cykegj5z9Nb6vs8Up35Kg74LuiMA2yhZKru7,2026-02-17T10:16:15.000Z,3nMNd89AxwHUa1AFvQGqohRkxFEQsTsgiEyEyqXFHyyH,2AXXcN6oN9bBT5owwmTH53C7QHUXvhLeu718Kqt8rvY2,0.45604,TOKEN,success
4KsoEZHuNpY4TEymsBwBQUv6NxRTMvgKQMWUBnC9Ei8DEuRtUkz6Cykegj5z9Nb6vs8Up35Kg74LuiMA2yhZKru7,2026-02-17T10:16:15.000Z,2AXXcN6oN9bBT5owwmTH53C7QHUXvhLeu718Kqt8rvY2,3nMNd89AxwHUa1AFvQGqohRkxFEQsTsgiEyEyqXFHyyH,0.003786316,TOKEN,success
4KsoEZHuNpY4TEymsBwBQUv6NxRTMvgKQMWUBnC9Ei8DEuRtUkz6Cykegj5z9Nb6vs8Up35Kg74LuiMA2yhZKru7,2026-02-17T10:16:15.000Z,3nMNd89AxwHUa1AFvQGqohRkxFEQsTsgiEyEyqXFHyyH,5Q544fKrFoe6tsEbD7S8EmxGTJYAKtTVhAW5Q5pge4j1,625.805497556,TOKEN,success
4KsoEZHuNpY4TEymsBwBQUv6NxRTMvgKQMWUBnC9Ei8DEuRtUkz6Cykegj5z9Nb6vs8Up35Kg74LuiMA2yhZKru7,2026-02-17T10:16:15.000Z,5Q544fKrFoe6tsEbD7S8EmxGTJYAKtTVhAW5Q5pge4j1,3nMNd89AxwHUa1AFvQGqohRkxFEQsTsgiEyEyqXFHyyH,0.45604,TOKEN,success
3SqZLezTsQWX9miRGj4GsmE2Vw89E3XPFosqMgswQmiSJY12PcBFD7ZP1NP1LFaDEQ2RxxgVTbgNv44jXC9TnPob,2026-02-17T10:13:04.000Z,7bBp5pLeQx5iHEfZCD2zZPMSg1hzV9fprA46cEi6Jp8Z,AVedewo4W5E5C9vtjFeAe13DGq6L5WNN2Kk3yuWZGNUN,0.004,TOKEN,success
3SqZLezTsQWX9miRGj4GsmE2Vw89E3XPFosqMgswQmiSJY12PcBFD7ZP1NP1LFaDEQ2RxxgVTbgNv44jXC9TnPob,2026-02-17T10:13:04.000Z,D5YqVMoSxnqeZAKAUUE1Dm3bmjtdxQ5DCF356ozqN9cM,7BZzoP3QB2zK3R7WqRzjS5fpeeErgdy3HGzxXrN97aEY,0.004,TOKEN,success
3SqZLezTsQWX9miRGj4GsmE2Vw89E3XPFosqMgswQmiSJY12PcBFD7ZP1NP1LFaDEQ2RxxgVTbgNv44jXC9TnPob,2026-02-17T10:13:04.000Z,7BZzoP3QB2zK3R7WqRzjS5fpeeErgdy3HGzxXrN97aEY,D5YqVMoSxnqeZAKAUUE1Dm3bmjtdxQ5DCF356ozqN9cM,40712.74091,TOKEN,success
3SqZLezTsQWX9miRGj4GsmE2Vw89E3XPFosqMgswQmiSJY12PcBFD7ZP1NP1LFaDEQ2RxxgVTbgNv44jXC9TnPob,2026-02-17T10:13:04.000Z,D5YqVMoSxnqeZAKAUUE1Dm3bmjtdxQ5DCF356ozqN9cM,5y2jFFA3A8GNjRnVMg8LfTHbBg7y2vivopiK8LmGRP2B,21720.51797,TOKEN,success
3SqZLezTsQWX9miRGj4GsmE2Vw89E3XPFosqMgswQmiSJY12PcBFD7ZP1NP1LFaDEQ2RxxgVTbgNv44jXC9TnPob,2026-02-17T10:13:04.000Z,5y2jFFA3A8GNjRnVMg8LfTHbBg7y2vivopiK8LmGRP2B,D5YqVMoSxnqeZAKAUUE1Dm3bmjtdxQ5DCF356ozqN9cM,0.183398,TOKEN,success
3SqZLezTsQWX9miRGj4GsmE2Vw89E3XPFosqMgswQmiSJY12PcBFD7ZP1NP1LFaDEQ2RxxgVTbgNv44jXC9TnPob,2026-02-17T10:13:04.000Z,D5YqVMoSxnqeZAKAUUE1Dm3bmjtdxQ5DCF356ozqN9cM,F662n6Ac6EPcMzc6Ra5DMhoXo9U3utVX9fNUiGWnBXvA,18992.22294,TOKEN,success
3SqZLezTsQWX9miRGj4GsmE2Vw89E3XPFosqMgswQmiSJY12PcBFD7ZP1NP1LFaDEQ2RxxgVTbgNv44jXC9TnPob,2026-02-17T10:13:04.000Z,F662n6Ac6EPcMzc6Ra5DMhoXo9U3utVX9fNUiGWnBXvA,D5YqVMoSxnqeZAKAUUE1Dm3bmjtdxQ5DCF356ozqN9cM,311.159462293,TOKEN,success
3SqZLezTsQWX9miRGj4GsmE2Vw89E3XPFosqMgswQmiSJY12PcBFD7ZP1NP1LFaDEQ2RxxgVTbgNv44jXC9TnPob,2026-02-17T10:13:04.000Z,D5YqVMoSxnqeZAKAUUE1Dm3bmjtdxQ5DCF356ozqN9cM,9vqYJjDUFecLL2xPUC4Rc7hyCtZ6iJ4mDiVZX7aFXoAe,311.159462293,TOKEN,success
3SqZLezTsQWX9miRGj4GsmE2Vw89E3XPFosqMgswQmiSJY12PcBFD7ZP1NP1LFaDEQ2RxxgVTbgNv44jXC9TnPob,2026-02-17T10:13:04.000Z,9vqYJjDUFecLL2xPUC4Rc7hyCtZ6iJ4mDiVZX7aFXoAe,D5YqVMoSxnqeZAKAUUE1Dm3bmjtdxQ5DCF356ozqN9cM,0.160474,TOKEN,success
3SqZLezTsQWX9miRGj4GsmE2Vw89E3XPFosqMgswQmiSJY12PcBFD7ZP1NP1LFaDEQ2RxxgVTbgNv44jXC9TnPob,2026-02-17T10:13:04.000Z,AVedewo4W5E5C9vtjFeAe13DGq6L5WNN2Kk3yuWZGNUN,D5YqVMoSxnqeZAKAUUE1Dm3bmjtdxQ5DCF356ozqN9cM,0.004,TOKEN,success
3SqZLezTsQWX9miRGj4GsmE2Vw89E3XPFosqMgswQmiSJY12PcBFD7ZP1NP1LFaDEQ2RxxgVTbgNv44jXC9TnPob,2026-02-17T10:13:04.000Z,D5YqVMoSxnqeZAKAUUE1Dm3bmjtdxQ5DCF356ozqN9cM,AVedewo4W5E5C9vtjFeAe13DGq6L5WNN2Kk3yuWZGNUN,0.343872,TOKEN,success
3SqZLezTsQWX9miRGj4GsmE2Vw89E3XPFosqMgswQmiSJY12PcBFD7ZP1NP1LFaDEQ2RxxgVTbgNv44jXC9TnPob,2026-02-17T10:13:04.000Z,FksffEqnBRixYGR791Qw2MgdU7zNCpHVFYBL4Fa4qVuH,AVedewo4W5E5C9vtjFeAe13DGq6L5WNN2Kk3yuWZGNUN,0.004009415,TOKEN,success
3SqZLezTsQWX9miRGj4GsmE2Vw89E3XPFosqMgswQmiSJY12PcBFD7ZP1NP1LFaDEQ2RxxgVTbgNv44jXC9TnPob,2026-02-17T10:13:04.000Z,AVedewo4W5E5C9vtjFeAe13DGq6L5WNN2Kk3yuWZGNUN,FksffEqnBRixYGR791Qw2MgdU7zNCpHVFYBL4Fa4qVuH,0.343872,TOKEN,success
3SqZLezTsQWX9miRGj4GsmE2Vw89E3XPFosqMgswQmiSJY12PcBFD7ZP1NP1LFaDEQ2RxxgVTbgNv44jXC9TnPob,2026-02-17T10:13:04.000Z,AVedewo4W5E5C9vtjFeAe13DGq6L5WNN2Kk3yuWZGNUN,7bBp5pLeQx5iHEfZCD2zZPMSg1hzV9fprA46cEi6Jp8Z,0.004009415,TOKEN,success
481Sp1Wh2JXbnLSznDMKpWDkBU6xWM4DFUJhkM41noa6gqNyYrR124WrniCuqLfMH51JMuwvTY4z3sbsRGvgsfaQ,2026-02-17T10:10:05.000Z,3nMNd89AxwHUa1AFvQGqohRkxFEQsTsgiEyEyqXFHyyH,2VQomzqNUTBwoBuKUcGKmb3s3HR2GR3g36VfqZenCRVa,0.001006567,SOL,success
481Sp1Wh2JXbnLSznDMKpWDkBU6xWM4DFUJhkM41noa6gqNyYrR124WrniCuqLfMH51JMuwvTY4z3sbsRGvgsfaQ,2026-02-17T10:10:05.000Z,3nMNd89AxwHUa1AFvQGqohRkxFEQsTsgiEyEyqXFHyyH,7BZzoP3QB2zK3R7WqRzjS5fpeeErgdy3HGzxXrN97aEY,0.004627716,TOKEN,success
481Sp1Wh2JXbnLSznDMKpWDkBU6xWM4DFUJhkM41noa6gqNyYrR124WrniCuqLfMH51JMuwvTY4z3sbsRGvgsfaQ,2026-02-17T10:10:05.000Z,7BZzoP3QB2zK3R7WqRzjS5fpeeErgdy3HGzxXrN97aEY,3nMNd89AxwHUa1AFvQGqohRkxFEQsTsgiEyEyqXFHyyH,46807.16148,TOKEN,success
481Sp1Wh2JXbnLSznDMKpWDkBU6xWM4DFUJhkM41noa6gqNyYrR124WrniCuqLfMH51JMuwvTY4z3sbsRGvgsfaQ,2026-02-17T10:10:05.000Z,3nMNd89AxwHUa1AFvQGqohRkxFEQsTsgiEyEyqXFHyyH,F662n6Ac6EPcMzc6Ra5DMhoXo9U3utVX9fNUiGWnBXvA,46807.16148,TOKEN,success
481Sp1Wh2JXbnLSznDMKpWDkBU6xWM4DFUJhkM41noa6gqNyYrR124WrniCuqLfMH51JMuwvTY4z3sbsRGvgsfaQ,2026-02-17T10:10:05.000Z,F662n6Ac6EPcMzc6Ra5DMhoXo9U3utVX9fNUiGWnBXvA,3nMNd89AxwHUa1AFvQGqohRkxFEQsTsgiEyEyqXFHyyH,770.312617589,TOKEN,success
481Sp1Wh2JXbnLSznDMKpWDkBU6xWM4DFUJhkM41noa6gqNyYrR124WrniCuqLfMH51JMuwvTY4z3sbsRGvgsfaQ,2026-02-17T10:10:05.000Z,3nMNd89AxwHUa1AFvQGqohRkxFEQsTsgiEyEyqXFHyyH,7nDSrtf8iak4if2t1zydxz9AKHt1TXdDp4drzmmhUFDP,770.312514663,TOKEN,success
481Sp1Wh2JXbnLSznDMKpWDkBU6xWM4DFUJhkM41noa6gqNyYrR124WrniCuqLfMH51JMuwvTY4z3sbsRGvgsfaQ,2026-02-17T10:10:05.000Z,7nDSrtf8iak4if2t1zydxz9AKHt1TXdDp4drzmmhUFDP,3nMNd89AxwHUa1AFvQGqohRkxFEQsTsgiEyEyqXFHyyH,0.00464002,TOKEN,success
4E3r2F92oZ8trmxYPfdU2UzRMKiZuwNkYjBAyU4KHnmnsxcM2UFqmEf5sUHTh5FijmX99VWDy8NWSweh58V9pJeo,2026-02-17T10:07:01.000Z,GsCY6n5RY7v3qcDAzGYcDShNzthngVs4So4b5nmVuqSN,C6b8mZi8i59RzmHB5E1vXnzU5dMxt7rxYfNENNWuzvRH,0.00203928,SOL,success
4E3r2F92oZ8trmxYPfdU2UzRMKiZuwNkYjBAyU4KHnmnsxcM2UFqmEf5sUHTh5FijmX99VWDy8NWSweh58V9pJeo,2026-02-17T10:07:01.000Z,GsCY6n5RY7v3qcDAzGYcDShNzthngVs4So4b5nmVuqSN,E27TNg6KFUneevPx5dg7ZxwJa9tCsXfTLQvSUx8cKbC8,638950.05856554,TOKEN,success
5xFYWC5S1Bn3tXQ6HMYruitatVvo7HbVqD2TwfnTWmgWxfzQd8zkDdhyW7CQSZfevSDLa8DgnznfeEyPypWv8WRz,2026-02-17T10:05:40.000Z,2mtj1g7gFRqw1RZaMVSVsaSXiTLD1QSbsojZ3EmS4u9S,DG4E5sgRWXqq3WB8tQUE4z53WVueDmKooeWbpCa8gi7D,0.01,SOL,success
5xFYWC5S1Bn3tXQ6HMYruitatVvo7HbVqD2TwfnTWmgWxfzQd8zkDdhyW7CQSZfevSDLa8DgnznfeEyPypWv8WRz,2026-02-17T10:05:40.000Z,2mtj1g7gFRqw1RZaMVSVsaSXiTLD1QSbsojZ3EmS4u9S,HeZVpHj9jLwTVtMMbzQRf6mLtFPkWNSg11o68qrbUBa3,0.0001,SOL,success
5xFYWC5S1Bn3tXQ6HMYruitatVvo7HbVqD2TwfnTWmgWxfzQd8zkDdhyW7CQSZfevSDLa8DgnznfeEyPypWv8WRz,2026-02-17T10:05:40.000Z,2mtj1g7gFRqw1RZaMVSVsaSXiTLD1QSbsojZ3EmS4u9S,DAbjWBKNUs3MCNYNS7tsyyosBzZtjHLpGWA9GbTjX9cq,0.001,SOL,success
5xFYWC5S1Bn3tXQ6HMYruitatVvo7HbVqD2TwfnTWmgWxfzQd8zkDdhyW7CQSZfevSDLa8DgnznfeEyPypWv8WRz,2026-02-17T10:05:40.000Z,2mtj1g7gFRqw1RZaMVSVsaSXiTLD1QSbsojZ3EmS4u9S,DG4E5sgRWXqq3WB8tQUE4z53WVueDmKooeWbpCa8gi7D,0.00203928,SOL,success
5xFYWC5S1Bn3tXQ6HMYruitatVvo7HbVqD2TwfnTWmgWxfzQd8zkDdhyW7CQSZfevSDLa8DgnznfeEyPypWv8WRz,2026-02-17T10:05:40.000Z,2mtj1g7gFRqw1RZaMVSVsaSXiTLD1QSbsojZ3EmS4u9S,5uNkb5Mz6JnLEs5wrgNxhckE489knz2XYJq7zDG6jiAN,0.00203928,SOL,success
5xFYWC5S1Bn3tXQ6HMYruitatVvo7HbVqD2TwfnTWmgWxfzQd8zkDdhyW7CQSZfevSDLa8DgnznfeEyPypWv8WRz,2026-02-17T10:05:40.000Z,DG4E5sgRWXqq3WB8tQUE4z53WVueDmKooeWbpCa8gi7D,2mtj1g7gFRqw1RZaMVSVsaSXiTLD1QSbsojZ3EmS4u9S,0.00203928,SOL,success
5xFYWC5S1Bn3tXQ6HMYruitatVvo7HbVqD2TwfnTWmgWxfzQd8zkDdhyW7CQSZfevSDLa8DgnznfeEyPypWv8WRz,2026-02-17T10:05:40.000Z,2mtj1g7gFRqw1RZaMVSVsaSXiTLD1QSbsojZ3EmS4u9S,Czfq3xZZDmsdGdUyrNLtRhGc47cXcZtLG4crryfu44zE,0.01,TOKEN,success
5xFYWC5S1Bn3tXQ6HMYruitatVvo7HbVqD2TwfnTWmgWxfzQd8zkDdhyW7CQSZfevSDLa8DgnznfeEyPypWv8WRz,2026-02-17T10:05:40.000Z,Czfq3xZZDmsdGdUyrNLtRhGc47cXcZtLG4crryfu44zE,9PQNbkKHFCwcZVB8h48SRPEmKZgKUz28dyCMJfMedSJ7,0.858784,TOKEN,success
5xFYWC5S1Bn3tXQ6HMYruitatVvo7HbVqD2TwfnTWmgWxfzQd8zkDdhyW7CQSZfevSDLa8DgnznfeEyPypWv8WRz,2026-02-17T10:05:40.000Z,9PQNbkKHFCwcZVB8h48SRPEmKZgKUz28dyCMJfMedSJ7,FuvLSmZRY7X4tBciLbgVkSPLBW7v4d1i57D4sWd3ig8x,0.858784,TOKEN,success
5xFYWC5S1Bn3tXQ6HMYruitatVvo7HbVqD2TwfnTWmgWxfzQd8zkDdhyW7CQSZfevSDLa8DgnznfeEyPypWv8WRz,2026-02-17T10:05:40.000Z,FuvLSmZRY7X4tBciLbgVkSPLBW7v4d1i57D4sWd3ig8x,2mtj1g7gFRqw1RZaMVSVsaSXiTLD1QSbsojZ3EmS4u9S,1647.584771973,TOKEN,success
5mdvdJC2D1hAWsMEFMjdzz6TGQEuhjQAvUjdwCu7Uz7kiGVgoSkKRk9cF8yvH64s4DNUdDfGrKJ214gRQ5jDEhuL,2026-02-17T09:41:20.000Z,BM8XcwCUMJC1mzMPM87ZRkHL3CWwWQNCz8Z3uTUSnsrB,Cw8CFyM9FkoMi7K7Crf6HNQqf4uEMzpKw6QNghXLvLkY,0.000002551,SOL,success
5mdvdJC2D1hAWsMEFMjdzz6TGQEuhjQAvUjdwCu7Uz7kiGVgoSkKRk9cF8yvH64s4DNUdDfGrKJ214gRQ5jDEhuL,2026-02-17T09:41:20.000Z,BM8XcwCUMJC1mzMPM87ZRkHL3CWwWQNCz8Z3uTUSnsrB,8W1TkM973SKizYGuRbDbdF9rVQ7sudt3x9rEDQ7mjM89,0.00203928,SOL,success
5mdvdJC2D1hAWsMEFMjdzz6TGQEuhjQAvUjdwCu7Uz7kiGVgoSkKRk9cF8yvH64s4DNUdDfGrKJ214gRQ5jDEhuL,2026-02-17T09:41:20.000Z,BM8XcwCUMJC1mzMPM87ZRkHL3CWwWQNCz8Z3uTUSnsrB,7nzvEYYzdi5hHEwmh5HKzhGstWxx6d6BGKNMhAWyLV8U,0.00203928,SOL,success
5mdvdJC2D1hAWsMEFMjdzz6TGQEuhjQAvUjdwCu7Uz7kiGVgoSkKRk9cF8yvH64s4DNUdDfGrKJ214gRQ5jDEhuL,2026-02-17T09:41:20.000Z,8W1TkM973SKizYGuRbDbdF9rVQ7sudt3x9rEDQ7mjM89,BM8XcwCUMJC1mzMPM87ZRkHL3CWwWQNCz8Z3uTUSnsrB,0.00203928,SOL,success
5mdvdJC2D1hAWsMEFMjdzz6TGQEuhjQAvUjdwCu7Uz7kiGVgoSkKRk9cF8yvH64s4DNUdDfGrKJ214gRQ5jDEhuL,2026-02-17T09:41:20.000Z,7nzvEYYzdi5hHEwmh5HKzhGstWxx6d6BGKNMhAWyLV8U,BM8XcwCUMJC1mzMPM87ZRkHL3CWwWQNCz8Z3uTUSnsrB,0.00203928,SOL,success
5mdvdJC2D1hAWsMEFMjdzz6TGQEuhjQAvUjdwCu7Uz7kiGVgoSkKRk9cF8yvH64s4DNUdDfGrKJ214gRQ5jDEhuL,2026-02-17T09:41:20.000Z,BM8XcwCUMJC1mzMPM87ZRkHL3CWwWQNCz8Z3uTUSnsrB,2AXXcN6oN9bBT5owwmTH53C7QHUXvhLeu718Kqt8rvY2,0.016661738,TOKEN,success
5mdvdJC2D1hAWsMEFMjdzz6TGQEuhjQAvUjdwCu7Uz7kiGVgoSkKRk9cF8yvH64s4DNUdDfGrKJ214gRQ5jDEhuL,2026-02-17T09:41:20.000Z,2AXXcN6oN9bBT5owwmTH53C7QHUXvhLeu718Kqt8rvY2,BM8XcwCUMJC1mzMPM87ZRkHL3CWwWQNCz8Z3uTUSnsrB,2.022706,TOKEN,success
5mdvdJC2D1hAWsMEFMjdzz6TGQEuhjQAvUjdwCu7Uz7kiGVgoSkKRk9cF8yvH64s4DNUdDfGrKJ214gRQ5jDEhuL,2026-02-17T09:41:20.000Z,BM8XcwCUMJC1mzMPM87ZRkHL3CWwWQNCz8Z3uTUSnsrB,5Q544fKrFoe6tsEbD7S8EmxGTJYAKtTVhAW5Q5pge4j1,2.022706,TOKEN,success
5mdvdJC2D1hAWsMEFMjdzz6TGQEuhjQAvUjdwCu7Uz7kiGVgoSkKRk9cF8yvH64s4DNUdDfGrKJ214gRQ5jDEhuL,2026-02-17T09:41:20.000Z,5Q544fKrFoe6tsEbD7S8EmxGTJYAKtTVhAW5Q5pge4j1,BM8XcwCUMJC1mzMPM87ZRkHL3CWwWQNCz8Z3uTUSnsrB,2767.493969083,TOKEN,success
5mdvdJC2D1hAWsMEFMjdzz6TGQEuhjQAvUjdwCu7Uz7kiGVgoSkKRk9cF8yvH64s4DNUdDfGrKJ214gRQ5jDEhuL,2026-02-17T09:41:20.000Z,BM8XcwCUMJC1mzMPM87ZRkHL3CWwWQNCz8Z3uTUSnsrB,9vqYJjDUFecLL2xPUC4Rc7hyCtZ6iJ4mDiVZX7aFXoAe,2767.493969083,TOKEN,success
5mdvdJC2D1hAWsMEFMjdzz6TGQEuhjQAvUjdwCu7Uz7kiGVgoSkKRk9cF8yvH64s4DNUdDfGrKJ214gRQ5jDEhuL,2026-02-17T09:41:20.000Z,9vqYJjDUFecLL2xPUC4Rc7hyCtZ6iJ4mDiVZX7aFXoAe,BM8XcwCUMJC1mzMPM87ZRkHL3CWwWQNCz8Z3uTUSnsrB,1.42974,TOKEN,success
5mdvdJC2D1hAWsMEFMjdzz6TGQEuhjQAvUjdwCu7Uz7kiGVgoSkKRk9cF8yvH64s4DNUdDfGrKJ214gRQ5jDEhuL,2026-02-17T09:41:20.000Z,BM8XcwCUMJC1mzMPM87ZRkHL3CWwWQNCz8Z3uTUSnsrB,CYbD9RaToYMtWKA7QZyoLahnHdWq553Vm62Lh6qWtuxq,1.42974,TOKEN,success
5mdvdJC2D1hAWsMEFMjdzz6TGQEuhjQAvUjdwCu7Uz7kiGVgoSkKRk9cF8yvH64s4DNUdDfGrKJ214gRQ5jDEhuL,2026-02-17T09:41:20.000Z,CYbD9RaToYMtWKA7QZyoLahnHdWq553Vm62Lh6qWtuxq,BM8XcwCUMJC1mzMPM87ZRkHL3CWwWQNCz8Z3uTUSnsrB,0.016690631,TOKEN,success
1UeLBDBg6FFQXTh4LfNjKJnuYKG4oMkYXnnfS6yd8j7PGFrmacGYmGq9u5CVTrcD9RTcT5QzULw8xBQXTwJoiN7,2026-02-17T09:40:46.000Z,7bBp5pLeQx5iHEfZCD2zZPMSg1hzV9fprA46cEi6Jp8Z,AVedewo4W5E5C9vtjFeAe13DGq6L5WNN2Kk3yuWZGNUN,0.01,TOKEN,success
1UeLBDBg6FFQXTh4LfNjKJnuYKG4oMkYXnnfS6yd8j7PGFrmacGYmGq9u5CVTrcD9RTcT5QzULw8xBQXTwJoiN7,2026-02-17T09:40:46.000Z,D5YqVMoSxnqeZAKAUUE1Dm3bmjtdxQ5DCF356ozqN9cM,2AXXcN6oN9bBT5owwmTH53C7QHUXvhLeu718Kqt8rvY2,0.01,TOKEN,success
1UeLBDBg6FFQXTh4LfNjKJnuYKG4oMkYXnnfS6yd8j7PGFrmacGYmGq9u5CVTrcD9RTcT5QzULw8xBQXTwJoiN7,2026-02-17T09:40:46.000Z,2AXXcN6oN9bBT5owwmTH53C7QHUXvhLeu718Kqt8rvY2,D5YqVMoSxnqeZAKAUUE1Dm3bmjtdxQ5DCF356ozqN9cM,1.209085,TOKEN,success
1UeLBDBg6FFQXTh4LfNjKJnuYKG4oMkYXnnfS6yd8j7PGFrmacGYmGq9u5CVTrcD9RTcT5QzULw8xBQXTwJoiN7,2026-02-17T09:40:46.000Z,D5YqVMoSxnqeZAKAUUE1Dm3bmjtdxQ5DCF356ozqN9cM,9vqYJjDUFecLL2xPUC4Rc7hyCtZ6iJ4mDiVZX7aFXoAe,994.435402641,TOKEN,success
1UeLBDBg6FFQXTh4LfNjKJnuYKG4oMkYXnnfS6yd8j7PGFrmacGYmGq9u5CVTrcD9RTcT5QzULw8xBQXTwJoiN7,2026-02-17T09:40:46.000Z,9vqYJjDUFecLL2xPUC4Rc7hyCtZ6iJ4mDiVZX7aFXoAe,D5YqVMoSxnqeZAKAUUE1Dm3bmjtdxQ5DCF356ozqN9cM,0.514827,TOKEN,success
1UeLBDBg6FFQXTh4LfNjKJnuYKG4oMkYXnnfS6yd8j7PGFrmacGYmGq9u5CVTrcD9RTcT5QzULw8xBQXTwJoiN7,2026-02-17T09:40:46.000Z,AVedewo4W5E5C9vtjFeAe13DGq6L5WNN2Kk3yuWZGNUN,D5YqVMoSxnqeZAKAUUE1Dm3bmjtdxQ5DCF356ozqN9cM,0.01,TOKEN,success
1UeLBDBg6FFQXTh4LfNjKJnuYKG4oMkYXnnfS6yd8j7PGFrmacGYmGq9u5CVTrcD9RTcT5QzULw8xBQXTwJoiN7,2026-02-17T09:40:46.000Z,D5YqVMoSxnqeZAKAUUE1Dm3bmjtdxQ5DCF356ozqN9cM,5Q544fKrFoe6tsEbD7S8EmxGTJYAKtTVhAW5Q5pge4j1,1.209085,TOKEN,success
1UeLBDBg6FFQXTh4LfNjKJnuYKG4oMkYXnnfS6yd8j7PGFrmacGYmGq9u5CVTrcD9RTcT5QzULw8xBQXTwJoiN7,2026-02-17T09:40:46.000Z,5Q544fKrFoe6tsEbD7S8EmxGTJYAKtTVhAW5Q5pge4j1,D5YqVMoSxnqeZAKAUUE1Dm3bmjtdxQ5DCF356ozqN9cM,1659.35021058,TOKEN,success
1UeLBDBg6FFQXTh4LfNjKJnuYKG4oMkYXnnfS6yd8j7PGFrmacGYmGq9u5CVTrcD9RTcT5QzULw8xBQXTwJoiN7,2026-02-17T09:40:46.000Z,D5YqVMoSxnqeZAKAUUE1Dm3bmjtdxQ5DCF356ozqN9cM,5Q544fKrFoe6tsEbD7S8EmxGTJYAKtTVhAW5Q5pge4j1,664.914807939,TOKEN,success
1UeLBDBg6FFQXTh4LfNjKJnuYKG4oMkYXnnfS6yd8j7PGFrmacGYmGq9u5CVTrcD9RTcT5QzULw8xBQXTwJoiN7,2026-02-17T09:40:46.000Z,5Q544fKrFoe6tsEbD7S8EmxGTJYAKtTVhAW5Q5pge4j1,D5YqVMoSxnqeZAKAUUE1Dm3bmjtdxQ5DCF356ozqN9cM,0.344181,TOKEN,success
1UeLBDBg6FFQXTh4LfNjKJnuYKG4oMkYXnnfS6yd8j7PGFrmacGYmGq9u5CVTrcD9RTcT5QzULw8xBQXTwJoiN7,2026-02-17T09:40:46.000Z,D5YqVMoSxnqeZAKAUUE1Dm3bmjtdxQ5DCF356ozqN9cM,AVedewo4W5E5C9vtjFeAe13DGq6L5WNN2Kk3yuWZGNUN,0.859008,TOKEN,success
1UeLBDBg6FFQXTh4LfNjKJnuYKG4oMkYXnnfS6yd8j7PGFrmacGYmGq9u5CVTrcD9RTcT5QzULw8xBQXTwJoiN7,2026-02-17T09:40:46.000Z,AVedewo4W5E5C9vtjFeAe13DGq6L5WNN2Kk3yuWZGNUN,51FQwjrvo8J8zXUaKyAznJ5NYpoiTCuqAqCu3HAMB9NZ,0.859008,TOKEN,success
1UeLBDBg6FFQXTh4LfNjKJnuYKG4oMkYXnnfS6yd8j7PGFrmacGYmGq9u5CVTrcD9RTcT5QzULw8xBQXTwJoiN7,2026-02-17T09:40:46.000Z,51FQwjrvo8J8zXUaKyAznJ5NYpoiTCuqAqCu3HAMB9NZ,AVedewo4W5E5C9vtjFeAe13DGq6L5WNN2Kk3yuWZGNUN,0.010024809,TOKEN,success
1UeLBDBg6FFQXTh4LfNjKJnuYKG4oMkYXnnfS6yd8j7PGFrmacGYmGq9u5CVTrcD9RTcT5QzULw8xBQXTwJoiN7,2026-02-17T09:40:46.000Z,AVedewo4W5E5C9vtjFeAe13DGq6L5WNN2Kk3yuWZGNUN,7bBp5pLeQx5iHEfZCD2zZPMSg1hzV9fprA46cEi6Jp8Z,0.010024809,TOKEN,success
44vREAy9pGRp512YrSR9CKJivnmkEvitVsBQvxuNavhYVAZKXNZTnjWxJ6JEtwomNdKUxEZg1EsZZ4AbH5jDu1TA,2026-02-17T09:33:37.000Z,3nMNd89AxwHUa1AFvQGqohRkxFEQsTsgiEyEyqXFHyyH,7PiEAApjCaYLXYNmKtBU2FEeMRws1ony9QvjwYT1HqE,0.001006,SOL,success
44vREAy9pGRp512YrSR9CKJivnmkEvitVsBQvxuNavhYVAZKXNZTnjWxJ6JEtwomNdKUxEZg1EsZZ4AbH5jDu1TA,2026-02-17T09:33:37.000Z,3nMNd89AxwHUa1AFvQGqohRkxFEQsTsgiEyEyqXFHyyH,2ySwA2Suk8dCRTwdPUC79CBeL7sJRAqFLnVpP9GGGrKN,0.002931673,TOKEN,success
44vREAy9pGRp512YrSR9CKJivnmkEvitVsBQvxuNavhYVAZKXNZTnjWxJ6JEtwomNdKUxEZg1EsZZ4AbH5jDu1TA,2026-02-17T09:33:37.000Z,2ySwA2Suk8dCRTwdPUC79CBeL7sJRAqFLnVpP9GGGrKN,3nMNd89AxwHUa1AFvQGqohRkxFEQsTsgiEyEyqXFHyyH,29473.33636,TOKEN,success
44vREAy9pGRp512YrSR9CKJivnmkEvitVsBQvxuNavhYVAZKXNZTnjWxJ6JEtwomNdKUxEZg1EsZZ4AbH5jDu1TA,2026-02-17T09:33:37.000Z,3nMNd89AxwHUa1AFvQGqohRkxFEQsTsgiEyEyqXFHyyH,F662n6Ac6EPcMzc6Ra5DMhoXo9U3utVX9fNUiGWnBXvA,29473.33636,TOKEN,success
44vREAy9pGRp512YrSR9CKJivnmkEvitVsBQvxuNavhYVAZKXNZTnjWxJ6JEtwomNdKUxEZg1EsZZ4AbH5jDu1TA,2026-02-17T09:33:37.000Z,F662n6Ac6EPcMzc6Ra5DMhoXo9U3utVX9fNUiGWnBXvA,3nMNd89AxwHUa1AFvQGqohRkxFEQsTsgiEyEyqXFHyyH,484.622685112,TOKEN,success
44vREAy9pGRp512YrSR9CKJivnmkEvitVsBQvxuNavhYVAZKXNZTnjWxJ6JEtwomNdKUxEZg1EsZZ4AbH5jDu1TA,2026-02-17T09:33:37.000Z,3nMNd89AxwHUa1AFvQGqohRkxFEQsTsgiEyEyqXFHyyH,2AXXcN6oN9bBT5owwmTH53C7QHUXvhLeu718Kqt8rvY2,0.34841,TOKEN,success
44vREAy9pGRp512YrSR9CKJivnmkEvitVsBQvxuNavhYVAZKXNZTnjWxJ6JEtwomNdKUxEZg1EsZZ4AbH5jDu1TA,2026-02-17T09:33:37.000Z,2AXXcN6oN9bBT5owwmTH53C7QHUXvhLeu718Kqt8rvY2,3nMNd89AxwHUa1AFvQGqohRkxFEQsTsgiEyEyqXFHyyH,0.002945814,TOKEN,success
44vREAy9pGRp512YrSR9CKJivnmkEvitVsBQvxuNavhYVAZKXNZTnjWxJ6JEtwomNdKUxEZg1EsZZ4AbH5jDu1TA,2026-02-17T09:33:37.000Z,3nMNd89AxwHUa1AFvQGqohRkxFEQsTsgiEyEyqXFHyyH,5Q544fKrFoe6tsEbD7S8EmxGTJYAKtTVhAW5Q5pge4j1,484.622685112,TOKEN,success
44vREAy9pGRp512YrSR9CKJivnmkEvitVsBQvxuNavhYVAZKXNZTnjWxJ6JEtwomNdKUxEZg1EsZZ4AbH5jDu1TA,2026-02-17T09:33:37.000Z,5Q544fKrFoe6tsEbD7S8EmxGTJYAKtTVhAW5Q5pge4j1,3nMNd89AxwHUa1AFvQGqohRkxFEQsTsgiEyEyqXFHyyH,0.34841,TOKEN,success
536tnJRPuXam6YRKDn581kjbgftGZrZsx3CiK5ZTaPEVmWvVPsE293M45csrgxL8dDmcFobiNF4ZLNZ6A6xqnXxz,2026-02-17T09:33:36.000Z,3nMNd89AxwHUa1AFvQGqohRkxFEQsTsgiEyEyqXFHyyH,vFa5mUUTheDJYFaDCHkEcLqXnfWaE5PRWuUmtKUin8U,0.00100612,SOL,success
536tnJRPuXam6YRKDn581kjbgftGZrZsx3CiK5ZTaPEVmWvVPsE293M45csrgxL8dDmcFobiNF4ZLNZ6A6xqnXxz,2026-02-17T09:33:36.000Z,3nMNd89AxwHUa1AFvQGqohRkxFEQsTsgiEyEyqXFHyyH,9vqYJjDUFecLL2xPUC4Rc7hyCtZ6iJ4mDiVZX7aFXoAe,1.089022,TOKEN,success
536tnJRPuXam6YRKDn581kjbgftGZrZsx3CiK5ZTaPEVmWvVPsE293M45csrgxL8dDmcFobiNF4ZLNZ6A6xqnXxz,2026-02-17T09:33:36.000Z,9vqYJjDUFecLL2xPUC4Rc7hyCtZ6iJ4mDiVZX7aFXoAe,3nMNd89AxwHUa1AFvQGqohRkxFEQsTsgiEyEyqXFHyyH,2092.231367237,TOKEN,success
536tnJRPuXam6YRKDn581kjbgftGZrZsx3CiK5ZTaPEVmWvVPsE293M45csrgxL8dDmcFobiNF4ZLNZ6A6xqnXxz,2026-02-17T09:33:36.000Z,3nMNd89AxwHUa1AFvQGqohRkxFEQsTsgiEyEyqXFHyyH,2AXXcN6oN9bBT5owwmTH53C7QHUXvhLeu718Kqt8rvY2,1.504249,TOKEN,success
536tnJRPuXam6YRKDn581kjbgftGZrZsx3CiK5ZTaPEVmWvVPsE293M45csrgxL8dDmcFobiNF4ZLNZ6A6xqnXxz,2026-02-17T09:33:36.000Z,2AXXcN6oN9bBT5owwmTH53C7QHUXvhLeu718Kqt8rvY2,3nMNd89AxwHUa1AFvQGqohRkxFEQsTsgiEyEyqXFHyyH,0.012718517,TOKEN,success
536tnJRPuXam6YRKDn581kjbgftGZrZsx3CiK5ZTaPEVmWvVPsE293M45csrgxL8dDmcFobiNF4ZLNZ6A6xqnXxz,2026-02-17T09:33:36.000Z,3nMNd89AxwHUa1AFvQGqohRkxFEQsTsgiEyEyqXFHyyH,3ucNos4NbumPLZNWztqGHNFFgkHeRMBQAVemeeomsUxv,0.012718517,TOKEN,success
536tnJRPuXam6YRKDn581kjbgftGZrZsx3CiK5ZTaPEVmWvVPsE293M45csrgxL8dDmcFobiNF4ZLNZ6A6xqnXxz,2026-02-17T09:33:36.000Z,3ucNos4NbumPLZNWztqGHNFFgkHeRMBQAVemeeomsUxv,3nMNd89AxwHUa1AFvQGqohRkxFEQsTsgiEyEyqXFHyyH,1.090993,TOKEN,success
536tnJRPuXam6YRKDn581kjbgftGZrZsx3CiK5ZTaPEVmWvVPsE293M45csrgxL8dDmcFobiNF4ZLNZ6A6xqnXxz,2026-02-17T09:33:36.000Z,3nMNd89AxwHUa1AFvQGqohRkxFEQsTsgiEyEyqXFHyyH,5Q544fKrFoe6tsEbD7S8EmxGTJYAKtTVhAW5Q5pge4j1,2092.231367237,TOKEN,success
536tnJRPuXam6YRKDn581kjbgftGZrZsx3CiK5ZTaPEVmWvVPsE293M45csrgxL8dDmcFobiNF4ZLNZ6A6xqnXxz,2026-02-17T09:33:36.000Z,5Q544fKrFoe6tsEbD7S8EmxGTJYAKtTVhAW5Q5pge4j1,3nMNd89AxwHUa1AFvQGqohRkxFEQsTsgiEyEyqXFHyyH,1.504249,TOKEN,success
5Xzfrv2Lyzym6s21Gc99cUAFbrjacVwxdNThWuk2YCpAN3391A23R7bTSCxWhb4Y5gbu95tq83VRd6HCxYV6gu3Q,2026-02-17T09:33:00.000Z,LvjCuiYEvNiHiXNAMUPUDbuCrmaMTUyubLypXwn22Fm,BjHqhgCrrCgk4MMvUrPNZTagbMmcXScfqrY7wrthSRTX,0.263563,TOKEN,success
5Xzfrv2Lyzym6s21Gc99cUAFbrjacVwxdNThWuk2YCpAN3391A23R7bTSCxWhb4Y5gbu95tq83VRd6HCxYV6gu3Q,2026-02-17T09:33:00.000Z,BjHqhgCrrCgk4MMvUrPNZTagbMmcXScfqrY7wrthSRTX,LvjCuiYEvNiHiXNAMUPUDbuCrmaMTUyubLypXwn22Fm,3.013339,TOKEN,success
5Xzfrv2Lyzym6s21Gc99cUAFbrjacVwxdNThWuk2YCpAN3391A23R7bTSCxWhb4Y5gbu95tq83VRd6HCxYV6gu3Q,2026-02-17T09:33:00.000Z,LvjCuiYEvNiHiXNAMUPUDbuCrmaMTUyubLypXwn22Fm,6WYNf7bAjPyba2rxUP316VConDNXzAuY4t6e56AFxirA,3.013339,TOKEN,success
5Xzfrv2Lyzym6s21Gc99cUAFbrjacVwxdNThWuk2YCpAN3391A23R7bTSCxWhb4Y5gbu95tq83VRd6HCxYV6gu3Q,2026-02-17T09:33:00.000Z,6WYNf7bAjPyba2rxUP316VConDNXzAuY4t6e56AFxirA,LvjCuiYEvNiHiXNAMUPUDbuCrmaMTUyubLypXwn22Fm,511.054722478,TOKEN,success
5Xzfrv2Lyzym6s21Gc99cUAFbrjacVwxdNThWuk2YCpAN3391A23R7bTSCxWhb4Y5gbu95tq83VRd6HCxYV6gu3Q,2026-02-17T09:33:00.000Z,LvjCuiYEvNiHiXNAMUPUDbuCrmaMTUyubLypXwn22Fm,5Q544fKrFoe6tsEbD7S8EmxGTJYAKtTVhAW5Q5pge4j1,511.054722478,TOKEN,success
5Xzfrv2Lyzym6s21Gc99cUAFbrjacVwxdNThWuk2YCpAN3391A23R7bTSCxWhb4Y5gbu95tq83VRd6HCxYV6gu3Q,2026-02-17T09:33:00.000Z,5Q544fKrFoe6tsEbD7S8EmxGTJYAKtTVhAW5Q5pge4j1,LvjCuiYEvNiHiXNAMUPUDbuCrmaMTUyubLypXwn22Fm,0.264714,TOKEN,success
33G6c2f9oqKvXpWcYnXBrezp7yzDEenQKqpZtieALePY7CsvcvdYvB75zxtNtwibjGLChgJjuJFQPsz1FU2a4J8e,2026-02-17T09:32:57.000Z,UUAhspPgUdGuXUnokmxERH1VvNGNh1ouN3mfcbfV8yd,2AXXcN6oN9bBT5owwmTH53C7QHUXvhLeu718Kqt8rvY2,8.955958,TOKEN,success
33G6c2f9oqKvXpWcYnXBrezp7yzDEenQKqpZtieALePY7CsvcvdYvB75zxtNtwibjGLChgJjuJFQPsz1FU2a4J8e,2026-02-17T09:32:57.000Z,2AXXcN6oN9bBT5owwmTH53C7QHUXvhLeu718Kqt8rvY2,UUAhspPgUdGuXUnokmxERH1VvNGNh1ouN3mfcbfV8yd,0.075616048,TOKEN,success
33G6c2f9oqKvXpWcYnXBrezp7yzDEenQKqpZtieALePY7CsvcvdYvB75zxtNtwibjGLChgJjuJFQPsz1FU2a4J8e,2026-02-17T09:32:57.000Z,UUAhspPgUdGuXUnokmxERH1VvNGNh1ouN3mfcbfV8yd,3uZcofBKVBYFrQ7jVjTFLEMWAQiZcih4AES5tKBqdo7m,0.075506882,TOKEN,success
33G6c2f9oqKvXpWcYnXBrezp7yzDEenQKqpZtieALePY7CsvcvdYvB75zxtNtwibjGLChgJjuJFQPsz1FU2a4J8e,2026-02-17T09:32:57.000Z,3uZcofBKVBYFrQ7jVjTFLEMWAQiZcih4AES5tKBqdo7m,UUAhspPgUdGuXUnokmxERH1VvNGNh1ouN3mfcbfV8yd,12439.568067842,TOKEN,success
33G6c2f9oqKvXpWcYnXBrezp7yzDEenQKqpZtieALePY7CsvcvdYvB75zxtNtwibjGLChgJjuJFQPsz1FU2a4J8e,2026-02-17T09:32:57.000Z,UUAhspPgUdGuXUnokmxERH1VvNGNh1ouN3mfcbfV8yd,5Q544fKrFoe6tsEbD7S8EmxGTJYAKtTVhAW5Q5pge4j1,12439.568067842,TOKEN,success
33G6c2f9oqKvXpWcYnXBrezp7yzDEenQKqpZtieALePY7CsvcvdYvB75zxtNtwibjGLChgJjuJFQPsz1FU2a4J8e,2026-02-17T09:32:57.000Z,5Q544fKrFoe6tsEbD7S8EmxGTJYAKtTVhAW5Q5pge4j1,UUAhspPgUdGuXUnokmxERH1VvNGNh1ouN3mfcbfV8yd,8.955958,TOKEN,success
33G6c2f9oqKvXpWcYnXBrezp7yzDEenQKqpZtieALePY7CsvcvdYvB75zxtNtwibjGLChgJjuJFQPsz1FU2a4J8e,2026-02-17T09:32:57.000Z,,2YM8LrJGRtsDcWeqsjX2EQwJfhArxyDdtDzgt7vrwwbV,0.002489,TOKEN,success
5NmufMjtVCrnW4EozsXCBHrgiENHQvV9B5E1zpdZJT4vPbnKHcoocpZvAoQwuCZ9DKnNHTaASH3am7RJ2iMFPEMZ,2026-02-17T09:32:30.000Z,LvjCuiYEvNiHiXNAMUPUDbuCrmaMTUyubLypXwn22Fm,3UHti3HvALJTEyLxBtLYDnQEVuey3QHaZDPssMvRtPjS,0.162559,TOKEN,success
5NmufMjtVCrnW4EozsXCBHrgiENHQvV9B5E1zpdZJT4vPbnKHcoocpZvAoQwuCZ9DKnNHTaASH3am7RJ2iMFPEMZ,2026-02-17T09:32:30.000Z,3UHti3HvALJTEyLxBtLYDnQEVuey3QHaZDPssMvRtPjS,LvjCuiYEvNiHiXNAMUPUDbuCrmaMTUyubLypXwn22Fm,4427.24841118,TOKEN,success
5NmufMjtVCrnW4EozsXCBHrgiENHQvV9B5E1zpdZJT4vPbnKHcoocpZvAoQwuCZ9DKnNHTaASH3am7RJ2iMFPEMZ,2026-02-17T09:32:30.000Z,LvjCuiYEvNiHiXNAMUPUDbuCrmaMTUyubLypXwn22Fm,91gnVJ3vhwtgBVgJi1ZjkyddKoSu342t2dehdVPSU1ho,4427.24841118,TOKEN,success
5NmufMjtVCrnW4EozsXCBHrgiENHQvV9B5E1zpdZJT4vPbnKHcoocpZvAoQwuCZ9DKnNHTaASH3am7RJ2iMFPEMZ,2026-02-17T09:32:30.000Z,91gnVJ3vhwtgBVgJi1ZjkyddKoSu342t2dehdVPSU1ho,LvjCuiYEvNiHiXNAMUPUDbuCrmaMTUyubLypXwn22Fm,316.635267396,TOKEN,success
5NmufMjtVCrnW4EozsXCBHrgiENHQvV9B5E1zpdZJT4vPbnKHcoocpZvAoQwuCZ9DKnNHTaASH3am7RJ2iMFPEMZ,2026-02-17T09:32:30.000Z,LvjCuiYEvNiHiXNAMUPUDbuCrmaMTUyubLypXwn22Fm,5Q544fKrFoe6tsEbD7S8EmxGTJYAKtTVhAW5Q5pge4j1,316.635267396,TOKEN,success
5NmufMjtVCrnW4EozsXCBHrgiENHQvV9B5E1zpdZJT4vPbnKHcoocpZvAoQwuCZ9DKnNHTaASH3am7RJ2iMFPEMZ,2026-02-17T09:32:30.000Z,5Q544fKrFoe6tsEbD7S8EmxGTJYAKtTVhAW5Q5pge4j1,LvjCuiYEvNiHiXNAMUPUDbuCrmaMTUyubLypXwn22Fm,0.163682,TOKEN,success
rss7ob2jW8A5wHxSBfXLYgaH4ULM1uciUmts2CyqKfEJgw5GKcsQohphAVqgGJm14tQmYuuGvj6ZPeXQLcS2zKV,2026-02-17T09:32:21.000Z,3nMNd89AxwHUa1AFvQGqohRkxFEQsTsgiEyEyqXFHyyH,7FZdNk7QPeqDvZmkrVnUifTgdLWcvzt4TmfAfnSLTho3,0.001008389,SOL,success
rss7ob2jW8A5wHxSBfXLYgaH4ULM1uciUmts2CyqKfEJgw5GKcsQohphAVqgGJm14tQmYuuGvj6ZPeXQLcS2zKV,2026-02-17T09:32:21.000Z,3nMNd89AxwHUa1AFvQGqohRkxFEQsTsgiEyEyqXFHyyH,5zpyutJu9ee6jFymDGoK7F6S5Kczqtc9FomP3ueKuyA9,0.00456064,TOKEN,success
rss7ob2jW8A5wHxSBfXLYgaH4ULM1uciUmts2CyqKfEJgw5GKcsQohphAVqgGJm14tQmYuuGvj6ZPeXQLcS2zKV,2026-02-17T09:32:21.000Z,5zpyutJu9ee6jFymDGoK7F6S5Kczqtc9FomP3ueKuyA9,3nMNd89AxwHUa1AFvQGqohRkxFEQsTsgiEyEyqXFHyyH,60371.01875,TOKEN,success
rss7ob2jW8A5wHxSBfXLYgaH4ULM1uciUmts2CyqKfEJgw5GKcsQohphAVqgGJm14tQmYuuGvj6ZPeXQLcS2zKV,2026-02-17T09:32:21.000Z,3nMNd89AxwHUa1AFvQGqohRkxFEQsTsgiEyEyqXFHyyH,B8YSQYWmHR8CpQzY8KUW1qrgUwgAU7zGRA8uSptwZcvw,60371.01875,TOKEN,success
rss7ob2jW8A5wHxSBfXLYgaH4ULM1uciUmts2CyqKfEJgw5GKcsQohphAVqgGJm14tQmYuuGvj6ZPeXQLcS2zKV,2026-02-17T09:32:21.000Z,B8YSQYWmHR8CpQzY8KUW1qrgUwgAU7zGRA8uSptwZcvw,3nMNd89AxwHUa1AFvQGqohRkxFEQsTsgiEyEyqXFHyyH,754.732801368,TOKEN,success
rss7ob2jW8A5wHxSBfXLYgaH4ULM1uciUmts2CyqKfEJgw5GKcsQohphAVqgGJm14tQmYuuGvj6ZPeXQLcS2zKV,2026-02-17T09:32:21.000Z,3nMNd89AxwHUa1AFvQGqohRkxFEQsTsgiEyEyqXFHyyH,5Ee2GgnugokxZ2GvicTSVTyUimichw36UPoP3vdKAY4f,22.22215686,TOKEN,success
rss7ob2jW8A5wHxSBfXLYgaH4ULM1uciUmts2CyqKfEJgw5GKcsQohphAVqgGJm14tQmYuuGvj6ZPeXQLcS2zKV,2026-02-17T09:32:21.000Z,5Ee2GgnugokxZ2GvicTSVTyUimichw36UPoP3vdKAY4f,3nMNd89AxwHUa1AFvQGqohRkxFEQsTsgiEyEyqXFHyyH,1915.96589326,TOKEN,success
rss7ob2jW8A5wHxSBfXLYgaH4ULM1uciUmts2CyqKfEJgw5GKcsQohphAVqgGJm14tQmYuuGvj6ZPeXQLcS2zKV,2026-02-17T09:32:21.000Z,3nMNd89AxwHUa1AFvQGqohRkxFEQsTsgiEyEyqXFHyyH,5Q544fKrFoe6tsEbD7S8EmxGTJYAKtTVhAW5Q5pge4j1,754.732801368,TOKEN,success
rss7ob2jW8A5wHxSBfXLYgaH4ULM1uciUmts2CyqKfEJgw5GKcsQohphAVqgGJm14tQmYuuGvj6ZPeXQLcS2zKV,2026-02-17T09:32:21.000Z,5Q544fKrFoe6tsEbD7S8EmxGTJYAKtTVhAW5Q5pge4j1,3nMNd89AxwHUa1AFvQGqohRkxFEQsTsgiEyEyqXFHyyH,0.543558,TOKEN,success
rss7ob2jW8A5wHxSBfXLYgaH4ULM1uciUmts2CyqKfEJgw5GKcsQohphAVqgGJm14tQmYuuGvj6ZPeXQLcS2zKV,2026-02-17T09:32:21.000Z,3nMNd89AxwHUa1AFvQGqohRkxFEQsTsgiEyEyqXFHyyH,5Q544fKrFoe6tsEbD7S8EmxGTJYAKtTVhAW5Q5pge4j1,0.543558,TOKEN,success
rss7ob2jW8A5wHxSBfXLYgaH4ULM1uciUmts2CyqKfEJgw5GKcsQohphAVqgGJm14tQmYuuGvj6ZPeXQLcS2zKV,2026-02-17T09:32:21.000Z,5Q544fKrFoe6tsEbD7S8EmxGTJYAKtTVhAW5Q5pge4j1,3nMNd89AxwHUa1AFvQGqohRkxFEQsTsgiEyEyqXFHyyH,22.22215686,TOKEN,success
rss7ob2jW8A5wHxSBfXLYgaH4ULM1uciUmts2CyqKfEJgw5GKcsQohphAVqgGJm14tQmYuuGvj6ZPeXQLcS2zKV,2026-02-17T09:32:21.000Z,3nMNd89AxwHUa1AFvQGqohRkxFEQsTsgiEyEyqXFHyyH,5Q544fKrFoe6tsEbD7S8EmxGTJYAKtTVhAW5Q5pge4j1,1915.96589326,TOKEN,success
rss7ob2jW8A5wHxSBfXLYgaH4ULM1uciUmts2CyqKfEJgw5GKcsQohphAVqgGJm14tQmYuuGvj6ZPeXQLcS2zKV,2026-02-17T09:32:21.000Z,5Q544fKrFoe6tsEbD7S8EmxGTJYAKtTVhAW5Q5pge4j1,3nMNd89AxwHUa1AFvQGqohRkxFEQsTsgiEyEyqXFHyyH,0.004584301,TOKEN,success
2XmXrsLq9tghKTvyBRY21jhFgRVN6AR4BJ3XJFRB8cFJz6KXRs8GL25pFhvEstP3jdbmzYq57uyShEtKuLzNB33C,2026-02-17T09:32:21.000Z,3nMNd89AxwHUa1AFvQGqohRkxFEQsTsgiEyEyqXFHyyH,8TQQxWQkJ8WYEYzWM23rVHPp2KrDJmNPi8prn64hh2G4,0.001008684,SOL,success
2XmXrsLq9tghKTvyBRY21jhFgRVN6AR4BJ3XJFRB8cFJz6KXRs8GL25pFhvEstP3jdbmzYq57uyShEtKuLzNB33C,2026-02-17T09:32:21.000Z,3nMNd89AxwHUa1AFvQGqohRkxFEQsTsgiEyEyqXFHyyH,5zpyutJu9ee6jFymDGoK7F6S5Kczqtc9FomP3ueKuyA9,0.00456064,TOKEN,success
2XmXrsLq9tghKTvyBRY21jhFgRVN6AR4BJ3XJFRB8cFJz6KXRs8GL25pFhvEstP3jdbmzYq57uyShEtKuLzNB33C,2026-02-17T09:32:21.000Z,5zpyutJu9ee6jFymDGoK7F6S5Kczqtc9FomP3ueKuyA9,3nMNd89AxwHUa1AFvQGqohRkxFEQsTsgiEyEyqXFHyyH,60370.8668,TOKEN,success
2XmXrsLq9tghKTvyBRY21jhFgRVN6AR4BJ3XJFRB8cFJz6KXRs8GL25pFhvEstP3jdbmzYq57uyShEtKuLzNB33C,2026-02-17T09:32:21.000Z,3nMNd89AxwHUa1AFvQGqohRkxFEQsTsgiEyEyqXFHyyH,B8YSQYWmHR8CpQzY8KUW1qrgUwgAU7zGRA8uSptwZcvw,60370.8668,TOKEN,success
2XmXrsLq9tghKTvyBRY21jhFgRVN6AR4BJ3XJFRB8cFJz6KXRs8GL25pFhvEstP3jdbmzYq57uyShEtKuLzNB33C,2026-02-17T09:32:21.000Z,B8YSQYWmHR8CpQzY8KUW1qrgUwgAU7zGRA8uSptwZcvw,3nMNd89AxwHUa1AFvQGqohRkxFEQsTsgiEyEyqXFHyyH,748.0223198,TOKEN,success
2XmXrsLq9tghKTvyBRY21jhFgRVN6AR4BJ3XJFRB8cFJz6KXRs8GL25pFhvEstP3jdbmzYq57uyShEtKuLzNB33C,2026-02-17T09:32:21.000Z,3nMNd89AxwHUa1AFvQGqohRkxFEQsTsgiEyEyqXFHyyH,AQmeF2f24enPDpJpcbLso4hcj1XxThnNbFdDw369jZSK,22.02340943,TOKEN,success
2XmXrsLq9tghKTvyBRY21jhFgRVN6AR4BJ3XJFRB8cFJz6KXRs8GL25pFhvEstP3jdbmzYq57uyShEtKuLzNB33C,2026-02-17T09:32:21.000Z,AQmeF2f24enPDpJpcbLso4hcj1XxThnNbFdDw369jZSK,3nMNd89AxwHUa1AFvQGqohRkxFEQsTsgiEyEyqXFHyyH,0.332494,TOKEN,success
2XmXrsLq9tghKTvyBRY21jhFgRVN6AR4BJ3XJFRB8cFJz6KXRs8GL25pFhvEstP3jdbmzYq57uyShEtKuLzNB33C,2026-02-17T09:32:21.000Z,3nMNd89AxwHUa1AFvQGqohRkxFEQsTsgiEyEyqXFHyyH,2kp2mWzwnBNC5pKHVdc9HXh1MgPPBkRxGcaNqrGBdr7Q,0.332494,TOKEN,success
2XmXrsLq9tghKTvyBRY21jhFgRVN6AR4BJ3XJFRB8cFJz6KXRs8GL25pFhvEstP3jdbmzYq57uyShEtKuLzNB33C,2026-02-17T09:32:21.000Z,2kp2mWzwnBNC5pKHVdc9HXh1MgPPBkRxGcaNqrGBdr7Q,3nMNd89AxwHUa1AFvQGqohRkxFEQsTsgiEyEyqXFHyyH,0.004579068,TOKEN,success
2XmXrsLq9tghKTvyBRY21jhFgRVN6AR4BJ3XJFRB8cFJz6KXRs8GL25pFhvEstP3jdbmzYq57uyShEtKuLzNB33C,2026-02-17T09:32:21.000Z,3nMNd89AxwHUa1AFvQGqohRkxFEQsTsgiEyEyqXFHyyH,5Q544fKrFoe6tsEbD7S8EmxGTJYAKtTVhAW5Q5pge4j1,748.0223198,TOKEN,success
2XmXrsLq9tghKTvyBRY21jhFgRVN6AR4BJ3XJFRB8cFJz6KXRs8GL25pFhvEstP3jdbmzYq57uyShEtKuLzNB33C,2026-02-17T09:32:21.000Z,5Q544fKrFoe6tsEbD7S8EmxGTJYAKtTVhAW5Q5pge4j1,3nMNd89AxwHUa1AFvQGqohRkxFEQsTsgiEyEyqXFHyyH,0.538709,TOKEN,success
2XmXrsLq9tghKTvyBRY21jhFgRVN6AR4BJ3XJFRB8cFJz6KXRs8GL25pFhvEstP3jdbmzYq57uyShEtKuLzNB33C,2026-02-17T09:32:21.000Z,3nMNd89AxwHUa1AFvQGqohRkxFEQsTsgiEyEyqXFHyyH,5Q544fKrFoe6tsEbD7S8EmxGTJYAKtTVhAW5Q5pge4j1,0.538709,TOKEN,success
2XmXrsLq9tghKTvyBRY21jhFgRVN6AR4BJ3XJFRB8cFJz6KXRs8GL25pFhvEstP3jdbmzYq57uyShEtKuLzNB33C,2026-02-17T09:32:21.000Z,5Q544fKrFoe6tsEbD7S8EmxGTJYAKtTVhAW5Q5pge4j1,3nMNd89AxwHUa1AFvQGqohRkxFEQsTsgiEyEyqXFHyyH,22.02340943,TOKEN,success
5LA57Fw4CiioTyKd3eH6rqADUeqGLwUQUHNh8CR5RT9WMnVzKkBVkrX61Va4DiouSycrmF3xUVBDnAFGTzC4m52D,2026-02-17T09:31:21.000Z,3nMNd89AxwHUa1AFvQGqohRkxFEQsTsgiEyEyqXFHyyH,9YXirwhJV7GtUu75WrTfmJ8NKt4Hy2LX8LknAKHVeaQb,0.001006,SOL,success
5LA57Fw4CiioTyKd3eH6rqADUeqGLwUQUHNh8CR5RT9WMnVzKkBVkrX61Va4DiouSycrmF3xUVBDnAFGTzC4m52D,2026-02-17T09:31:21.000Z,3nMNd89AxwHUa1AFvQGqohRkxFEQsTsgiEyEyqXFHyyH,Czfq3xZZDmsdGdUyrNLtRhGc47cXcZtLG4crryfu44zE,0.011849747,TOKEN,success
5LA57Fw4CiioTyKd3eH6rqADUeqGLwUQUHNh8CR5RT9WMnVzKkBVkrX61Va4DiouSycrmF3xUVBDnAFGTzC4m52D,2026-02-17T09:31:21.000Z,Czfq3xZZDmsdGdUyrNLtRhGc47cXcZtLG4crryfu44zE,3nMNd89AxwHUa1AFvQGqohRkxFEQsTsgiEyEyqXFHyyH,1.016695,TOKEN,success
5LA57Fw4CiioTyKd3eH6rqADUeqGLwUQUHNh8CR5RT9WMnVzKkBVkrX61Va4DiouSycrmF3xUVBDnAFGTzC4m52D,2026-02-17T09:31:21.000Z,3nMNd89AxwHUa1AFvQGqohRkxFEQsTsgiEyEyqXFHyyH,9vqYJjDUFecLL2xPUC4Rc7hyCtZ6iJ4mDiVZX7aFXoAe,1.016695,TOKEN,success
5LA57Fw4CiioTyKd3eH6rqADUeqGLwUQUHNh8CR5RT9WMnVzKkBVkrX61Va4DiouSycrmF3xUVBDnAFGTzC4m52D,2026-02-17T09:31:21.000Z,9vqYJjDUFecLL2xPUC4Rc7hyCtZ6iJ4mDiVZX7aFXoAe,3nMNd89AxwHUa1AFvQGqohRkxFEQsTsgiEyEyqXFHyyH,1957.72454097,TOKEN,success
5LA57Fw4CiioTyKd3eH6rqADUeqGLwUQUHNh8CR5RT9WMnVzKkBVkrX61Va4DiouSycrmF3xUVBDnAFGTzC4m52D,2026-02-17T09:31:21.000Z,3nMNd89AxwHUa1AFvQGqohRkxFEQsTsgiEyEyqXFHyyH,2AXXcN6oN9bBT5owwmTH53C7QHUXvhLeu718Kqt8rvY2,1.410594,TOKEN,success
5LA57Fw4CiioTyKd3eH6rqADUeqGLwUQUHNh8CR5RT9WMnVzKkBVkrX61Va4DiouSycrmF3xUVBDnAFGTzC4m52D,2026-02-17T09:31:21.000Z,2AXXcN6oN9bBT5owwmTH53C7QHUXvhLeu718Kqt8rvY2,3nMNd89AxwHUa1AFvQGqohRkxFEQsTsgiEyEyqXFHyyH,0.011863293,TOKEN,success
5LA57Fw4CiioTyKd3eH6rqADUeqGLwUQUHNh8CR5RT9WMnVzKkBVkrX61Va4DiouSycrmF3xUVBDnAFGTzC4m52D,2026-02-17T09:31:21.000Z,3nMNd89AxwHUa1AFvQGqohRkxFEQsTsgiEyEyqXFHyyH,5Q544fKrFoe6tsEbD7S8EmxGTJYAKtTVhAW5Q5pge4j1,1957.72454097,TOKEN,success
5LA57Fw4CiioTyKd3eH6rqADUeqGLwUQUHNh8CR5RT9WMnVzKkBVkrX61Va4DiouSycrmF3xUVBDnAFGTzC4m52D,2026-02-17T09:31:21.000Z,5Q544fKrFoe6tsEbD7S8EmxGTJYAKtTVhAW5Q5pge4j1,3nMNd89AxwHUa1AFvQGqohRkxFEQsTsgiEyEyqXFHyyH,1.410594,TOKEN,success
3vQn9zGsr7Ws5c3op5KcNXU6H4DrU4iv39cmMcHbGFQPwhAvXLKxdjs5kE3ebr6a213YCjkAZ11g8VKv24G6WYn2,2026-02-17T09:31:09.000Z,3nMNd89AxwHUa1AFvQGqohRkxFEQsTsgiEyEyqXFHyyH,9c3GetDQ8ugW63Mx2HYbuf3eQkoQdZZs55RiACPKHnpm,0.001007275,SOL,success
3vQn9zGsr7Ws5c3op5KcNXU6H4DrU4iv39cmMcHbGFQPwhAvXLKxdjs5kE3ebr6a213YCjkAZ11g8VKv24G6WYn2,2026-02-17T09:31:09.000Z,3nMNd89AxwHUa1AFvQGqohRkxFEQsTsgiEyEyqXFHyyH,9vqYJjDUFecLL2xPUC4Rc7hyCtZ6iJ4mDiVZX7aFXoAe,1.100324,TOKEN,success
3vQn9zGsr7Ws5c3op5KcNXU6H4DrU4iv39cmMcHbGFQPwhAvXLKxdjs5kE3ebr6a213YCjkAZ11g8VKv24G6WYn2,2026-02-17T09:31:09.000Z,9vqYJjDUFecLL2xPUC4Rc7hyCtZ6iJ4mDiVZX7aFXoAe,3nMNd89AxwHUa1AFvQGqohRkxFEQsTsgiEyEyqXFHyyH,2123.617044243,TOKEN,success
3vQn9zGsr7Ws5c3op5KcNXU6H4DrU4iv39cmMcHbGFQPwhAvXLKxdjs5kE3ebr6a213YCjkAZ11g8VKv24G6WYn2,2026-02-17T09:31:09.000Z,3nMNd89AxwHUa1AFvQGqohRkxFEQsTsgiEyEyqXFHyyH,2AXXcN6oN9bBT5owwmTH53C7QHUXvhLeu718Kqt8rvY2,1.531294,TOKEN,success
3vQn9zGsr7Ws5c3op5KcNXU6H4DrU4iv39cmMcHbGFQPwhAvXLKxdjs5kE3ebr6a213YCjkAZ11g8VKv24G6WYn2,2026-02-17T09:31:09.000Z,2AXXcN6oN9bBT5owwmTH53C7QHUXvhLeu718Kqt8rvY2,3nMNd89AxwHUa1AFvQGqohRkxFEQsTsgiEyEyqXFHyyH,0.012842347,TOKEN,success
3vQn9zGsr7Ws5c3op5KcNXU6H4DrU4iv39cmMcHbGFQPwhAvXLKxdjs5kE3ebr6a213YCjkAZ11g8VKv24G6WYn2,2026-02-17T09:31:09.000Z,3nMNd89AxwHUa1AFvQGqohRkxFEQsTsgiEyEyqXFHyyH,Czfq3xZZDmsdGdUyrNLtRhGc47cXcZtLG4crryfu44zE,0.012842347,TOKEN,success
3vQn9zGsr7Ws5c3op5KcNXU6H4DrU4iv39cmMcHbGFQPwhAvXLKxdjs5kE3ebr6a213YCjkAZ11g8VKv24G6WYn2,2026-02-17T09:31:09.000Z,Czfq3xZZDmsdGdUyrNLtRhGc47cXcZtLG4crryfu44zE,3nMNd89AxwHUa1AFvQGqohRkxFEQsTsgiEyEyqXFHyyH,1.101861,TOKEN,success
3vQn9zGsr7Ws5c3op5KcNXU6H4DrU4iv39cmMcHbGFQPwhAvXLKxdjs5kE3ebr6a213YCjkAZ11g8VKv24G6WYn2,2026-02-17T09:31:09.000Z,3nMNd89AxwHUa1AFvQGqohRkxFEQsTsgiEyEyqXFHyyH,5Q544fKrFoe6tsEbD7S8EmxGTJYAKtTVhAW5Q5pge4j1,2123.617044243,TOKEN,success
3vQn9zGsr7Ws5c3op5KcNXU6H4DrU4iv39cmMcHbGFQPwhAvXLKxdjs5kE3ebr6a213YCjkAZ11g8VKv24G6WYn2,2026-02-17T09:31:09.000Z,5Q544fKrFoe6tsEbD7S8EmxGTJYAKtTVhAW5Q5pge4j1,3nMNd89AxwHUa1AFvQGqohRkxFEQsTsgiEyEyqXFHyyH,1.531294,TOKEN,success
2hd6JfnyRtk8DDWf57qgYsYRqs9aPgyaQVefPqvK1PLSQMQhkWfj6P4at4RuoXau7kwYmFdnUa17A18X6nr82e4o,2026-02-17T09:31:08.000Z,7bBp5pLeQx5iHEfZCD2zZPMSg1hzV9fprA46cEi6Jp8Z,AVedewo4W5E5C9vtjFeAe13DGq6L5WNN2Kk3yuWZGNUN,0.5,TOKEN,success
2hd6JfnyRtk8DDWf57qgYsYRqs9aPgyaQVefPqvK1PLSQMQhkWfj6P4at4RuoXau7kwYmFdnUa17A18X6nr82e4o,2026-02-17T09:31:08.000Z,D5YqVMoSxnqeZAKAUUE1Dm3bmjtdxQ5DCF356ozqN9cM,9vqYJjDUFecLL2xPUC4Rc7hyCtZ6iJ4mDiVZX7aFXoAe,0.5,TOKEN,success
2hd6JfnyRtk8DDWf57qgYsYRqs9aPgyaQVefPqvK1PLSQMQhkWfj6P4at4RuoXau7kwYmFdnUa17A18X6nr82e4o,2026-02-17T09:31:08.000Z,9vqYJjDUFecLL2xPUC4Rc7hyCtZ6iJ4mDiVZX7aFXoAe,D5YqVMoSxnqeZAKAUUE1Dm3bmjtdxQ5DCF356ozqN9cM,966.66924628,TOKEN,success
2hd6JfnyRtk8DDWf57qgYsYRqs9aPgyaQVefPqvK1PLSQMQhkWfj6P4at4RuoXau7kwYmFdnUa17A18X6nr82e4o,2026-02-17T09:31:08.000Z,D5YqVMoSxnqeZAKAUUE1Dm3bmjtdxQ5DCF356ozqN9cM,2AXXcN6oN9bBT5owwmTH53C7QHUXvhLeu718Kqt8rvY2,0.697179,TOKEN,success
2hd6JfnyRtk8DDWf57qgYsYRqs9aPgyaQVefPqvK1PLSQMQhkWfj6P4at4RuoXau7kwYmFdnUa17A18X6nr82e4o,2026-02-17T09:31:08.000Z,2AXXcN6oN9bBT5owwmTH53C7QHUXvhLeu718Kqt8rvY2,D5YqVMoSxnqeZAKAUUE1Dm3bmjtdxQ5DCF356ozqN9cM,0.005846966,TOKEN,success
2hd6JfnyRtk8DDWf57qgYsYRqs9aPgyaQVefPqvK1PLSQMQhkWfj6P4at4RuoXau7kwYmFdnUa17A18X6nr82e4o,2026-02-17T09:31:08.000Z,AVedewo4W5E5C9vtjFeAe13DGq6L5WNN2Kk3yuWZGNUN,D5YqVMoSxnqeZAKAUUE1Dm3bmjtdxQ5DCF356ozqN9cM,0.5,TOKEN,success
2hd6JfnyRtk8DDWf57qgYsYRqs9aPgyaQVefPqvK1PLSQMQhkWfj6P4at4RuoXau7kwYmFdnUa17A18X6nr82e4o,2026-02-17T09:31:08.000Z,D5YqVMoSxnqeZAKAUUE1Dm3bmjtdxQ5DCF356ozqN9cM,5Q544fKrFoe6tsEbD7S8EmxGTJYAKtTVhAW5Q5pge4j1,966.66924628,TOKEN,success
2hd6JfnyRtk8DDWf57qgYsYRqs9aPgyaQVefPqvK1PLSQMQhkWfj6P4at4RuoXau7kwYmFdnUa17A18X6nr82e4o,2026-02-17T09:31:08.000Z,5Q544fKrFoe6tsEbD7S8EmxGTJYAKtTVhAW5Q5pge4j1,D5YqVMoSxnqeZAKAUUE1Dm3bmjtdxQ5DCF356ozqN9cM,0.697179,TOKEN,success
2hd6JfnyRtk8DDWf57qgYsYRqs9aPgyaQVefPqvK1PLSQMQhkWfj6P4at4RuoXau7kwYmFdnUa17A18X6nr82e4o,2026-02-17T09:31:08.000Z,D5YqVMoSxnqeZAKAUUE1Dm3bmjtdxQ5DCF356ozqN9cM,AVedewo4W5E5C9vtjFeAe13DGq6L5WNN2Kk3yuWZGNUN,0.005846966,TOKEN,success
2hd6JfnyRtk8DDWf57qgYsYRqs9aPgyaQVefPqvK1PLSQMQhkWfj6P4at4RuoXau7kwYmFdnUa17A18X6nr82e4o,2026-02-17T09:31:08.000Z,AVedewo4W5E5C9vtjFeAe13DGq6L5WNN2Kk3yuWZGNUN,Enc6rB84ZwGxZU8aqAF41dRJxg3yesiJgD7uJFVhMraM,0.005846966,TOKEN,success
2hd6JfnyRtk8DDWf57qgYsYRqs9aPgyaQVefPqvK1PLSQMQhkWfj6P4at4RuoXau7kwYmFdnUa17A18X6nr82e4o,2026-02-17T09:31:08.000Z,Enc6rB84ZwGxZU8aqAF41dRJxg3yesiJgD7uJFVhMraM,ATowQwFzdJBJ9VFSfoNKmuB8GiSeo8foM5vRriwmKmFB,5.8e-8,TOKEN,success
2hd6JfnyRtk8DDWf57qgYsYRqs9aPgyaQVefPqvK1PLSQMQhkWfj6P4at4RuoXau7kwYmFdnUa17A18X6nr82e4o,2026-02-17T09:31:08.000Z,Enc6rB84ZwGxZU8aqAF41dRJxg3yesiJgD7uJFVhMraM,45ruCyfdRkWpRNGEqWzjCiXRHkZs8WXCLQ67Pnpye7Hp,5.8e-8,TOKEN,success
2hd6JfnyRtk8DDWf57qgYsYRqs9aPgyaQVefPqvK1PLSQMQhkWfj6P4at4RuoXau7kwYmFdnUa17A18X6nr82e4o,2026-02-17T09:31:08.000Z,Enc6rB84ZwGxZU8aqAF41dRJxg3yesiJgD7uJFVhMraM,AVedewo4W5E5C9vtjFeAe13DGq6L5WNN2Kk3yuWZGNUN,0.501917,TOKEN,success
2hd6JfnyRtk8DDWf57qgYsYRqs9aPgyaQVefPqvK1PLSQMQhkWfj6P4at4RuoXau7kwYmFdnUa17A18X6nr82e4o,2026-02-17T09:31:08.000Z,AVedewo4W5E5C9vtjFeAe13DGq6L5WNN2Kk3yuWZGNUN,7bBp5pLeQx5iHEfZCD2zZPMSg1hzV9fprA46cEi6Jp8Z,0.501917,TOKEN,success
vaXvMkPsYMUdpaVz4fo5Yg1h2LdnkxzxkZYmMdXFaDVjsaqmcJjhuZmw7NFzkx92Qnk9KL8hPceHVEj6a9YEiGk,2026-02-17T09:31:08.000Z,UUAhspPgUdGuXUnokmxERH1VvNGNh1ouN3mfcbfV8yd,2AXXcN6oN9bBT5owwmTH53C7QHUXvhLeu718Kqt8rvY2,7.917959,TOKEN,success
vaXvMkPsYMUdpaVz4fo5Yg1h2LdnkxzxkZYmMdXFaDVjsaqmcJjhuZmw7NFzkx92Qnk9KL8hPceHVEj6a9YEiGk,2026-02-17T09:31:08.000Z,2AXXcN6oN9bBT5owwmTH53C7QHUXvhLeu718Kqt8rvY2,UUAhspPgUdGuXUnokmxERH1VvNGNh1ouN3mfcbfV8yd,0.066459448,TOKEN,success
vaXvMkPsYMUdpaVz4fo5Yg1h2LdnkxzxkZYmMdXFaDVjsaqmcJjhuZmw7NFzkx92Qnk9KL8hPceHVEj6a9YEiGk,2026-02-17T09:31:08.000Z,UUAhspPgUdGuXUnokmxERH1VvNGNh1ouN3mfcbfV8yd,3uZcofBKVBYFrQ7jVjTFLEMWAQiZcih4AES5tKBqdo7m,0.066375451,TOKEN,success
vaXvMkPsYMUdpaVz4fo5Yg1h2LdnkxzxkZYmMdXFaDVjsaqmcJjhuZmw7NFzkx92Qnk9KL8hPceHVEj6a9YEiGk,2026-02-17T09:31:08.000Z,3uZcofBKVBYFrQ7jVjTFLEMWAQiZcih4AES5tKBqdo7m,UUAhspPgUdGuXUnokmxERH1VvNGNh1ouN3mfcbfV8yd,10975.930948531,TOKEN,success
vaXvMkPsYMUdpaVz4fo5Yg1h2LdnkxzxkZYmMdXFaDVjsaqmcJjhuZmw7NFzkx92Qnk9KL8hPceHVEj6a9YEiGk,2026-02-17T09:31:08.000Z,UUAhspPgUdGuXUnokmxERH1VvNGNh1ouN3mfcbfV8yd,5Q544fKrFoe6tsEbD7S8EmxGTJYAKtTVhAW5Q5pge4j1,10975.930948531,TOKEN,success
vaXvMkPsYMUdpaVz4fo5Yg1h2LdnkxzxkZYmMdXFaDVjsaqmcJjhuZmw7NFzkx92Qnk9KL8hPceHVEj6a9YEiGk,2026-02-17T09:31:08.000Z,5Q544fKrFoe6tsEbD7S8EmxGTJYAKtTVhAW5Q5pge4j1,UUAhspPgUdGuXUnokmxERH1VvNGNh1ouN3mfcbfV8yd,7.917959,TOKEN,success
vaXvMkPsYMUdpaVz4fo5Yg1h2LdnkxzxkZYmMdXFaDVjsaqmcJjhuZmw7NFzkx92Qnk9KL8hPceHVEj6a9YEiGk,2026-02-17T09:31:08.000Z,,2YM8LrJGRtsDcWeqsjX2EQwJfhArxyDdtDzgt7vrwwbV,0.002192,TOKEN,success
5hzxGRpkn4F6UAEPYZNwbqVg7MwFwFpy59tRbWH8rrP5hpExvbJ9ScyDcK5QnJZmywoAKELm9cR76g4cxURvNSMg,2026-02-17T09:30:30.000Z,2qPu25VWn8Lpe6RneNNUUhTGyFFAVU4bnCC9STwq1RDs,2kim6ccZHZPvHMASSQY855aXts3e4zNZ173aC7Va4kwb,0.117882,TOKEN,success
5hzxGRpkn4F6UAEPYZNwbqVg7MwFwFpy59tRbWH8rrP5hpExvbJ9ScyDcK5QnJZmywoAKELm9cR76g4cxURvNSMg,2026-02-17T09:30:30.000Z,2kim6ccZHZPvHMASSQY855aXts3e4zNZ173aC7Va4kwb,2qPu25VWn8Lpe6RneNNUUhTGyFFAVU4bnCC9STwq1RDs,226.841037839,TOKEN,success
5hzxGRpkn4F6UAEPYZNwbqVg7MwFwFpy59tRbWH8rrP5hpExvbJ9ScyDcK5QnJZmywoAKELm9cR76g4cxURvNSMg,2026-02-17T09:30:30.000Z,2qPu25VWn8Lpe6RneNNUUhTGyFFAVU4bnCC9STwq1RDs,GGztQqQ6pCPaJQnNpXBgELr5cs3WwDakRbh1iEMzjgSJ,226.841037839,TOKEN,success
5hzxGRpkn4F6UAEPYZNwbqVg7MwFwFpy59tRbWH8rrP5hpExvbJ9ScyDcK5QnJZmywoAKELm9cR76g4cxURvNSMg,2026-02-17T09:30:30.000Z,GGztQqQ6pCPaJQnNpXBgELr5cs3WwDakRbh1iEMzjgSJ,AB4rTE2JiKFhnfynUQCovbW75CUxT9LxcJX2SDTbY9gy,226.840421211,TOKEN,success
5hzxGRpkn4F6UAEPYZNwbqVg7MwFwFpy59tRbWH8rrP5hpExvbJ9ScyDcK5QnJZmywoAKELm9cR76g4cxURvNSMg,2026-02-17T09:30:30.000Z,AB4rTE2JiKFhnfynUQCovbW75CUxT9LxcJX2SDTbY9gy,GGztQqQ6pCPaJQnNpXBgELr5cs3WwDakRbh1iEMzjgSJ,0.117548,TOKEN,success
5hzxGRpkn4F6UAEPYZNwbqVg7MwFwFpy59tRbWH8rrP5hpExvbJ9ScyDcK5QnJZmywoAKELm9cR76g4cxURvNSMg,2026-02-17T09:30:30.000Z,GGztQqQ6pCPaJQnNpXBgELr5cs3WwDakRbh1iEMzjgSJ,41D2v9b7XJYremti4iGZ36U9fR3ZhmeJpvjarLP62XqG,0.117548,TOKEN,success
5hzxGRpkn4F6UAEPYZNwbqVg7MwFwFpy59tRbWH8rrP5hpExvbJ9ScyDcK5QnJZmywoAKELm9cR76g4cxURvNSMg,2026-02-17T09:30:30.000Z,41D2v9b7XJYremti4iGZ36U9fR3ZhmeJpvjarLP62XqG,GGztQqQ6pCPaJQnNpXBgELr5cs3WwDakRbh1iEMzjgSJ,16.586425,TOKEN,success
5hzxGRpkn4F6UAEPYZNwbqVg7MwFwFpy59tRbWH8rrP5hpExvbJ9ScyDcK5QnJZmywoAKELm9cR76g4cxURvNSMg,2026-02-17T09:30:30.000Z,GGztQqQ6pCPaJQnNpXBgELr5cs3WwDakRbh1iEMzjgSJ,2qPu25VWn8Lpe6RneNNUUhTGyFFAVU4bnCC9STwq1RDs,16.586425,TOKEN,success
5hzxGRpkn4F6UAEPYZNwbqVg7MwFwFpy59tRbWH8rrP5hpExvbJ9ScyDcK5QnJZmywoAKELm9cR76g4cxURvNSMg,2026-02-17T09:30:30.000Z,,2YM8LrJGRtsDcWeqsjX2EQwJfhArxyDdtDzgt7vrwwbV,0.000058,TOKEN,success
5hzxGRpkn4F6UAEPYZNwbqVg7MwFwFpy59tRbWH8rrP5hpExvbJ9ScyDcK5QnJZmywoAKELm9cR76g4cxURvNSMg,2026-02-17T09:30:30.000Z,2qPu25VWn8Lpe6RneNNUUhTGyFFAVU4bnCC9STwq1RDs,2kim6ccZHZPvHMASSQY855aXts3e4zNZ173aC7Va4kwb,16.584766,TOKEN,success
5hzxGRpkn4F6UAEPYZNwbqVg7MwFwFpy59tRbWH8rrP5hpExvbJ9ScyDcK5QnJZmywoAKELm9cR76g4cxURvNSMg,2026-02-17T09:30:30.000Z,2kim6ccZHZPvHMASSQY855aXts3e4zNZ173aC7Va4kwb,2qPu25VWn8Lpe6RneNNUUhTGyFFAVU4bnCC9STwq1RDs,0.119673,TOKEN,success
2qwdFsbK83BJAXMrTCVhub12BKW2bQfRBGoK1pGDpm4jddkPrVbuv2uvgve6bxjvqxvERGc3RhP2GUxArcc2GfYe,2026-02-17T09:29:56.000Z,gtagyESa99t49VmUqnnfsuowYnigSNKuYXdXWyXWNdd,6oFWm7KPLfxnwMb3z5xwBoXNSPP3JJyirAPqPSiVcnsp,0.213311081,TOKEN,success
2qwdFsbK83BJAXMrTCVhub12BKW2bQfRBGoK1pGDpm4jddkPrVbuv2uvgve6bxjvqxvERGc3RhP2GUxArcc2GfYe,2026-02-17T09:29:56.000Z,6oFWm7KPLfxnwMb3z5xwBoXNSPP3JJyirAPqPSiVcnsp,gtagyESa99t49VmUqnnfsuowYnigSNKuYXdXWyXWNdd,2824837.14638,TOKEN,success
2qwdFsbK83BJAXMrTCVhub12BKW2bQfRBGoK1pGDpm4jddkPrVbuv2uvgve6bxjvqxvERGc3RhP2GUxArcc2GfYe,2026-02-17T09:29:56.000Z,gtagyESa99t49VmUqnnfsuowYnigSNKuYXdXWyXWNdd,5vsG9P1N5XmtYNHorhDXPbrBD4GG6YuuvvaA19KftHM5,2824837.14638,TOKEN,success
2qwdFsbK83BJAXMrTCVhub12BKW2bQfRBGoK1pGDpm4jddkPrVbuv2uvgve6bxjvqxvERGc3RhP2GUxArcc2GfYe,2026-02-17T09:29:56.000Z,5vsG9P1N5XmtYNHorhDXPbrBD4GG6YuuvvaA19KftHM5,gtagyESa99t49VmUqnnfsuowYnigSNKuYXdXWyXWNdd,35483.279217739,TOKEN,success
2qwdFsbK83BJAXMrTCVhub12BKW2bQfRBGoK1pGDpm4jddkPrVbuv2uvgve6bxjvqxvERGc3RhP2GUxArcc2GfYe,2026-02-17T09:29:56.000Z,gtagyESa99t49VmUqnnfsuowYnigSNKuYXdXWyXWNdd,5Q544fKrFoe6tsEbD7S8EmxGTJYAKtTVhAW5Q5pge4j1,35483.279217739,TOKEN,success
2qwdFsbK83BJAXMrTCVhub12BKW2bQfRBGoK1pGDpm4jddkPrVbuv2uvgve6bxjvqxvERGc3RhP2GUxArcc2GfYe,2026-02-17T09:29:56.000Z,5Q544fKrFoe6tsEbD7S8EmxGTJYAKtTVhAW5Q5pge4j1,gtagyESa99t49VmUqnnfsuowYnigSNKuYXdXWyXWNdd,25.621559,TOKEN,success
2qwdFsbK83BJAXMrTCVhub12BKW2bQfRBGoK1pGDpm4jddkPrVbuv2uvgve6bxjvqxvERGc3RhP2GUxArcc2GfYe,2026-02-17T09:29:56.000Z,gtagyESa99t49VmUqnnfsuowYnigSNKuYXdXWyXWNdd,2AXXcN6oN9bBT5owwmTH53C7QHUXvhLeu718Kqt8rvY2,25.621559,TOKEN,success
2qwdFsbK83BJAXMrTCVhub12BKW2bQfRBGoK1pGDpm4jddkPrVbuv2uvgve6bxjvqxvERGc3RhP2GUxArcc2GfYe,2026-02-17T09:29:56.000Z,2AXXcN6oN9bBT5owwmTH53C7QHUXvhLeu718Kqt8rvY2,gtagyESa99t49VmUqnnfsuowYnigSNKuYXdXWyXWNdd,0.213832601,TOKEN,success
4LkdSPybmUjMd6SFNx7mRQFfQczPCAMcyKaw5nXMR2CsadLLJVDRDijr9UDZSwZgFjQwfD1vcmNXKAoZdWWKwFPk,2026-02-17T09:29:56.000Z,SUPErMoycPz71hmZXr78P7cXFYQhdpV39Roeoe2DxUC,3AVi9Tg9Uo68tJfuvoKvqKNWKkC5wPdSSdeBnizKZ6jT,0.000005482,SOL,success
4LkdSPybmUjMd6SFNx7mRQFfQczPCAMcyKaw5nXMR2CsadLLJVDRDijr9UDZSwZgFjQwfD1vcmNXKAoZdWWKwFPk,2026-02-17T09:29:56.000Z,SUPErMoycPz71hmZXr78P7cXFYQhdpV39Roeoe2DxUC,7BZzoP3QB2zK3R7WqRzjS5fpeeErgdy3HGzxXrN97aEY,0.006004571,TOKEN,success
4LkdSPybmUjMd6SFNx7mRQFfQczPCAMcyKaw5nXMR2CsadLLJVDRDijr9UDZSwZgFjQwfD1vcmNXKAoZdWWKwFPk,2026-02-17T09:29:56.000Z,7BZzoP3QB2zK3R7WqRzjS5fpeeErgdy3HGzxXrN97aEY,SUPErMoycPz71hmZXr78P7cXFYQhdpV39Roeoe2DxUC,60431.15711,TOKEN,success
4LkdSPybmUjMd6SFNx7mRQFfQczPCAMcyKaw5nXMR2CsadLLJVDRDijr9UDZSwZgFjQwfD1vcmNXKAoZdWWKwFPk,2026-02-17T09:29:56.000Z,SUPErMoycPz71hmZXr78P7cXFYQhdpV39Roeoe2DxUC,F662n6Ac6EPcMzc6Ra5DMhoXo9U3utVX9fNUiGWnBXvA,60431.15711,TOKEN,success
4LkdSPybmUjMd6SFNx7mRQFfQczPCAMcyKaw5nXMR2CsadLLJVDRDijr9UDZSwZgFjQwfD1vcmNXKAoZdWWKwFPk,2026-02-17T09:29:56.000Z,F662n6Ac6EPcMzc6Ra5DMhoXo9U3utVX9fNUiGWnBXvA,SUPErMoycPz71hmZXr78P7cXFYQhdpV39Roeoe2DxUC,1002.526040047,TOKEN,success
4LkdSPybmUjMd6SFNx7mRQFfQczPCAMcyKaw5nXMR2CsadLLJVDRDijr9UDZSwZgFjQwfD1vcmNXKAoZdWWKwFPk,2026-02-17T09:29:56.000Z,SUPErMoycPz71hmZXr78P7cXFYQhdpV39Roeoe2DxUC,3uZcofBKVBYFrQ7jVjTFLEMWAQiZcih4AES5tKBqdo7m,1002.525906256,TOKEN,success
4LkdSPybmUjMd6SFNx7mRQFfQczPCAMcyKaw5nXMR2CsadLLJVDRDijr9UDZSwZgFjQwfD1vcmNXKAoZdWWKwFPk,2026-02-17T09:29:56.000Z,3uZcofBKVBYFrQ7jVjTFLEMWAQiZcih4AES5tKBqdo7m,SUPErMoycPz71hmZXr78P7cXFYQhdpV39Roeoe2DxUC,0.006020536,TOKEN,success
4LkdSPybmUjMd6SFNx7mRQFfQczPCAMcyKaw5nXMR2CsadLLJVDRDijr9UDZSwZgFjQwfD1vcmNXKAoZdWWKwFPk,2026-02-17T09:29:56.000Z,,2YM8LrJGRtsDcWeqsjX2EQwJfhArxyDdtDzgt7vrwwbV,0.0002,TOKEN,success
5iu2TQWozk6vJBC6tvhWu3WEEMGLTqeBKctogCciprZJqgYA3ABs6oNEuTMQUPNu8qHtT6V2KSM3vAPpNe3F3prW,2026-02-17T09:29:56.000Z,SHARKRdGLNYRZrhotqvZi3XAtT62CRGCFxmg5LJgSHC,ADuUkR4vqLUMWXxW9gh6D6L8pMSawimctcNZ5pGwDcEt,0.000009737,SOL,success
5iu2TQWozk6vJBC6tvhWu3WEEMGLTqeBKctogCciprZJqgYA3ABs6oNEuTMQUPNu8qHtT6V2KSM3vAPpNe3F3prW,2026-02-17T09:29:56.000Z,SHARKRdGLNYRZrhotqvZi3XAtT62CRGCFxmg5LJgSHC,B8YSQYWmHR8CpQzY8KUW1qrgUwgAU7zGRA8uSptwZcvw,56963.95845,TOKEN,success
5iu2TQWozk6vJBC6tvhWu3WEEMGLTqeBKctogCciprZJqgYA3ABs6oNEuTMQUPNu8qHtT6V2KSM3vAPpNe3F3prW,2026-02-17T09:29:56.000Z,B8YSQYWmHR8CpQzY8KUW1qrgUwgAU7zGRA8uSptwZcvw,SHARKRdGLNYRZrhotqvZi3XAtT62CRGCFxmg5LJgSHC,718.372109782,TOKEN,success
5iu2TQWozk6vJBC6tvhWu3WEEMGLTqeBKctogCciprZJqgYA3ABs6oNEuTMQUPNu8qHtT6V2KSM3vAPpNe3F3prW,2026-02-17T09:29:56.000Z,SHARKRdGLNYRZrhotqvZi3XAtT62CRGCFxmg5LJgSHC,5kvevQLxLj91fqFm6DKxTrLgeVVACBrs7ETd2PiLoyBy,0.369399,TOKEN,success
5iu2TQWozk6vJBC6tvhWu3WEEMGLTqeBKctogCciprZJqgYA3ABs6oNEuTMQUPNu8qHtT6V2KSM3vAPpNe3F3prW,2026-02-17T09:29:56.000Z,2aXKbrrzC36LMLYqY4jMXsqZbS9GupDkFjJwMB1qXEf7,SHARKRdGLNYRZrhotqvZi3XAtT62CRGCFxmg5LJgSHC,56963.95845,TOKEN,success
5iu2TQWozk6vJBC6tvhWu3WEEMGLTqeBKctogCciprZJqgYA3ABs6oNEuTMQUPNu8qHtT6V2KSM3vAPpNe3F3prW,2026-02-17T09:29:56.000Z,SHARKRdGLNYRZrhotqvZi3XAtT62CRGCFxmg5LJgSHC,5Q544fKrFoe6tsEbD7S8EmxGTJYAKtTVhAW5Q5pge4j1,718.372109782,TOKEN,success
5iu2TQWozk6vJBC6tvhWu3WEEMGLTqeBKctogCciprZJqgYA3ABs6oNEuTMQUPNu8qHtT6V2KSM3vAPpNe3F3prW,2026-02-17T09:29:56.000Z,5Q544fKrFoe6tsEbD7S8EmxGTJYAKtTVhAW5Q5pge4j1,SHARKRdGLNYRZrhotqvZi3XAtT62CRGCFxmg5LJgSHC,0.371169,TOKEN,success